Index,KernelName,gpu-id,queue-id,queue-index,pid,tid,grd,wgr,lds,scr,arch_vgpr,accum_vgpr,sgpr,wave_size,sig,obj,VALUBusy,VALUUtilization,SQ_WAVES,LDSBankConflict,MemUnitStalled,SQ_WAIT_INST_LDS,SQ_INSTS_VMEM_RD,SQ_INSTS_VALU,SQ_INSTS_LDS,DispatchNs,BeginNs,EndNs,CompleteNs
101105,"void miso::kernels::embed_q4k_kernel<2048u, 256>(miso::kernels::EmbedParams, unsigned int) [clone .kd]",1,1,101407,1059749,1059749,256,256,0,0,24,0,32,64,0x0,0x708db8461740,0.0481111903,100.0000000000,4,0.0000000000,0.2099086420,0,128,972,0,37424025852548,37424025609672,37424044264767,37424045549635
101106,"void miso::kernels::add_rmsnorm_kernel<2048u, 512>(miso::kernels::AddRmsNormParams, unsigned int) [clone .kd]",1,1,101408,1059749,1059749,512,512,512,0,28,0,32,64,0x0,0x708db8461680,0.0332993305,98.6135563380,8,0.0000000000,0.2163112178,34,64,544,24,37424044164487,37424044264767,37424044592768,37424053946527
101107,"void miso::kernels::q6k_gemv_kernel<2048u, 256, 2>(miso::kernels::Q6kGemvParams) [clone .kd]",1,1,101409,1059749,1059749,122880,256,0,0,60,0,32,64,0x0,0x708db844b000,22.7294332206,97.7548106005,1920,0.0000000000,16.8764402654,0,48128,1430784,0,37424044563957,37424044592768,37424044905889,37424053831327
101108,"void miso::kernels::q4k_gemv_kernel<(miso::kernels::ActFormat)1, 2048u, 256, 4>(miso::kernels::Q4kGemvParams) [clone .kd]",1,1,101410,1059749,1059749,61440,256,0,0,72,0,48,64,0x0,0x708db844af40,12.1093123472,96.7263834227,960,0.0000000000,9.7418522561,0,16000,496080,0,37424044822348,37424044905889,37424045050850,37424053711881
101109,"void miso::kernels::deltanet_step_kernel<256>(miso::kernels::DeltaNetStepParams) [clone .kd]",1,1,101411,1059749,1059749,8192,256,3072,0,184,0,64,64,0x0,0x708db8121400,2.3470313852,99.7167266187,128,0.0000000000,1.1363457389,966,9536,84096,7616,37424044998914,37424045050850,37424045221730,37424053521406
101110,"void miso::kernels::q4k_gemv_kernel<(miso::kernels::ActFormat)1, 4096u, 256, 4>(miso::kernels::Q4kGemvParams) [clone .kd]",1,1,101412,1059749,1059749,61440,256,0,0,112,0,48,64,0x0,0x708db844afc0,9.4155248869,97.3191588723,960,0.0000000000,2.7339731565,0,16384,451392,0,37424045172642,37424045221730,37424045413411,37424053401798
101111,"void miso::kernels::add_rmsnorm_kernel<2048u, 512>(miso::kernels::AddRmsNormParams, unsigned int) [clone .kd]",1,1,101413,1059749,1059749,512,512,512,0,28,0,32,64,0x0,0x708db8461680,0.0248264091,98.7695312500,8,0.0000000000,0.3350755122,27,96,616,24,37424045348271,37424045413411,37424045554851,37424053282594
101112,"void miso::kernels::moe_router_kernel<256>(miso::kernels::MoeRouterParams) [clone .kd]",1,1,101414,1059749,1059749,16640,256,0,0,36,0,32,64,0x0,0x708daf3e3580,1.8230926459,94.2115461618,260,0.0000000000,0.4865313872,0,3084,25709,0,37424045523701,37424045554851,37424045716132,37424053165141
101113,"void miso::kernels::moe_gate_up_kernel<256>(miso::kernels::MoeGateUpParams) [clone .kd]",1,1,101415,1059749,1059749,30720,256,512,0,64,0,48,64,0x0,0x708daf3e35c0,29.7283575721,83.4189264810,480,0.0000000000,1.5080298915,836,23712,1256456,10593,37424045690581,37424045716132,37424045874212,37424053041362
101114,"void miso::kernels::moe_down_kernel<(miso::kernels::QType)1, 256>(miso::kernels::MoeDownParams) [clone .kd]",1,1,101416,1059749,1059749,30720,256,18944,0,108,0,32,64,0x0,0x708daf3e3640,28.3280015768,98.5072471719,480,6.9863699077,0.5938957601,302796,33456,1113176,21840,37424045815585,37424045874212,37424046001253,37424052925831
101115,"void miso::kernels::add_rmsnorm_kernel<2048u, 512>(miso::kernels::AddRmsNormParams, unsigned int) [clone .kd]",1,1,101417,1059749,1059749,512,512,512,0,28,0,32,64,0x0,0x708db8461680,0.0454055281,98.7695312500,8,0.0000000000,0.4386330486,22,96,616,24,37424045947888,37424046001253,37424046099973,37424052807635
101116,"void miso::kernels::q6k_gemv_kernel<2048u, 256, 2>(miso::kernels::Q6kGemvParams) [clone .kd]",1,1,101418,1059749,1059749,122880,256,0,0,60,0,32,64,0x0,0x708db844b000,39.9141916929,97.7441098202,1920,0.0000000000,11.0943462199,0,48128,1430784,0,37424046074363,37424046099973,37424046254373,37424052688542
101117,"void miso::kernels::q4k_gemv_kernel<(miso::kernels::ActFormat)1, 2048u, 256, 4>(miso::kernels::Q4kGemvParams) [clone .kd]",1,1,101419,1059749,1059749,61440,256,0,0,72,0,48,64,0x0,0x708db844af40,16.6640407385,96.7225246394,960,0.0000000000,4.4102369873,0,16000,496080,0,37424046205163,37424046254373,37424046364774,37424052568721
101118,"void miso::kernels::deltanet_step_kernel<256>(miso::kernels::DeltaNetStepParams) [clone .kd]",1,1,101420,1059749,1059749,8192,256,3072,0,184,0,64,64,0x0,0x708db8121400,3.4140013969,99.7167266187,128,0.0000000000,3.6950222620,1121,9536,84096,7616,37424046325246,37424046364774,37424046488294,37424052450150
101119,"void miso::kernels::q4k_gemv_kernel<(miso::kernels::ActFormat)1, 4096u, 256, 4>(miso::kernels::Q4kGemvParams) [clone .kd]",1,1,101421,1059749,1059749,61440,256,0,0,112,0,48,64,0x0,0x708db844afc0,13.5674108611,97.3213026928,960,0.0000000000,1.2623450592,0,16384,451392,0,37424046453612,37424046488294,37424046628134,37424052328773
101120,"void miso::kernels::add_rmsnorm_kernel<2048u, 512>(miso::kernels::AddRmsNormParams, unsigned int) [clone .kd]",1,1,101422,1059749,1059749,512,512,512,0,28,0,32,64,0x0,0x708db8461680,0.0466751265,98.7695312500,8,0.0000000000,0.4160629269,20,96,616,24,37424046585022,37424046628134,37424046730055,37424052208408
101121,"void miso::kernels::moe_router_kernel<256>(miso::kernels::MoeRouterParams) [clone .kd]",1,1,101423,1059749,1059749,16640,256,0,0,36,0,32,64,0x0,0x708daf3e3580,1.7536010914,94.2115461618,260,0.0000000000,0.4609956727,0,3084,25709,0,37424046704369,37424046730055,37424046895495,37424052086023
101122,"void miso::kernels::moe_gate_up_kernel<256>(miso::kernels::MoeGateUpParams) [clone .kd]",1,1,101424,1059749,1059749,30720,256,512,0,64,0,48,64,0x0,0x708daf3e35c0,27.4206553547,83.4057212609,480,0.0000000000,1.2646941429,777,23712,1256456,10593,37424046868689,37424046895495,37424047143176,37424051958091
101123,"void miso::kernels::moe_down_kernel<(miso::kernels::QType)1, 256>(miso::kernels::MoeDownParams) [clone .kd]",1,1,101425,1059749,1059749,30720,256,18944,0,108,0,32,64,0x0,0x708daf3e3640,25.6432427487,98.5105863410,480,6.3244578644,0.5269256613,304026,33456,1113176,21840,37424047081425,37424047143176,37424047402377,37424051833604
101124,"void miso::kernels::add_rmsnorm_kernel<2048u, 512>(miso::kernels::AddRmsNormParams, unsigned int) [clone .kd]",1,1,101426,1059749,1059749,512,512,512,0,28,0,32,64,0x0,0x708db8461680,0.0457345396,98.7695312500,8,0.0000000000,1.0663850582,19,96,616,24,37424047347293,37424047402377,37424047566217,37424051706009
101125,"void miso::kernels::q6k_gemv_kernel<2048u, 256, 2>(miso::kernels::Q6kGemvParams) [clone .kd]",1,1,101427,1059749,1059749,122880,256,0,0,60,0,32,64,0x0,0x708db844b000,36.8443273654,97.7421460074,1920,0.0000000000,10.8823993064,0,48128,1430784,0,37424047536349,37424047566217,37424047729578,37424051705053
101126,"void miso::kernels::q4k_gemv_kernel<(miso::kernels::ActFormat)1, 2048u, 256, 4>(miso::kernels::Q4kGemvParams) [clone .kd]",1,1,101428,1059749,1059749,61440,256,0,0,72,0,48,64,0x0,0x708db844af40,16.4876571226,96.7232963714,960,0.0000000000,5.3512181715,0,16000,496080,0,37424047674452,37424047729578,37424047868138,37424065463592
101127,"void miso::kernels::deltanet_step_kernel<256>(miso::kernels::DeltaNetStepParams) [clone .kd]",1,1,101429,1059749,1059749,8192,256,3072,0,184,0,64,64,0x0,0x708db8121400,3.3984291434,99.7167266187,128,0.0000000000,2.2850720040,995,9536,84096,7616,37424047828832,37424047868138,37424047992458,37424065346540
101128,"void miso::kernels::q4k_gemv_kernel<(miso::kernels::ActFormat)1, 4096u, 256, 4>(miso::kernels::Q4kGemvParams) [clone .kd]",1,1,101430,1059749,1059749,61440,256,0,0,112,0,48,64,0x0,0x708db844afc0,13.6733655022,97.3210883065,960,0.0000000000,1.2077383694,0,16384,451392,0,37424047959109,37424047992458,37424048134859,37424065231683
101129,"void miso::kernels::add_rmsnorm_kernel<2048u, 512>(miso::kernels::AddRmsNormParams, unsigned int) [clone .kd]",1,1,101431,1059749,1059749,512,512,512,0,28,0,32,64,0x0,0x708db8461680,0.0447765371,98.7695312500,8,0.0000000000,0.4505879002,17,96,616,24,37424048091488,37424048134859,37424048249739,37424065113063
101130,"void miso::kernels::moe_router_kernel<256>(miso::kernels::MoeRouterParams) [clone .kd]",1,1,101432,1059749,1059749,16640,256,0,0,36,0,32,64,0x0,0x708daf3e3580,1.7144594383,94.2115461618,260,0.0000000000,0.4770053897,0,3084,25709,0,37424048217252,37424048249739,37424048384300,37424064988940
101131,"void miso::kernels::moe_gate_up_kernel<256>(miso::kernels::MoeGateUpParams) [clone .kd]",1,1,101433,1059749,1059749,30720,256,512,0,64,0,48,64,0x0,0x708daf3e35c0,29.0873967493,83.4019030825,480,0.0000000000,1.7054690200,878,23712,1256456,10593,37424048351909,37424048384300,37424048591820,37424064867888
101132,"void miso::kernels::moe_down_kernel<(miso::kernels::QType)1, 256>(miso::kernels::MoeDownParams) [clone .kd]",1,1,101434,1059749,1059749,30720,256,18944,0,108,0,32,64,0x0,0x708daf3e3640,28.0980274206,98.5099712139,480,6.9298443492,0.9768731613,303257,33456,1113176,21840,37424048531509,37424048591820,37424048713421,37424064751213
101133,"void miso::kernels::add_rmsnorm_kernel<2048u, 512>(miso::kernels::AddRmsNormParams, unsigned int) [clone .kd]",1,1,101435,1059749,1059749,512,512,512,0,28,0,32,64,0x0,0x708db8461680,0.0441995055,98.7695312500,8,0.0000000000,0.4282948184,19,96,616,24,37424048658757,37424048713421,37424048826701,37424064636880
101134,"void miso::kernels::q4k_gemv_kernel<(miso::kernels::ActFormat)1, 2048u, 256, 4>(miso::kernels::Q4kGemvParams) [clone .kd]",1,1,101436,1059749,1059749,61440,256,0,0,72,0,48,64,0x0,0x708db844af40,24.5771001465,96.1753788414,960,0.0000000000,9.4245228456,0,25088,888000,0,37424048800779,37424048826701,37424048982861,37424064513742
101135,"void miso::kernels::q6k_gemv_kernel<2048u, 256, 1>(miso::kernels::Q6kGemvParams) [clone .kd]",1,1,101437,1059749,1059749,61440,256,0,0,60,0,32,64,0x0,0x708db844b040,9.5327956171,97.9885057471,960,0.0000000000,0.4130569872,0,6144,149312,0,37424048935218,37424048982861,37424049109102,37424064398585
101136,"void miso::kernels::attn_prep_kernel<256>(miso::kernels::AttnPrepParams) [clone .kd]",1,1,101438,1059749,1059749,4608,256,1536,0,28,0,64,64,0x0,0x708daf3b2400,0.4222774011,97.9857708255,72,0.0000000000,0.4583624913,88,170,4946,288,37424049076359,37424049109102,37424049238222,37424064275002
101137,"void miso::kernels::attn_split_kernel<256>(miso::kernels::AttnSplitParams) [clone .kd]",1,1,101439,1059749,1059749,4608,256,42496,0,96,0,32,64,0x0,0x708daf3b2440,3.0337560790,96.3814238567,72,0.5244588538,0.3221219241,4546,1136,74846,22744,37424049215149,37424049238222,37424049377743,37424064155514
101138,"void miso::kernels::attn_combine_kernel<256>(miso::kernels::AttnCombineParams) [clone .kd]",1,1,101440,1059749,1059749,4096,256,0,0,16,0,32,64,0x0,0x708daf3b2480,0.5154905259,99.4561464088,64,0.0000000000,0.2527271321,0,2368,9152,0,37424049344064,37424049377743,37424049505583,37424064037637
101139,"void miso::kernels::q4k_gemv_kernel<(miso::kernels::ActFormat)1, 4096u, 256, 4>(miso::kernels::Q4kGemvParams) [clone .kd]",1,1,101441,1059749,1059749,61440,256,0,0,112,0,48,64,0x0,0x708db844afc0,13.7192040811,97.3213026928,960,0.0000000000,1.1957564676,0,16384,451392,0,37424049477138,37424049505583,37424049653743,37424063919413
101140,"void miso::kernels::add_rmsnorm_kernel<2048u, 512>(miso::kernels::AddRmsNormParams, unsigned int) [clone .kd]",1,1,101442,1059749,1059749,512,512,512,0,28,0,32,64,0x0,0x708db8461680,0.0451575575,98.7695312500,8,0.0000000000,1.0765911217,19,96,616,24,37424049610381,37424049653743,37424049775184,37424063805503
101141,"void miso::kernels::moe_router_kernel<256>(miso::kernels::MoeRouterParams) [clone .kd]",1,1,101443,1059749,1059749,16640,256,0,0,36,0,32,64,0x0,0x708daf3e3580,1.7188421756,94.2115461618,260,0.0000000000,4.3292051822,0,3084,25709,0,37424049743525,37424049775184,37424049908144,37424063683669
101142,"void miso::kernels::moe_gate_up_kernel<256>(miso::kernels::MoeGateUpParams) [clone .kd]",1,1,101444,1059749,1059749,30720,256,512,0,64,0,48,64,0x0,0x708daf3e35c0,29.9797236373,83.4026335878,480,0.0000000000,2.2429527993,1132,23712,1256456,10593,37424049883291,37424049908144,37424050077265,37424063559786
101143,"void miso::kernels::moe_down_kernel<(miso::kernels::QType)1, 256>(miso::kernels::MoeDownParams) [clone .kd]",1,1,101445,1059749,1059749,30720,256,18944,0,108,0,32,64,0x0,0x708daf3e3640,26.7416652354,98.5095318421,480,6.5952939829,0.7425742574,303157,33456,1113176,21840,37424050011805,37424050077265,37424050204945,37424063439217
101144,"void miso::kernels::add_rmsnorm_kernel<2048u, 512>(miso::kernels::AddRmsNormParams, unsigned int) [clone .kd]",1,1,101446,1059749,1059749,512,512,512,0,28,0,32,64,0x0,0x708db8461680,0.0449425578,98.7695312500,8,0.0000000000,0.9843002576,22,96,616,24,37424050148200,37424050204945,37424050303345,37424063321545
101145,"void miso::kernels::q6k_gemv_kernel<2048u, 256, 2>(miso::kernels::Q6kGemvParams) [clone .kd]",1,1,101447,1059749,1059749,122880,256,0,0,60,0,32,64,0x0,0x708db844b000,41.4804469274,97.7411979881,1920,0.0000000000,11.7359254174,0,48128,1430784,0,37424050279006,37424050303345,37424050464786,37424063203747
101146,"void miso::kernels::q4k_gemv_kernel<(miso::kernels::ActFormat)1, 2048u, 256, 4>(miso::kernels::Q4kGemvParams) [clone .kd]",1,1,101448,1059749,1059749,61440,256,0,0,72,0,48,64,0x0,0x708db844af40,17.7008219294,96.7186661640,960,0.0000000000,5.9598638120,0,16000,496080,0,37424050409384,37424050464786,37424050590066,37424063078252
101147,"void miso::kernels::deltanet_step_kernel<256>(miso::kernels::DeltaNetStepParams) [clone .kd]",1,1,101449,1059749,1059749,8192,256,3072,0,184,0,64,64,0x0,0x708db8121400,3.4178576917,99.7167266187,128,0.0000000000,3.6340414383,1684,9536,84096,7616,37424050553066,37424050590066,37424050715187,37424062925364
101148,"void miso::kernels::q4k_gemv_kernel<(miso::kernels::ActFormat)1, 4096u, 256, 4>(miso::kernels::Q4kGemvParams) [clone .kd]",1,1,101450,1059749,1059749,61440,256,0,0,112,0,48,64,0x0,0x708db844afc0,13.8313132606,97.3213026928,960,0.0000000000,1.4564634033,0,16384,451392,0,37424050681415,37424050715187,37424050867827,37424062804627
101149,"void miso::kernels::add_rmsnorm_kernel<2048u, 512>(miso::kernels::AddRmsNormParams, unsigned int) [clone .kd]",1,1,101451,1059749,1059749,512,512,512,0,28,0,32,64,0x0,0x708db8461680,0.0429345784,98.7695312500,8,0.0000000000,0.4352545983,18,96,616,24,37424050817166,37424050867827,37424051026548,37424062691168
101150,"void miso::kernels::moe_router_kernel<256>(miso::kernels::MoeRouterParams) [clone .kd]",1,1,101452,1059749,1059749,16640,256,0,0,36,0,32,64,0x0,0x708daf3e3580,1.7323318403,94.2115461618,260,0.0000000000,0.4513987288,0,3084,25709,0,37424051004423,37424051026548,37424051180628,37424062567471
101151,"void miso::kernels::moe_gate_up_kernel<256>(miso::kernels::MoeGateUpParams) [clone .kd]",1,1,101453,1059749,1059749,30720,256,512,0,64,0,48,64,0x0,0x708daf3e35c0,29.5625070531,83.4111362883,480,0.0000000000,1.6474027656,834,23712,1256456,10593,37424051147356,37424051180628,37424051339829,37424062451892
101152,"void miso::kernels::moe_down_kernel<(miso::kernels::QType)1, 256>(miso::kernels::MoeDownParams) [clone .kd]",1,1,101454,1059749,1059749,30720,256,18944,0,108,0,32,64,0x0,0x708daf3e3640,25.6656455904,98.5070714324,480,6.3297572769,1.2647584470,303656,33456,1113176,21840,37424051279573,37424051339829,37424051469269,37424062332927
101153,"void miso::kernels::add_rmsnorm_kernel<2048u, 512>(miso::kernels::AddRmsNormParams, unsigned int) [clone .kd]",1,1,101455,1059749,1059749,512,512,512,0,28,0,32,64,0x0,0x708db8461680,0.0480675349,98.7695312500,8,0.0000000000,0.4415440725,20,96,616,24,37424051410943,37424051469269,37424051579989,37424062218050
101154,"void miso::kernels::q4k_gemv_kernel<(miso::kernels::ActFormat)1, 2048u, 256, 4>(miso::kernels::Q4kGemvParams) [clone .kd]",1,1,101456,1059749,1059749,61440,256,0,0,72,0,48,64,0x0,0x708db844af40,28.1241804717,95.9920280528,960,0.0000000000,11.3953520793,0,32384,1202640,0,37424051551699,37424051579989,37424054291037,37424062098271
101155,"void miso::kernels::deltanet_step_kernel<256>(miso::kernels::DeltaNetStepParams) [clone .kd]",1,1,101457,1059749,1059749,8192,256,3072,0,184,0,64,64,0x0,0x708db8121400,3.1272630121,99.7167266187,128,0.0000000000,2.7133355879,1637,9536,84096,7616,37424054229649,37424054291037,37424054448798,37424061949980
101156,"void miso::kernels::q4k_gemv_kernel<(miso::kernels::ActFormat)1, 4096u, 256, 4>(miso::kernels::Q4kGemvParams) [clone .kd]",1,1,101458,1059749,1059749,61440,256,0,0,112,0,48,64,0x0,0x708db844afc0,13.9540145088,97.3213026928,960,0.0000000000,1.8815953546,0,16384,451392,0,37424054412201,37424054448798,37424054573918,37424061833720
101157,"void miso::kernels::add_rmsnorm_kernel<2048u, 512>(miso::kernels::AddRmsNormParams, unsigned int) [clone .kd]",1,1,101459,1059749,1059749,512,512,512,0,28,0,32,64,0x0,0x708db8461680,0.0425628134,98.7695312500,8,0.0000000000,0.4489846357,16,96,616,24,37424054531610,37424054573918,37424054675679,37424061717493
101158,"void miso::kernels::moe_router_kernel<256>(miso::kernels::MoeRouterParams) [clone .kd]",1,1,101460,1059749,1059749,16640,256,0,0,36,0,32,64,0x0,0x708daf3e3580,1.6266562453,94.2115461618,260,0.0000000000,0.4920738416,0,3084,25709,0,37424054649182,37424054675679,37424054806719,37424061596132
101159,"void miso::kernels::moe_gate_up_kernel<256>(miso::kernels::MoeGateUpParams) [clone .kd]",1,1,101461,1059749,1059749,30720,256,512,0,64,0,48,64,0x0,0x708daf3e35c0,29.8381233515,83.4093443775,480,0.0000000000,1.4910454770,807,23712,1256456,10593,37424054778813,37424054806719,37424054964799,37424061480389
101160,"void miso::kernels::moe_down_kernel<(miso::kernels::QType)0, 256>(miso::kernels::MoeDownParams) [clone .kd]",1,1,101462,1059749,1059749,30720,256,18944,0,84,0,32,64,0x0,0x708daf3e3600,20.4205661742,97.0480876231,480,7.2970276647,0.9389953050,203314,21168,765880,21840,37424054905616,37424054964799,37424055089120,37424061362579
101161,"void miso::kernels::add_rmsnorm_kernel<2048u, 512>(miso::kernels::AddRmsNormParams, unsigned int) [clone .kd]",1,1,101463,1059749,1059749,512,512,512,0,28,0,32,64,0x0,0x708db8461680,0.0444815124,98.7695312500,8,0.0000000000,0.3946881552,16,96,616,24,37424055037430,37424055089120,37424055189920,37424061244437
101162,"void miso::kernels::q4k_gemv_kernel<(miso::kernels::ActFormat)1, 2048u, 256, 4>(miso::kernels::Q4kGemvParams) [clone .kd]",1,1,101464,1059749,1059749,61440,256,0,0,72,0,48,64,0x0,0x708db844af40,30.8600696080,95.9898218830,960,0.0000000000,9.8434493019,0,32384,1202640,0,37424055164158,37424055189920,37424055345281,37424061128867
101163,"void miso::kernels::deltanet_step_kernel<256>(miso::kernels::DeltaNetStepParams) [clone .kd]",1,1,101465,1059749,1059749,8192,256,3072,0,184,0,64,64,0x0,0x708db8121400,3.3829211159,99.7167266187,128,0.0000000000,1.7583877754,2045,9536,84096,7616,37424055289994,37424055345281,37424055449921,37424061011674
101164,"void miso::kernels::q4k_gemv_kernel<(miso::kernels::ActFormat)1, 4096u, 256, 4>(miso::kernels::Q4kGemvParams) [clone .kd]",1,1,101466,1059749,1059749,61440,256,0,0,112,0,48,64,0x0,0x708db844afc0,13.7609052824,97.3210883065,960,0.0000000000,1.1391461237,0,16384,451392,0,37424055414781,37424055449921,37424055586241,37424060884508
101165,"void miso::kernels::add_rmsnorm_kernel<2048u, 512>(miso::kernels::AddRmsNormParams, unsigned int) [clone .kd]",1,1,101467,1059749,1059749,512,512,512,0,28,0,32,64,0x0,0x708db8461680,0.0451862521,98.7695312500,8,0.0000000000,0.3660569025,16,96,616,24,37424055542831,37424055586241,37424055687042,37424060765708
101166,"void miso::kernels::moe_router_kernel<256>(miso::kernels::MoeRouterParams) [clone .kd]",1,1,101468,1059749,1059749,16640,256,0,0,36,0,32,64,0x0,0x708daf3e3580,1.7503003604,94.2115461618,260,0.0000000000,0.4586707350,0,3084,25709,0,37424055662000,37424055687042,37424055816962,37424060640079
101167,"void miso::kernels::moe_gate_up_kernel<256>(miso::kernels::MoeGateUpParams) [clone .kd]",1,1,101469,1059749,1059749,30720,256,512,0,64,0,48,64,0x0,0x708daf3e35c0,29.5279182783,83.3984345182,480,0.0000000000,1.6309154511,873,23712,1256456,10593,37424055790527,37424055816962,37424055976322,37424060524890
101168,"void miso::kernels::moe_down_kernel<(miso::kernels::QType)0, 256>(miso::kernels::MoeDownParams) [clone .kd]",1,1,101470,1059749,1059749,30720,256,18944,0,84,0,32,64,0x0,0x708daf3e3600,19.5444326564,97.0478367637,480,6.9839345256,0.8459275631,201001,21168,765880,21840,37424055916300,37424055976322,37424056093763,37424060401554
101169,"void miso::kernels::add_rmsnorm_kernel<2048u, 512>(miso::kernels::AddRmsNormParams, unsigned int) [clone .kd]",1,1,101471,1059749,1059749,512,512,512,0,28,0,32,64,0x0,0x708db8461680,0.0452456698,98.7695312500,8,0.0000000000,0.5249449008,17,96,616,24,37424056044165,37424056093763,37424056197283,37424060276207
101170,"void miso::kernels::q4k_gemv_kernel<(miso::kernels::ActFormat)1, 2048u, 256, 4>(miso::kernels::Q4kGemvParams) [clone .kd]",1,1,101472,1059749,1059749,61440,256,0,0,72,0,48,64,0x0,0x708db844af40,24.1525892732,96.1715276627,960,0.0000000000,7.9947467783,0,25088,888000,0,37424056171480,37424056197283,37424056355524,37424060275746
101171,"void miso::kernels::q6k_gemv_kernel<2048u, 256, 1>(miso::kernels::Q6kGemvParams) [clone .kd]",1,1,101473,1059749,1059749,61440,256,0,0,60,0,32,64,0x0,0x708db844b040,9.3421199806,97.9865503961,960,0.0000000000,0.3533885839,0,6144,149312,0,37424056308775,37424056355524,37424056460804,37424076847929
101172,"void miso::kernels::attn_prep_kernel<256>(miso::kernels::AttnPrepParams) [clone .kd]",1,1,101474,1059749,1059749,4608,256,1536,0,28,0,64,64,0x0,0x708daf3b2400,0.3752899904,97.9857708255,72,0.0000000000,0.8851383640,95,170,4946,288,37424056433884,37424056460804,37424056597764,37424076734220
101173,"void miso::kernels::attn_split_kernel<256>(miso::kernels::AttnSplitParams) [clone .kd]",1,1,101475,1059749,1059749,4608,256,42496,0,96,0,32,64,0x0,0x708daf3b2440,3.0824008138,96.3814238567,72,0.5328682846,0.2251674172,4992,1136,74846,22744,37424056566562,37424056597764,37424056730885,37424076617209
101174,"void miso::kernels::attn_combine_kernel<256>(miso::kernels::AttnCombineParams) [clone .kd]",1,1,101476,1059749,1059749,4096,256,0,0,16,0,32,64,0x0,0x708daf3b2480,0.6846578484,99.4561464088,64,0.0000000000,0.1327273198,0,2368,9152,0,37424056697069,37424056730885,37424056862085,37424076510469
101175,"void miso::kernels::q4k_gemv_kernel<(miso::kernels::ActFormat)1, 4096u, 256, 4>(miso::kernels::Q4kGemvParams) [clone .kd]",1,1,101477,1059749,1059749,61440,256,0,0,112,0,48,64,0x0,0x708db844afc0,14.0530851815,97.3208739211,960,0.0000000000,1.6455863513,0,16384,451392,0,37424056828075,37424056862085,37424057004645,37424076398596
101176,"void miso::kernels::add_rmsnorm_kernel<2048u, 512>(miso::kernels::AddRmsNormParams, unsigned int) [clone .kd]",1,1,101478,1059749,1059749,512,512,512,0,28,0,32,64,0x0,0x708db8461680,0.0449956410,98.7695312500,8,0.0000000000,0.9143215222,19,96,616,24,37424056962533,37424057004645,37424057268646,37424076283468
101177,"void miso::kernels::moe_router_kernel<256>(miso::kernels::MoeRouterParams) [clone .kd]",1,1,101479,1059749,1059749,16640,256,0,0,36,0,32,64,0x0,0x708daf3e3580,1.7145266957,94.2115461618,260,0.0000000000,6.4637522911,0,3084,25709,0,37424057242152,37424057268646,37424057538727,37424076170433
101178,"void miso::kernels::moe_gate_up_kernel<256>(miso::kernels::MoeGateUpParams) [clone .kd]",1,1,101480,1059749,1059749,30720,256,512,0,64,0,48,64,0x0,0x708daf3e35c0,29.3561420965,83.4034306260,480,0.0000000000,1.3791906055,641,23712,1256456,10593,37424057510063,37424057538727,37424057793448,37424076057464
101179,"void miso::kernels::moe_down_kernel<(miso::kernels::QType)1, 256>(miso::kernels::MoeDownParams) [clone .kd]",1,1,101481,1059749,1059749,30720,256,18944,0,108,0,32,64,0x0,0x708daf3e3640,25.2486126876,98.5036446380,480,6.2266904492,0.5483515437,303868,33456,1113176,21840,37424057731818,37424057793448,37424057931848,37424075946269
101180,"void miso::kernels::add_rmsnorm_kernel<2048u, 512>(miso::kernels::AddRmsNormParams, unsigned int) [clone .kd]",1,1,101482,1059749,1059749,512,512,512,0,28,0,32,64,0x0,0x708db8461680,0.0472436295,98.7695312500,8,0.0000000000,1.0171198389,15,96,616,24,37424057871238,37424057931848,37424058043529,37424075834714
101181,"void miso::kernels::q4k_gemv_kernel<(miso::kernels::ActFormat)1, 2048u, 256, 4>(miso::kernels::Q4kGemvParams) [clone .kd]",1,1,101483,1059749,1059749,61440,256,0,0,72,0,48,64,0x0,0x708db844af40,29.3471893006,95.9910825390,960,0.0000000000,10.0934312913,0,32384,1202640,0,37424058015502,37424058043529,37424058212169,37424075717764
101182,"void miso::kernels::deltanet_step_kernel<256>(miso::kernels::DeltaNetStepParams) [clone .kd]",1,1,101484,1059749,1059749,8192,256,3072,0,184,0,64,64,0x0,0x708db8121400,3.3252594121,99.7167266187,128,0.0000000000,2.5017812034,1599,9536,84096,7616,37424058151418,37424058212169,37424058319049,37424075611107
101183,"void miso::kernels::q4k_gemv_kernel<(miso::kernels::ActFormat)1, 4096u, 256, 4>(miso::kernels::Q4kGemvParams) [clone .kd]",1,1,101485,1059749,1059749,61440,256,0,0,112,0,48,64,0x0,0x708db844afc0,14.0466244608,97.3204451533,960,0.0000000000,2.2314480839,0,16384,451392,0,37424058284142,37424058319049,37424058468810,37424075501617
101184,"void miso::kernels::add_rmsnorm_kernel<2048u, 512>(miso::kernels::AddRmsNormParams, unsigned int) [clone .kd]",1,1,101486,1059749,1059749,512,512,512,0,28,0,32,64,0x0,0x708db8461680,0.0443649572,98.7695312500,8,0.0000000000,0.4860497412,15,96,616,24,37424058426704,37424058468810,37424058573450,37424075390763
101185,"void miso::kernels::moe_router_kernel<256>(miso::kernels::MoeRouterParams) [clone .kd]",1,1,101487,1059749,1059749,16640,256,0,0,36,0,32,64,0x0,0x708daf3e3580,1.7037657882,94.2115461618,260,0.0000000000,0.4996291815,0,3084,25709,0,37424058547413,37424058573450,37424058710411,37424075276819
101186,"void miso::kernels::moe_gate_up_kernel<256>(miso::kernels::MoeGateUpParams) [clone .kd]",1,1,101488,1059749,1059749,30720,256,512,0,64,0,48,64,0x0,0x708daf3e35c0,27.8381979776,83.4134543814,480,0.0000000000,2.5699769551,634,23712,1256456,10593,37424058684295,37424058710411,37424058873291,37424075167487
101187,"void miso::kernels::moe_down_kernel<(miso::kernels::QType)0, 256>(miso::kernels::MoeDownParams) [clone .kd]",1,1,101489,1059749,1059749,30720,256,18944,0,84,0,32,64,0x0,0x708daf3e3600,20.8616440720,97.0478367637,480,7.4546219303,2.3785856291,202765,21168,765880,21840,37424058813668,37424058873291,37424059000171,37424075053652
101188,"void miso::kernels::add_rmsnorm_kernel<2048u, 512>(miso::kernels::AddRmsNormParams, unsigned int) [clone .kd]",1,1,101490,1059749,1059749,512,512,512,0,28,0,32,64,0x0,0x708db8461680,0.0431412201,98.7695312500,8,0.0000000000,0.4431868890,13,96,616,24,37424058948245,37424059000171,37424059097932,37424074937130
101189,"void miso::kernels::q4k_gemv_kernel<(miso::kernels::ActFormat)1, 2048u, 256, 4>(miso::kernels::Q4kGemvParams) [clone .kd]",1,1,101491,1059749,1059749,61440,256,0,0,72,0,48,64,0x0,0x708db844af40,30.3650974058,95.9920280528,960,0.0000000000,11.6278989651,0,32384,1202640,0,37424059071495,37424059097932,37424059261612,37424074826852
101190,"void miso::kernels::deltanet_step_kernel<256>(miso::kernels::DeltaNetStepParams) [clone .kd]",1,1,101492,1059749,1059749,8192,256,3072,0,184,0,64,64,0x0,0x708db8121400,3.3736840508,99.7167266187,128,0.0000000000,1.8317577451,1455,9536,84096,7616,37424059207143,37424059261612,37424059394733,37424074715596
101191,"void miso::kernels::q4k_gemv_kernel<(miso::kernels::ActFormat)1, 4096u, 256, 4>(miso::kernels::Q4kGemvParams) [clone .kd]",1,1,101493,1059749,1059749,61440,256,0,0,112,0,48,64,0x0,0x708db844afc0,13.7274789077,97.3208739211,960,0.0000000000,1.5411758117,0,16384,451392,0,37424059353813,37424059394733,37424059515693,37424074604989
101192,"void miso::kernels::add_rmsnorm_kernel<2048u, 512>(miso::kernels::AddRmsNormParams, unsigned int) [clone .kd]",1,1,101494,1059749,1059749,512,512,512,0,28,0,32,64,0x0,0x708db8461680,0.0465082479,98.7695312500,8,0.0000000000,0.4009661836,16,96,616,24,37424059472267,37424059515693,37424059630733,37424074494763
101193,"void miso::kernels::moe_router_kernel<256>(miso::kernels::MoeRouterParams) [clone .kd]",1,1,101495,1059749,1059749,16640,256,0,0,36,0,32,64,0x0,0x708daf3e3580,1.6962934213,94.2115461618,260,0.0000000000,0.4759691176,0,3084,25709,0,37424059606453,37424059630733,37424059768334,37424074386824
101194,"void miso::kernels::moe_gate_up_kernel<256>(miso::kernels::MoeGateUpParams) [clone .kd]",1,1,101496,1059749,1059749,30720,256,512,0,64,0,48,64,0x0,0x708daf3e35c0,29.1113303821,83.4087439119,480,0.0000000000,1.6377776313,691,23712,1256456,10593,37424059740890,37424059768334,37424059948654,37424074275286
101195,"void miso::kernels::moe_down_kernel<(miso::kernels::QType)0, 256>(miso::kernels::MoeDownParams) [clone .kd]",1,1,101497,1059749,1059749,30720,256,18944,0,84,0,32,64,0x0,0x708daf3e3600,20.1316576900,97.0484639146,480,7.1938178128,0.5450240610,209630,21168,765880,21840,37424059887847,37424059948654,37424060076975,37424074163835
101196,"void miso::kernels::add_rmsnorm_kernel<2048u, 512>(miso::kernels::AddRmsNormParams, unsigned int) [clone .kd]",1,1,101498,1059749,1059749,512,512,512,0,28,0,32,64,0x0,0x708db8461680,0.0427761737,98.7695312500,8,0.0000000000,1.0207071694,15,96,616,24,37424060021921,37424060076975,37424060183215,37424074049651
101197,"void miso::kernels::q6k_gemv_kernel<2048u, 256, 2>(miso::kernels::Q6kGemvParams) [clone .kd]",1,1,101499,1059749,1059749,122880,256,0,0,60,0,32,64,0x0,0x708db844b000,35.8340533294,97.7476990613,1920,0.0000000000,11.3612092953,0,48128,1430784,0,37424060159207,37424060183215,37424065892672,37424073932747
101198,"void miso::kernels::q4k_gemv_kernel<(miso::kernels::ActFormat)1, 2048u, 256, 4>(miso::kernels::Q4kGemvParams) [clone .kd]",1,1,101500,1059749,1059749,61440,256,0,0,72,0,48,64,0x0,0x708db844af40,16.9463035072,96.7182803334,960,0.0000000000,4.8222620037,0,16000,496080,0,37424065839473,37424065892672,37424066007712,37424073822566
101199,"void miso::kernels::deltanet_step_kernel<256>(miso::kernels::DeltaNetStepParams) [clone .kd]",1,1,101501,1059749,1059749,8192,256,3072,0,184,0,64,64,0x0,0x708db8121400,3.2230482733,99.7167266187,128,0.0000000000,2.8477711583,1653,9536,84096,7616,37424065969974,37424066007712,37424066224513,37424073713682
101200,"void miso::kernels::q4k_gemv_kernel<(miso::kernels::ActFormat)1, 4096u, 256, 4>(miso::kernels::Q4kGemvParams) [clone .kd]",1,1,101502,1059749,1059749,61440,256,0,0,112,0,48,64,0x0,0x708db844afc0,13.7556210077,97.3213026928,960,0.0000000000,1.3906453327,0,16384,451392,0,37424066187659,37424066224513,37424066376354,37424073606183
101201,"void miso::kernels::add_rmsnorm_kernel<2048u, 512>(miso::kernels::AddRmsNormParams, unsigned int) [clone .kd]",1,1,101503,1059749,1059749,512,512,512,0,28,0,32,64,0x0,0x708db8461680,0.0407809553,98.7695312500,8,0.0000000000,0.4171682371,30,96,616,24,37424066333490,37424066376354,37424066491234,37424073494975
101202,"void miso::kernels::moe_router_kernel<256>(miso::kernels::MoeRouterParams) [clone .kd]",1,1,101504,1059749,1059749,16640,256,0,0,36,0,32,64,0x0,0x708daf3e3580,1.6984028291,94.2115461618,260,0.0000000000,0.4401849355,0,3084,25709,0,37424066464766,37424066491234,37424066621954,37424073382110
101203,"void miso::kernels::moe_gate_up_kernel<256>(miso::kernels::MoeGateUpParams) [clone .kd]",1,1,101505,1059749,1059749,30720,256,512,0,64,0,48,64,0x0,0x708daf3e35c0,29.0795993393,83.4073461648,480,0.0000000000,1.5517063946,806,23712,1256456,10593,37424066594841,37424066621954,37424066786115,37424073243859
101204,"void miso::kernels::moe_down_kernel<(miso::kernels::QType)1, 256>(miso::kernels::MoeDownParams) [clone .kd]",1,1,101506,1059749,1059749,30720,256,18944,0,108,0,32,64,0x0,0x708daf3e3640,27.9082336306,98.5073350418,480,6.8828511255,1.4658101723,303298,33456,1113176,21840,37424066726639,37424066786115,37424066910595,37424073075456
101205,"void miso::kernels::add_rmsnorm_kernel<2048u, 512>(miso::kernels::AddRmsNormParams, unsigned int) [clone .kd]",1,1,101507,1059749,1059749,512,512,512,0,28,0,32,64,0x0,0x708db8461680,0.0440862437,98.7695312500,8,0.0000000000,0.5067496531,19,96,616,24,37424066856223,37424066910595,37424067002115,37424072951106
101206,"void miso::kernels::q4k_gemv_kernel<(miso::kernels::ActFormat)1, 2048u, 256, 4>(miso::kernels::Q4kGemvParams) [clone .kd]",1,1,101508,1059749,1059749,61440,256,0,0,72,0,48,64,0x0,0x708db844af40,26.3314419933,96.1302823653,960,0.0000000000,8.4795877923,0,26112,932160,0,37424066977014,37424067002115,37424067152356,37424072836677
101207,"void miso::kernels::attn_prep_kernel<256>(miso::kernels::AttnPrepParams) [clone .kd]",1,1,101509,1059749,1059749,4608,256,1536,0,28,0,64,64,0x0,0x708daf3b2400,0.3744002258,97.9857708255,72,0.0000000000,0.8995332397,91,170,4946,288,37424067103934,37424067152356,37424067255076,37424072652884
101208,"void miso::kernels::attn_split_kernel<256>(miso::kernels::AttnSplitParams) [clone .kd]",1,1,101510,1059749,1059749,4608,256,42496,0,96,0,32,64,0x0,0x708daf3b2440,3.1127852653,96.3814238567,72,0.5381209794,0.2413834514,5002,1136,74846,22744,37424067230681,37424067255076,37424067384837,37424072439126
101209,"void miso::kernels::attn_combine_kernel<256>(miso::kernels::AttnCombineParams) [clone .kd]",1,1,101511,1059749,1059749,4096,256,0,0,16,0,32,64,0x0,0x708daf3b2480,0.4888630053,99.4561464088,64,0.0000000000,0.1962494549,0,2368,9152,0,37424067352099,37424067384837,37424067507237,37424072317254
101210,"void miso::kernels::q4k_gemv_kernel<(miso::kernels::ActFormat)1, 4096u, 256, 4>(miso::kernels::Q4kGemvParams) [clone .kd]",1,1,101512,1059749,1059749,61440,256,0,0,112,0,48,64,0x0,0x708db844afc0,13.6459610899,97.3213026928,960,0.0000000000,2.2739036536,0,16384,451392,0,37424067478604,37424067507237,37424067640677,37424072198144
101211,"void miso::kernels::add_rmsnorm_kernel<2048u, 512>(miso::kernels::AddRmsNormParams, unsigned int) [clone .kd]",1,1,101513,1059749,1059749,512,512,512,0,28,0,32,64,0x0,0x708db8461680,0.0449141718,98.7695312500,8,0.0000000000,1.0029996250,24,96,616,24,37424067598668,37424067640677,37424067743398,37424072068259
101212,"void miso::kernels::moe_router_kernel<256>(miso::kernels::MoeRouterParams) [clone .kd]",1,1,101514,1059749,1059749,16640,256,0,0,36,0,32,64,0x0,0x708daf3e3580,1.6812201877,94.2115461618,260,0.0000000000,0.4493697399,0,3084,25709,0,37424067718492,37424067743398,37424067870118,37424072067617
101213,"void miso::kernels::moe_gate_up_kernel<256>(miso::kernels::MoeGateUpParams) [clone .kd]",1,1,101515,1059749,1059749,30720,256,512,0,64,0,48,64,0x0,0x708daf3e35c0,29.7195110331,83.4047681755,480,0.0000000000,1.9639636182,581,23712,1256456,10593,37424067844087,37424067870118,37424068053159,37424087629930
101214,"void miso::kernels::moe_down_kernel<(miso::kernels::QType)0, 256>(miso::kernels::MoeDownParams) [clone .kd]",1,1,101516,1059749,1059749,30720,256,18944,0,84,0,32,64,0x0,0x708daf3e3600,19.9135472646,97.0493419395,480,7.1159429242,0.5298658473,206891,21168,765880,21840,37424067994539,37424068053159,37424068173479,37424087520328
101215,"void miso::kernels::add_rmsnorm_kernel<2048u, 512>(miso::kernels::AddRmsNormParams, unsigned int) [clone .kd]",1,1,101517,1059749,1059749,512,512,512,0,28,0,32,64,0x0,0x708db8461680,0.0432111269,98.7695312500,8,0.0000000000,1.6329036219,18,96,616,24,37424068122691,37424068173479,37424068278279,37424087414100
101216,"void miso::kernels::q4k_gemv_kernel<(miso::kernels::ActFormat)1, 2048u, 256, 4>(miso::kernels::Q4kGemvParams) [clone .kd]",1,1,101518,1059749,1059749,61440,256,0,0,72,0,48,64,0x0,0x708db844af40,30.7766190722,95.9918704659,960,0.0000000000,11.3803786575,0,32384,1202640,0,37424068253104,37424068278279,37424068449160,37424087307398
101217,"void miso::kernels::deltanet_step_kernel<256>(miso::kernels::DeltaNetStepParams) [clone .kd]",1,1,101519,1059749,1059749,8192,256,3072,0,184,0,64,64,0x0,0x708db8121400,3.4053760230,99.7167266187,128,0.0000000000,2.7585683626,1642,9536,84096,7616,37424068395155,37424068449160,37424068554600,37424087196932
101218,"void miso::kernels::q4k_gemv_kernel<(miso::kernels::ActFormat)1, 4096u, 256, 4>(miso::kernels::Q4kGemvParams) [clone .kd]",1,1,101520,1059749,1059749,61440,256,0,0,112,0,48,64,0x0,0x708db844afc0,14.1234521809,97.3204451533,960,0.0000000000,1.9610060252,0,16384,451392,0,37424068519728,37424068554600,37424068699081,37424087087564
101219,"void miso::kernels::add_rmsnorm_kernel<2048u, 512>(miso::kernels::AddRmsNormParams, unsigned int) [clone .kd]",1,1,101521,1059749,1059749,512,512,512,0,28,0,32,64,0x0,0x708db8461680,0.0452341574,98.7695312500,8,0.0000000000,0.4777605107,18,96,616,24,37424068656040,37424068699081,37424068811881,37424086979554
101220,"void miso::kernels::moe_router_kernel<256>(miso::kernels::MoeRouterParams) [clone .kd]",1,1,101522,1059749,1059749,16640,256,0,0,36,0,32,64,0x0,0x708daf3e3580,1.7383263066,94.2115461618,260,0.0000000000,0.4321448572,0,3084,25709,0,37424068786335,37424068811881,37424068937161,37424086872984
101221,"void miso::kernels::moe_gate_up_kernel<256>(miso::kernels::MoeGateUpParams) [clone .kd]",1,1,101523,1059749,1059749,30720,256,512,0,64,0,48,64,0x0,0x708daf3e35c0,29.6597927874,83.3995488515,480,0.0000000000,1.8572699035,668,23712,1256456,10593,37424068910178,37424068937161,37424069099882,37424086759978
101222,"void miso::kernels::moe_down_kernel<(miso::kernels::QType)0, 256>(miso::kernels::MoeDownParams) [clone .kd]",1,1,101524,1059749,1059749,30720,256,18944,0,84,0,32,64,0x0,0x708daf3e3600,20.8437454540,97.0479621932,480,7.4482357315,0.6196654402,200774,21168,765880,21840,37424069039941,37424069099882,37424069214122,37424086650042
101223,"void miso::kernels::add_rmsnorm_kernel<2048u, 512>(miso::kernels::AddRmsNormParams, unsigned int) [clone .kd]",1,1,101525,1059749,1059749,512,512,512,0,28,0,32,64,0x0,0x708db8461680,0.0443741853,98.7695312500,8,0.0000000000,1.0189912191,17,96,616,24,37424069162796,37424069214122,37424069312682,37424086542007
101224,"void miso::kernels::q6k_gemv_kernel<2048u, 256, 2>(miso::kernels::Q6kGemvParams) [clone .kd]",1,1,101526,1059749,1059749,122880,256,0,0,60,0,32,64,0x0,0x708db844b000,39.2653979446,97.7390988679,1920,0.0000000000,12.5032610531,0,48128,1430784,0,37424069286697,37424069312682,37424069459723,37424086430007
101225,"void miso::kernels::q4k_gemv_kernel<(miso::kernels::ActFormat)1, 2048u, 256, 4>(miso::kernels::Q4kGemvParams) [clone .kd]",1,1,101527,1059749,1059749,61440,256,0,0,72,0,48,64,0x0,0x708db844af40,17.7879845869,96.7221387780,960,0.0000000000,4.7976415190,0,16000,496080,0,37424069410015,37424069459723,37424069569643,37424086320105
101226,"void miso::kernels::deltanet_step_kernel<256>(miso::kernels::DeltaNetStepParams) [clone .kd]",1,1,101528,1059749,1059749,8192,256,3072,0,184,0,64,64,0x0,0x708db8121400,3.3529323082,99.7167266187,128,0.0000000000,2.2844658627,1727,9536,84096,7616,37424069533099,37424069569643,37424069692043,37424086210003
101227,"void miso::kernels::q4k_gemv_kernel<(miso::kernels::ActFormat)1, 4096u, 256, 4>(miso::kernels::Q4kGemvParams) [clone .kd]",1,1,101529,1059749,1059749,61440,256,0,0,112,0,48,64,0x0,0x708db844afc0,13.8455180407,97.3210883065,960,0.0000000000,1.7572340465,0,16384,451392,0,37424069656627,37424069692043,37424069822764,37424086097937
101228,"void miso::kernels::add_rmsnorm_kernel<2048u, 512>(miso::kernels::AddRmsNormParams, unsigned int) [clone .kd]",1,1,101530,1059749,1059749,512,512,512,0,28,0,32,64,0x0,0x708db8461680,0.0445409498,98.7695312500,8,0.0000000000,0.4685971434,21,96,616,24,37424069780343,37424069822764,37424069926764,37424085987009
101229,"void miso::kernels::moe_router_kernel<256>(miso::kernels::MoeRouterParams) [clone .kd]",1,1,101531,1059749,1059749,16640,256,0,0,36,0,32,64,0x0,0x708daf3e3580,1.7144594383,94.2115461618,260,0.0000000000,0.5083392850,0,3084,25709,0,37424069901086,37424069926764,37424070054125,37424085874378
101230,"void miso::kernels::moe_gate_up_kernel<256>(miso::kernels::MoeGateUpParams) [clone .kd]",1,1,101532,1059749,1059749,30720,256,512,0,64,0,48,64,0x0,0x708daf3e35c0,29.7124950665,83.4154572334,480,0.0000000000,1.3503489557,788,23712,1256456,10593,37424070027142,37424070054125,37424070214925,37424085767218
101231,"void miso::kernels::moe_down_kernel<(miso::kernels::QType)1, 256>(miso::kernels::MoeDownParams) [clone .kd]",1,1,101533,1059749,1059749,30720,256,18944,0,108,0,32,64,0x0,0x708daf3e3640,27.3772821850,98.5093560945,480,6.7520440758,0.8709853021,302897,33456,1113176,21840,37424070154542,37424070214925,37424070333325,37424085657426
101232,"void miso::kernels::add_rmsnorm_kernel<2048u, 512>(miso::kernels::AddRmsNormParams, unsigned int) [clone .kd]",1,1,101534,1059749,1059749,512,512,512,0,28,0,32,64,0x0,0x708db8461680,0.0454519630,98.7695312500,8,0.0000000000,0.4952303633,20,96,616,24,37424070277223,37424070333325,37424070427086,37424085545561
101233,"void miso::kernels::q4k_gemv_kernel<(miso::kernels::ActFormat)1, 2048u, 256, 4>(miso::kernels::Q4kGemvParams) [clone .kd]",1,1,101535,1059749,1059749,61440,256,0,0,72,0,48,64,0x0,0x708db844af40,27.2376481109,95.9866703876,960,0.0000000000,10.4140080330,0,32384,1202640,0,37424070400804,37424070427086,37424070588206,37424085438182
101234,"void miso::kernels::deltanet_step_kernel<256>(miso::kernels::DeltaNetStepParams) [clone .kd]",1,1,101536,1059749,1059749,8192,256,3072,0,184,0,64,64,0x0,0x708db8121400,3.3995979792,99.7167266187,128,0.0000000000,2.2780757133,1387,9536,84096,7616,37424070528666,37424070588206,37424070687886,37424085330117
101235,"void miso::kernels::q4k_gemv_kernel<(miso::kernels::ActFormat)1, 4096u, 256, 4>(miso::kernels::Q4kGemvParams) [clone .kd]",1,1,101537,1059749,1059749,61440,256,0,0,112,0,48,64,0x0,0x708db844afc0,13.8498877255,97.3206595367,960,0.0000000000,1.4005665825,0,16384,451392,0,37424070653316,37424070687886,37424070824207,37424085219794
101236,"void miso::kernels::add_rmsnorm_kernel<2048u, 512>(miso::kernels::AddRmsNormParams, unsigned int) [clone .kd]",1,1,101538,1059749,1059749,512,512,512,0,28,0,32,64,0x0,0x708db8461680,0.0456855691,98.7695312500,8,0.0000000000,0.4291712980,16,96,616,24,37424070781267,37424070824207,37424070925487,37424085108641
101237,"void miso::kernels::moe_router_kernel<256>(miso::kernels::MoeRouterParams) [clone .kd]",1,1,101539,1059749,1059749,16640,256,0,0,36,0,32,64,0x0,0x708daf3e3580,1.6865400942,94.2115461618,260,0.0000000000,0.4923457993,0,3084,25709,0,37424070899486,37424070925487,37424071062608,37424084936452
101238,"void miso::kernels::moe_gate_up_kernel<256>(miso::kernels::MoeGateUpParams) [clone .kd]",1,1,101540,1059749,1059749,30720,256,512,0,64,0,48,64,0x0,0x708daf3e35c0,29.3962487714,83.4100163519,480,0.0000000000,1.4558071209,794,23712,1256456,10593,37424071028488,37424071062608,37424071210288,37424084827101
101239,"void miso::kernels::moe_down_kernel<(miso::kernels::QType)0, 256>(miso::kernels::MoeDownParams) [clone .kd]",1,1,101541,1059749,1059749,30720,256,18944,0,84,0,32,64,0x0,0x708daf3e3600,20.3669220037,97.0485893457,480,7.2778962331,1.0717908701,212322,21168,765880,21840,37424071149107,37424071210288,37424071326288,37424084719021
101240,"void miso::kernels::add_rmsnorm_kernel<2048u, 512>(miso::kernels::AddRmsNormParams, unsigned int) [clone .kd]",1,1,101542,1059749,1059749,512,512,512,0,28,0,32,64,0x0,0x708db8461680,0.0444314853,98.7695312500,8,0.0000000000,0.5134102764,21,96,616,24,37424071275601,37424071326288,37424071426289,37424084607473
101241,"void miso::kernels::q4k_gemv_kernel<(miso::kernels::ActFormat)1, 2048u, 256, 4>(miso::kernels::Q4kGemvParams) [clone .kd]",1,1,101543,1059749,1059749,61440,256,0,0,72,0,48,64,0x0,0x708db844af40,25.2832154720,96.1349673102,960,0.0000000000,8.0932375967,0,26112,932160,0,37424071400072,37424071426289,37424071578769,37424084498805
101242,"void miso::kernels::attn_prep_kernel<256>(miso::kernels::AttnPrepParams) [clone .kd]",1,1,101544,1059749,1059749,4608,256,1536,0,28,0,64,64,0x0,0x708daf3b2400,0.3891455812,97.9857708255,72,0.0000000000,2.9124538459,104,170,4946,288,37424071530799,37424071578769,37424071713970,37424084381857
101243,"void miso::kernels::attn_split_kernel<256>(miso::kernels::AttnSplitParams) [clone .kd]",1,1,101545,1059749,1059749,4608,256,42496,0,96,0,32,64,0x0,0x708daf3b2440,3.1401288030,96.3814238567,72,0.5428479779,1.1122779195,4741,1136,74846,22744,37424071682628,37424071713970,37424071840530,37424084265356
101244,"void miso::kernels::attn_combine_kernel<256>(miso::kernels::AttnCombineParams) [clone .kd]",1,1,101546,1059749,1059749,4096,256,0,0,16,0,32,64,0x0,0x708daf3b2480,0.5591759106,99.4561464088,64,0.0000000000,0.1977307166,0,2368,9152,0,37424071807366,37424071840530,37424071975570,37424084155940
101245,"void miso::kernels::q4k_gemv_kernel<(miso::kernels::ActFormat)1, 4096u, 256, 4>(miso::kernels::Q4kGemvParams) [clone .kd]",1,1,101547,1059749,1059749,61440,256,0,0,112,0,48,64,0x0,0x708db844afc0,13.3423270906,97.3208739211,960,0.0000000000,2.0797647848,0,16384,451392,0,37424071940459,37424071975570,37424077364866,37424084044438
101246,"void miso::kernels::add_rmsnorm_kernel<2048u, 512>(miso::kernels::AddRmsNormParams, unsigned int) [clone .kd]",1,1,101548,1059749,1059749,512,512,512,0,28,0,32,64,0x0,0x708db8461680,0.0438849118,98.7695312500,8,0.0000000000,0.9668784210,20,96,616,24,37424077318617,37424077364866,37424077516547,37424083934424
101247,"void miso::kernels::moe_router_kernel<256>(miso::kernels::MoeRouterParams) [clone .kd]",1,1,101549,1059749,1059749,16640,256,0,0,36,0,32,64,0x0,0x708daf3e3580,1.6246004015,94.2115461618,260,0.0000000000,0.3424418807,0,3084,25709,0,37424077491231,37424077516547,37424077681987,37424083826988
101248,"void miso::kernels::moe_gate_up_kernel<256>(miso::kernels::MoeGateUpParams) [clone .kd]",1,1,101550,1059749,1059749,30720,256,512,0,64,0,48,64,0x0,0x708daf3e35c0,29.5090114445,83.4107215657,480,0.0000000000,1.5776429922,919,23712,1256456,10593,37424077655255,37424077681987,37424077840388,37424083717068
101249,"void miso::kernels::moe_down_kernel<(miso::kernels::QType)0, 256>(miso::kernels::MoeDownParams) [clone .kd]",1,1,101551,1059749,1059749,30720,256,18944,0,84,0,32,64,0x0,0x708daf3e3600,21.1301369863,97.0487147772,480,7.5506324966,0.5656191693,209964,21168,765880,21840,37424077779940,37424077840388,37424077952708,37424083605508
101250,"void miso::kernels::add_rmsnorm_kernel<2048u, 512>(miso::kernels::AddRmsNormParams, unsigned int) [clone .kd]",1,1,101552,1059749,1059749,512,512,512,0,28,0,32,64,0x0,0x708db8461680,0.0411110255,98.7695312500,8,0.0000000000,0.9758024121,16,96,616,24,37424077902463,37424077952708,37424078051269,37424083498453
101251,"void miso::kernels::q6k_gemv_kernel<2048u, 256, 2>(miso::kernels::Q6kGemvParams) [clone .kd]",1,1,101553,1059749,1059749,122880,256,0,0,60,0,32,64,0x0,0x708db844b000,39.8581724795,97.7436357892,1920,0.0000000000,11.6752077255,0,48128,1430784,0,37424078025092,37424078051269,37424078203749,37424083387652
101252,"void miso::kernels::q4k_gemv_kernel<(miso::kernels::ActFormat)1, 2048u, 256, 4>(miso::kernels::Q4kGemvParams) [clone .kd]",1,1,101554,1059749,1059749,61440,256,0,0,72,0,48,64,0x0,0x708db844af40,16.8314095979,96.7213670645,960,0.0000000000,4.9288007513,0,16000,496080,0,37424078154144,37424078203749,37424078327109,37424083274059
101253,"void miso::kernels::deltanet_step_kernel<256>(miso::kernels::DeltaNetStepParams) [clone .kd]",1,1,101555,1059749,1059749,8192,256,3072,0,184,0,64,64,0x0,0x708db8121400,3.2505353006,99.7167266187,128,0.0000000000,1.4620946586,1870,9536,84096,7616,37424078288833,37424078327109,37424078447590,37424083154692
101254,"void miso::kernels::q4k_gemv_kernel<(miso::kernels::ActFormat)1, 4096u, 256, 4>(miso::kernels::Q4kGemvParams) [clone .kd]",1,1,101556,1059749,1059749,61440,256,0,0,112,0,48,64,0x0,0x708db844afc0,13.3741669760,97.3208739211,960,0.0000000000,1.5477205952,0,16384,451392,0,37424078411778,37424078447590,37424078584710,37424083041833
101255,"void miso::kernels::add_rmsnorm_kernel<2048u, 512>(miso::kernels::AddRmsNormParams, unsigned int) [clone .kd]",1,1,101557,1059749,1059749,512,512,512,0,28,0,32,64,0x0,0x708db8461680,0.0444518531,98.7695312500,8,0.0000000000,0.9406033352,16,96,616,24,37424078541394,37424078584710,37424078685350,37424082930442
101256,"void miso::kernels::moe_router_kernel<256>(miso::kernels::MoeRouterParams) [clone .kd]",1,1,101558,1059749,1059749,16640,256,0,0,36,0,32,64,0x0,0x708daf3e3580,1.7421373620,94.2115461618,260,0.0000000000,0.4894437762,0,3084,25709,0,37424078660914,37424078685350,37424078814151,37424082814268
101257,"void miso::kernels::moe_gate_up_kernel<256>(miso::kernels::MoeGateUpParams) [clone .kd]",1,1,101559,1059749,1059749,30720,256,512,0,64,0,48,64,0x0,0x708daf3e35c0,29.7279527577,83.4114830454,480,0.0000000000,1.6159342091,831,23712,1256456,10593,37424078787206,37424078814151,37424078969191,37424082699441
101258,"void miso::kernels::moe_down_kernel<(miso::kernels::QType)1, 256>(miso::kernels::MoeDownParams) [clone .kd]",1,1,101560,1059749,1059749,30720,256,18944,0,108,0,32,64,0x0,0x708daf3e3640,27.5718537101,98.5084773657,480,6.7999704862,0.5834748864,302774,33456,1113176,21840,37424078909839,37424078969191,37424079098632,37424082698883
101259,"void miso::kernels::add_rmsnorm_kernel<2048u, 512>(miso::kernels::AddRmsNormParams, unsigned int) [clone .kd]",1,1,101561,1059749,1059749,512,512,512,0,28,0,32,64,0x0,0x708db8461680,0.0448254609,98.7695312500,8,0.0000000000,0.4739618451,15,96,616,24,37424079044149,37424079095564,37424079186604,37424098171766
101260,"void miso::kernels::q4k_gemv_kernel<(miso::kernels::ActFormat)1, 2048u, 256, 4>(miso::kernels::Q4kGemvParams) [clone .kd]",1,1,101562,1059749,1059749,61440,256,0,0,72,0,48,64,0x0,0x708db844af40,27.5162964670,95.9945495141,960,0.0000000000,10.1791477310,0,32384,1202640,0,37424079163534,37424079186604,37424079353645,37424098061815
101261,"void miso::kernels::deltanet_step_kernel<256>(miso::kernels::DeltaNetStepParams) [clone .kd]",1,1,101563,1059749,1059749,8192,256,3072,0,184,0,64,64,0x0,0x708db8121400,3.3450651265,99.7167266187,128,0.0000000000,2.2142481057,1682,9536,84096,7616,37424079298330,37424079353645,37424079459725,37424097950996
101262,"void miso::kernels::q4k_gemv_kernel<(miso::kernels::ActFormat)1, 4096u, 256, 4>(miso::kernels::Q4kGemvParams) [clone .kd]",1,1,101564,1059749,1059749,61440,256,0,0,112,0,48,64,0x0,0x708db844afc0,13.7312159710,97.3208739211,960,0.0000000000,1.3968308978,0,16384,451392,0,37424079427715,37424079459725,37424079603885,37424097842015
101263,"void miso::kernels::add_rmsnorm_kernel<2048u, 512>(miso::kernels::AddRmsNormParams, unsigned int) [clone .kd]",1,1,101565,1059749,1059749,512,512,512,0,28,0,32,64,0x0,0x708db8461680,0.0445446700,98.7695312500,8,0.0000000000,0.4629808996,19,96,616,24,37424079562904,37424079603885,37424079707726,37424097730809
101264,"void miso::kernels::moe_router_kernel<256>(miso::kernels::MoeRouterParams) [clone .kd]",1,1,101566,1059749,1059749,16640,256,0,0,36,0,32,64,0x0,0x708daf3e3580,1.7412350598,94.2115461618,260,0.0000000000,0.4998583397,0,3084,25709,0,37424079684623,37424079707726,37424079832366,37424097617680
101265,"void miso::kernels::moe_gate_up_kernel<256>(miso::kernels::MoeGateUpParams) [clone .kd]",1,1,101567,1059749,1059749,30720,256,512,0,64,0,48,64,0x0,0x708daf3e35c0,29.8624143937,83.4072845230,480,0.0000000000,2.0233044139,824,23712,1256456,10593,37424079808674,37424079832366,37424079988846,37424097507598
101266,"void miso::kernels::moe_down_kernel<(miso::kernels::QType)0, 256>(miso::kernels::MoeDownParams) [clone .kd]",1,1,101568,1059749,1059749,30720,256,18944,0,84,0,32,64,0x0,0x708daf3e3600,20.9435295264,97.0483384838,480,7.4839212629,0.7521920389,203387,21168,765880,21840,37424079931962,37424079988846,37424080107087,37424097399032
101267,"void miso::kernels::add_rmsnorm_kernel<2048u, 512>(miso::kernels::AddRmsNormParams, unsigned int) [clone .kd]",1,1,101569,1059749,1059749,512,512,512,0,28,0,32,64,0x0,0x708db8461680,0.0426019118,98.7695312500,8,0.0000000000,0.4431035169,30,96,616,24,37424080060414,37424080107087,37424080206447,37424097285501
101268,"void miso::kernels::q4k_gemv_kernel<(miso::kernels::ActFormat)1, 2048u, 256, 4>(miso::kernels::Q4kGemvParams) [clone .kd]",1,1,101570,1059749,1059749,61440,256,0,0,72,0,48,64,0x0,0x708db844af40,30.0520239769,95.9914765009,960,0.0000000000,10.5464826713,0,32384,1202640,0,37424080184189,37424080206447,37424080360368,37424097175792
101269,"void miso::kernels::deltanet_step_kernel<256>(miso::kernels::DeltaNetStepParams) [clone .kd]",1,1,101571,1059749,1059749,8192,256,3072,0,184,0,64,64,0x0,0x708db8121400,3.2921079705,99.7167266187,128,0.0000000000,2.4121810272,1801,9536,84096,7616,37424080307853,37424080360368,37424080465008,37424097067142
101270,"void miso::kernels::q4k_gemv_kernel<(miso::kernels::ActFormat)1, 4096u, 256, 4>(miso::kernels::Q4kGemvParams) [clone .kd]",1,1,101572,1059749,1059749,61440,256,0,0,112,0,48,64,0x0,0x708db844afc0,13.8480217199,97.3213026928,960,0.0000000000,2.0640745513,0,16384,451392,0,37424080431858,37424080465008,37424080597488,37424096956565
101271,"void miso::kernels::add_rmsnorm_kernel<2048u, 512>(miso::kernels::AddRmsNormParams, unsigned int) [clone .kd]",1,1,101573,1059749,1059749,512,512,512,0,28,0,32,64,0x0,0x708db8461680,0.0452054020,98.7695312500,8,0.0000000000,0.4573972880,17,96,616,24,37424080558061,37424080597488,37424080705008,37424096845289
101272,"void miso::kernels::moe_router_kernel<256>(miso::kernels::MoeRouterParams) [clone .kd]",1,1,101574,1059749,1059749,16640,256,0,0,36,0,32,64,0x0,0x708daf3e3580,1.7340501508,94.2115461618,260,0.0000000000,0.4872518993,0,3084,25709,0,37424080681785,37424080705008,37424080829649,37424096735946
101273,"void miso::kernels::moe_gate_up_kernel<256>(miso::kernels::MoeGateUpParams) [clone .kd]",1,1,101575,1059749,1059749,30720,256,512,0,64,0,48,64,0x0,0x708daf3e35c0,29.8545185185,83.4179729698,480,0.0000000000,1.8054880859,608,23712,1256456,10593,37424080805697,37424080829649,37424080986769,37424096628658
101274,"void miso::kernels::moe_down_kernel<(miso::kernels::QType)0, 256>(miso::kernels::MoeDownParams) [clone .kd]",1,1,101576,1059749,1059749,30720,256,18944,0,84,0,32,64,0x0,0x708daf3e3600,21.0919653031,97.0478367637,480,7.5369240583,1.1509205834,210132,21168,765880,21840,37424080930059,37424080986769,37424081186130,37424096519027
101275,"void miso::kernels::add_rmsnorm_kernel<2048u, 512>(miso::kernels::AddRmsNormParams, unsigned int) [clone .kd]",1,1,101577,1059749,1059749,512,512,512,0,28,0,32,64,0x0,0x708db8461680,0.0431028677,98.7695312500,8,0.0000000000,0.9680118672,18,96,616,24,37424081138264,37424081186130,37424081284050,37424096403749
101276,"void miso::kernels::q4k_gemv_kernel<(miso::kernels::ActFormat)1, 2048u, 256, 4>(miso::kernels::Q4kGemvParams) [clone .kd]",1,1,101578,1059749,1059749,61440,256,0,0,72,0,48,64,0x0,0x708db844af40,25.1076088657,96.1751648789,960,0.0000000000,8.8166252416,0,25088,888000,0,37424081260733,37424081284050,37424081430930,37424096288847
101277,"void miso::kernels::q6k_gemv_kernel<2048u, 256, 1>(miso::kernels::Q6kGemvParams) [clone .kd]",1,1,101579,1059749,1059749,61440,256,0,0,60,0,32,64,0x0,0x708db844b040,9.5645811861,97.9872021711,960,0.0000000000,0.3254300325,0,6144,149312,0,37424081387372,37424081430930,37424081537491,37424096175934
101278,"void miso::kernels::attn_prep_kernel<256>(miso::kernels::AttnPrepParams) [clone .kd]",1,1,101580,1059749,1059749,4608,256,1536,0,28,0,64,64,0x0,0x708daf3b2400,0.3705100274,97.9857708255,72,0.0000000000,0.9105074655,100,170,4946,288,37424081514390,37424081537491,37424081703091,37424096062734
101279,"void miso::kernels::attn_split_kernel<256>(miso::kernels::AttnSplitParams) [clone .kd]",1,1,101581,1059749,1059749,4608,256,42496,0,96,0,32,64,0x0,0x708daf3b2440,3.1664593182,96.3814238567,72,0.5473998507,0.1561142803,4877,1136,74846,22744,37424081679644,37424081703091,37424081871572,37424095949629
101280,"void miso::kernels::attn_combine_kernel<256>(miso::kernels::AttnCombineParams) [clone .kd]",1,1,101582,1059749,1059749,4096,256,0,0,16,0,32,64,0x0,0x708daf3b2480,0.7034931740,99.4561464088,64,0.0000000000,0.1265632063,0,2368,9152,0,37424081836343,37424081871572,37424082048372,37424095839746
101281,"void miso::kernels::q4k_gemv_kernel<(miso::kernels::ActFormat)1, 4096u, 256, 4>(miso::kernels::Q4kGemvParams) [clone .kd]",1,1,101583,1059749,1059749,61440,256,0,0,112,0,48,64,0x0,0x708db844afc0,14.7507083626,97.3204451533,960,0.0000000000,3.2843373494,0,16384,451392,0,37424082020686,37424082048372,37424082217013,37424095729200
101282,"void miso::kernels::add_rmsnorm_kernel<2048u, 512>(miso::kernels::AddRmsNormParams, unsigned int) [clone .kd]",1,1,101584,1059749,1059749,512,512,512,0,28,0,32,64,0x0,0x708db8461680,0.0473211777,98.7695312500,8,0.0000000000,0.9403372244,16,96,616,24,37424082172204,37424082217013,37424082337173,37424095618053
101283,"void miso::kernels::moe_router_kernel<256>(miso::kernels::MoeRouterParams) [clone .kd]",1,1,101585,1059749,1059749,16640,256,0,0,36,0,32,64,0x0,0x708daf3e3580,1.7744620382,94.2115461618,260,0.0000000000,0.4218869854,0,3084,25709,0,37424082310522,37424082337173,37424082478293,37424095500514
101284,"void miso::kernels::moe_gate_up_kernel<256>(miso::kernels::MoeGateUpParams) [clone .kd]",1,1,101586,1059749,1059749,30720,256,512,0,64,0,48,64,0x0,0x708daf3e35c0,25.1710840318,83.4028552258,480,0.0000000000,1.6455511406,749,23712,1256456,10593,37424082449489,37424082478293,37424082657814,37424095380767
101285,"void miso::kernels::moe_down_kernel<(miso::kernels::QType)1, 256>(miso::kernels::MoeDownParams) [clone .kd]",1,1,101587,1059749,1059749,30720,256,18944,0,108,0,32,64,0x0,0x708daf3e3640,25.1331252830,98.5076865233,480,6.1984638356,1.8197825162,303329,33456,1113176,21840,37424082591179,37424082657814,37424087991909,37424095273746
101286,"void miso::kernels::add_rmsnorm_kernel<2048u, 512>(miso::kernels::AddRmsNormParams, unsigned int) [clone .kd]",1,1,101588,1059749,1059749,512,512,512,0,28,0,32,64,0x0,0x708db8461680,0.0420626471,98.7695312500,8,0.0000000000,1.0128408306,32,96,616,24,37424087931073,37424087991909,37424088101989,37424095164720
101287,"void miso::kernels::q4k_gemv_kernel<(miso::kernels::ActFormat)1, 2048u, 256, 4>(miso::kernels::Q4kGemvParams) [clone .kd]",1,1,101589,1059749,1059749,61440,256,0,0,72,0,48,64,0x0,0x708db844af40,30.3839707907,95.9898218830,960,0.0000000000,11.2224557597,0,32384,1202640,0,37424088073671,37424088101989,37424088268709,37424095052885
101288,"void miso::kernels::deltanet_step_kernel<256>(miso::kernels::DeltaNetStepParams) [clone .kd]",1,1,101590,1059749,1059749,8192,256,3072,0,184,0,64,64,0x0,0x708db8121400,3.2892596208,99.7167266187,128,0.0000000000,4.4317560922,1511,9536,84096,7616,37424088211672,37424088268709,37424088390790,37424094941323
101289,"void miso::kernels::q4k_gemv_kernel<(miso::kernels::ActFormat)1, 4096u, 256, 4>(miso::kernels::Q4kGemvParams) [clone .kd]",1,1,101591,1059749,1059749,61440,256,0,0,112,0,48,64,0x0,0x708db844afc0,13.5968191212,97.3202307708,960,0.0000000000,1.6081791056,0,16384,451392,0,37424088351048,37424088390790,37424088574150,37424094828816
101290,"void miso::kernels::add_rmsnorm_kernel<2048u, 512>(miso::kernels::AddRmsNormParams, unsigned int) [clone .kd]",1,1,101592,1059749,1059749,512,512,512,0,28,0,32,64,0x0,0x708db8461680,0.0429432210,98.7695312500,8,0.0000000000,0.4912817622,16,96,616,24,37424088528545,37424088574150,37424088739431,37424094714120
101291,"void miso::kernels::moe_router_kernel<256>(miso::kernels::MoeRouterParams) [clone .kd]",1,1,101593,1059749,1059749,16640,256,0,0,36,0,32,64,0x0,0x708daf3e3580,1.7462442065,94.2115461618,260,0.0000000000,0.4558976935,0,3084,25709,0,37424088711862,37424088739431,37424088915111,37424094592031
101292,"void miso::kernels::moe_gate_up_kernel<256>(miso::kernels::MoeGateUpParams) [clone .kd]",1,1,101594,1059749,1059749,30720,256,512,0,64,0,48,64,0x0,0x708daf3e35c0,29.4338312616,83.4170779466,480,0.0000000000,1.6332049700,962,23712,1256456,10593,37424088884513,37424088915111,37424089104232,37424094483503
101293,"void miso::kernels::moe_down_kernel<(miso::kernels::QType)0, 256>(miso::kernels::MoeDownParams) [clone .kd]",1,1,101595,1059749,1059749,30720,256,18944,0,84,0,32,64,0x0,0x708daf3e3600,21.1516528338,97.0485893457,480,7.5583111898,0.5221116516,200753,21168,765880,21840,37424089043103,37424089104232,37424089232392,37424094375966
101294,"void miso::kernels::add_rmsnorm_kernel<2048u, 512>(miso::kernels::AddRmsNormParams, unsigned int) [clone .kd]",1,1,101596,1059749,1059749,512,512,512,0,28,0,32,64,0x0,0x708db8461680,0.0444370383,98.7695312500,8,0.0000000000,0.4997217823,18,96,616,24,37424089180438,37424089232392,37424089356232,37424094261845
101295,"void miso::kernels::q4k_gemv_kernel<(miso::kernels::ActFormat)1, 2048u, 256, 4>(miso::kernels::Q4kGemvParams) [clone .kd]",1,1,101597,1059749,1059749,61440,256,0,0,72,0,48,64,0x0,0x708db844af40,27.3865884363,95.9925796112,960,0.0000000000,9.5222821265,0,32384,1202640,0,37424089328822,37424089356232,37424089533513,37424094147943
101296,"void miso::kernels::deltanet_step_kernel<256>(miso::kernels::DeltaNetStepParams) [clone .kd]",1,1,101598,1059749,1059749,8192,256,3072,0,184,0,64,64,0x0,0x708db8121400,3.4540865851,99.7167266187,128,0.0000000000,1.8635922659,1641,9536,84096,7616,37424089471182,37424089533513,37424089652873,37424093975913
101297,"void miso::kernels::q4k_gemv_kernel<(miso::kernels::ActFormat)1, 4096u, 256, 4>(miso::kernels::Q4kGemvParams) [clone .kd]",1,1,101599,1059749,1059749,61440,256,0,0,112,0,48,64,0x0,0x708db844afc0,13.5735258940,97.3210883065,960,0.0000000000,1.5184450257,0,16384,451392,0,37424089614552,37424089652873,37424089838794,37424093787346
101298,"void miso::kernels::add_rmsnorm_kernel<2048u, 512>(miso::kernels::AddRmsNormParams, unsigned int) [clone .kd]",1,1,101600,1059749,1059749,512,512,512,0,28,0,32,64,0x0,0x708db8461680,0.0449747720,98.7695312500,8,0.0000000000,0.4690074788,17,96,616,24,37424089791145,37424089838794,37424090044234,37424093786824
101299,"void miso::kernels::moe_router_kernel<256>(miso::kernels::MoeRouterParams) [clone .kd]",1,1,101601,1059749,1059749,16640,256,0,0,36,0,32,64,0x0,0x708daf3e3580,1.6642549789,94.2115461618,260,0.0000000000,0.4411488643,0,3084,25709,0,37424090021924,37424090044234,37424090278475,37424108110017
101300,"void miso::kernels::moe_gate_up_kernel<256>(miso::kernels::MoeGateUpParams) [clone .kd]",1,1,101602,1059749,1059749,30720,256,512,0,64,0,48,64,0x0,0x708daf3e35c0,27.8374156859,83.4069636154,480,0.0000000000,1.3238588718,670,23712,1256456,10593,37424090253643,37424090278475,37424090575916,37424107927126
101301,"void miso::kernels::moe_down_kernel<(miso::kernels::QType)0, 256>(miso::kernels::MoeDownParams) [clone .kd]",1,1,101603,1059749,1059749,30720,256,18944,0,84,0,32,64,0x0,0x708daf3e3600,20.6221714030,97.0490910736,480,7.3691449041,0.6688377119,207284,21168,765880,21840,37424090518862,37424090575916,37424090752076,37424107821299
101302,"void miso::kernels::add_rmsnorm_kernel<2048u, 512>(miso::kernels::AddRmsNormParams, unsigned int) [clone .kd]",1,1,101604,1059749,1059749,512,512,512,0,28,0,32,64,0x0,0x708db8461680,0.0445297932,98.7695312500,8,0.0000000000,0.4800299239,16,96,616,24,37424090700152,37424090752076,37424090871436,37424107709437
101303,"void miso::kernels::q6k_gemv_kernel<2048u, 256, 2>(miso::kernels::Q6kGemvParams) [clone .kd]",1,1,101605,1059749,1059749,122880,256,0,0,60,0,32,64,0x0,0x708db844b000,36.9747877633,97.7445838558,1920,0.0000000000,12.4427242697,0,48128,1430784,0,37424090844863,37424090871436,37424091017997,37424107603470
101304,"void miso::kernels::q4k_gemv_kernel<(miso::kernels::ActFormat)1, 2048u, 256, 4>(miso::kernels::Q4kGemvParams) [clone .kd]",1,1,101606,1059749,1059749,61440,256,0,0,72,0,48,64,0x0,0x708db844af40,16.8146754405,96.7202095172,960,0.0000000000,5.2952152187,0,16000,496080,0,37424090972257,37424091017997,37424091148077,37424107497235
101305,"void miso::kernels::deltanet_step_kernel<256>(miso::kernels::DeltaNetStepParams) [clone .kd]",1,1,101607,1059749,1059749,8192,256,3072,0,184,0,64,64,0x0,0x708db8121400,3.3828439313,99.7167266187,128,0.0000000000,2.0566389157,1642,9536,84096,7616,37424091112858,37424091148077,37424091317678,37424107387633
101306,"void miso::kernels::q4k_gemv_kernel<(miso::kernels::ActFormat)1, 4096u, 256, 4>(miso::kernels::Q4kGemvParams) [clone .kd]",1,1,101608,1059749,1059749,61440,256,0,0,112,0,48,64,0x0,0x708db844afc0,15.1327079625,97.3208739211,960,0.0000000000,1.8024117550,0,16384,451392,0,37424091287476,37424091317678,37424091482638,37424107271930
101307,"void miso::kernels::add_rmsnorm_kernel<2048u, 512>(miso::kernels::AddRmsNormParams, unsigned int) [clone .kd]",1,1,101609,1059749,1059749,512,512,512,0,28,0,32,64,0x0,0x708db8461680,0.0419914442,98.7695312500,8,0.0000000000,0.3958273203,20,96,616,24,37424091435896,37424091482638,37424091581838,37424107161537
101308,"void miso::kernels::moe_router_kernel<256>(miso::kernels::MoeRouterParams) [clone .kd]",1,1,101610,1059749,1059749,16640,256,0,0,36,0,32,64,0x0,0x708daf3e3580,1.7519140578,94.2115461618,260,0.0000000000,0.4266244547,0,3084,25709,0,37424091559746,37424091581838,37424091715279,37424107054080
101309,"void miso::kernels::moe_gate_up_kernel<256>(miso::kernels::MoeGateUpParams) [clone .kd]",1,1,101611,1059749,1059749,30720,256,512,0,64,0,48,64,0x0,0x708daf3e35c0,30.0822378997,83.4101768591,480,0.0000000000,1.4727931530,789,23712,1256456,10593,37424091692441,37424091715279,37424091888879,37424106938120
101310,"void miso::kernels::moe_down_kernel<(miso::kernels::QType)1, 256>(miso::kernels::MoeDownParams) [clone .kd]",1,1,101612,1059749,1059749,30720,256,18944,0,108,0,32,64,0x0,0x708daf3e3640,25.4019949062,98.5078622650,480,6.2647850559,1.0731570216,304057,33456,1113176,21840,37424091833789,37424091888879,37424092010320,37424106827677
101311,"void miso::kernels::add_rmsnorm_kernel<2048u, 512>(miso::kernels::AddRmsNormParams, unsigned int) [clone .kd]",1,1,101613,1059749,1059749,512,512,512,0,28,0,32,64,0x0,0x708db8461680,0.0441848584,98.7695312500,8,0.0000000000,1.0174130340,19,96,616,24,37424091959877,37424092010320,37424092155280,37424106716123
101312,"void miso::kernels::q4k_gemv_kernel<(miso::kernels::ActFormat)1, 2048u, 256, 4>(miso::kernels::Q4kGemvParams) [clone .kd]",1,1,101614,1059749,1059749,61440,256,0,0,72,0,48,64,0x0,0x708db844af40,25.2080195280,96.1343562046,960,0.0000000000,9.3660059333,0,26112,932160,0,37424092133474,37424092155280,37424092310320,37424106610020
101313,"void miso::kernels::attn_prep_kernel<256>(miso::kernels::AttnPrepParams) [clone .kd]",1,1,101615,1059749,1059749,4608,256,1536,0,28,0,64,64,0x0,0x708daf3b2400,0.3820344450,97.9857708255,72,0.0000000000,0.8256163051,85,170,4946,288,37424092265435,37424092310320,37424092429361,37424106498968
101314,"void miso::kernels::attn_split_kernel<256>(miso::kernels::AttnSplitParams) [clone .kd]",1,1,101616,1059749,1059749,4608,256,42496,0,96,0,32,64,0x0,0x708daf3b2440,3.0078706658,96.3814238567,72,0.5199839278,0.2514041843,4832,1136,74846,22744,37424092408424,37424092429361,37424092570321,37424106387654
101315,"void miso::kernels::attn_combine_kernel<256>(miso::kernels::AttnCombineParams) [clone .kd]",1,1,101617,1059749,1059749,4096,256,0,0,16,0,32,64,0x0,0x708daf3b2480,0.6766671340,99.4561464088,64,0.0000000000,0.1554404145,0,2368,9152,0,37424092539708,37424092570321,37424092695761,37424106274924
101316,"void miso::kernels::q4k_gemv_kernel<(miso::kernels::ActFormat)1, 4096u, 256, 4>(miso::kernels::Q4kGemvParams) [clone .kd]",1,1,101618,1059749,1059749,61440,256,0,0,112,0,48,64,0x0,0x708db844afc0,13.3795772323,97.3210883065,960,0.0000000000,1.1358131022,0,16384,451392,0,37424092670666,37424092695761,37424092929682,37424106162679
101317,"void miso::kernels::add_rmsnorm_kernel<2048u, 512>(miso::kernels::AddRmsNormParams, unsigned int) [clone .kd]",1,1,101619,1059749,1059749,512,512,512,0,28,0,32,64,0x0,0x708db8461680,0.0455120820,98.7695312500,8,0.0000000000,0.4503492504,22,96,616,24,37424092888849,37424092929682,37424093040242,37424106052436
101318,"void miso::kernels::moe_router_kernel<256>(miso::kernels::MoeRouterParams) [clone .kd]",1,1,101620,1059749,1059749,16640,256,0,0,36,0,32,64,0x0,0x708daf3e3580,1.8134854772,94.2115461618,260,0.0000000000,0.2674058692,0,3084,25709,0,37424093013879,37424093040242,37424093171603,37424105936525
101319,"void miso::kernels::moe_gate_up_kernel<256>(miso::kernels::MoeGateUpParams) [clone .kd]",1,1,101621,1059749,1059749,30720,256,512,0,64,0,48,64,0x0,0x708daf3e35c0,27.7599338801,83.4090638427,480,0.0000000000,1.7225805631,532,23712,1256456,10593,37424093147963,37424093171603,37424093334643,37424105828895
101320,"void miso::kernels::moe_down_kernel<(miso::kernels::QType)0, 256>(miso::kernels::MoeDownParams) [clone .kd]",1,1,101622,1059749,1059749,30720,256,18944,0,84,0,32,64,0x0,0x708daf3e3600,20.6350146152,97.0492165064,480,7.3737438392,0.8594211012,203422,21168,765880,21840,37424093278615,37424093334643,37424093465044,37424105717270
101321,"void miso::kernels::add_rmsnorm_kernel<2048u, 512>(miso::kernels::AddRmsNormParams, unsigned int) [clone .kd]",1,1,101623,1059749,1059749,512,512,512,0,28,0,32,64,0x0,0x708db8461680,0.0452514282,98.7695312500,8,0.0000000000,0.4748403981,20,96,616,24,37424093418559,37424093465044,37424093565524,37424105606549
101322,"void miso::kernels::q4k_gemv_kernel<(miso::kernels::ActFormat)1, 2048u, 256, 4>(miso::kernels::Q4kGemvParams) [clone .kd]",1,1,101624,1059749,1059749,61440,256,0,0,72,0,48,64,0x0,0x708db844af40,24.6981547481,95.9917128795,960,0.0000000000,9.3204146751,0,32384,1202640,0,37424093542306,37424093565524,37424093739284,37424105491734
101323,"void miso::kernels::deltanet_step_kernel<256>(miso::kernels::DeltaNetStepParams) [clone .kd]",1,1,101625,1059749,1059749,8192,256,3072,0,184,0,64,64,0x0,0x708db8121400,3.1272630121,99.7167266187,128,0.0000000000,3.6777326352,1491,9536,84096,7616,37424093678397,37424093739284,37424094089364,37424105380056
101324,"void miso::kernels::q4k_gemv_kernel<(miso::kernels::ActFormat)1, 4096u, 256, 4>(miso::kernels::Q4kGemvParams) [clone .kd]",1,1,101626,1059749,1059749,61440,256,0,0,112,0,48,64,0x0,0x708db844afc0,13.0114248699,97.3210883065,960,0.0000000000,2.0719968393,0,16384,451392,0,37424094048030,37424094089364,37424098583457,37424105273000
101325,"void miso::kernels::add_rmsnorm_kernel<2048u, 512>(miso::kernels::AddRmsNormParams, unsigned int) [clone .kd]",1,1,101627,1059749,1059749,512,512,512,0,28,0,32,64,0x0,0x708db8461680,0.0398173380,98.7695312500,8,0.0000000000,0.9453822087,16,96,616,24,37424098537687,37424098583457,37424098688257,37424105165253
101326,"void miso::kernels::moe_router_kernel<256>(miso::kernels::MoeRouterParams) [clone .kd]",1,1,101628,1059749,1059749,16640,256,0,0,36,0,32,64,0x0,0x708daf3e3580,1.6900618716,94.2115461618,260,0.0000000000,3.6183834458,0,3084,25709,0,37424098664754,37424098688257,37424098812737,37424105054014
101327,"void miso::kernels::moe_gate_up_kernel<256>(miso::kernels::MoeGateUpParams) [clone .kd]",1,1,101629,1059749,1059749,30720,256,512,0,64,0,48,64,0x0,0x708daf3e35c0,30.1183233313,83.4099563623,480,0.0000000000,1.3044011833,774,23712,1256456,10593,37424098789368,37424098812737,37424098971458,37424104934071
101328,"void miso::kernels::moe_down_kernel<(miso::kernels::QType)0, 256>(miso::kernels::MoeDownParams) [clone .kd]",1,1,101630,1059749,1059749,30720,256,18944,0,84,0,32,64,0x0,0x708daf3e3600,20.1357442512,97.0484639146,480,7.1952780987,0.5089843449,203096,21168,765880,21840,37424098915202,37424098971458,37424099095138,37424104819689
101329,"void miso::kernels::add_rmsnorm_kernel<2048u, 512>(miso::kernels::AddRmsNormParams, unsigned int) [clone .kd]",1,1,101631,1059749,1059749,512,512,512,0,28,0,32,64,0x0,0x708db8461680,0.0416992442,98.7695312500,8,0.0000000000,0.9933309228,13,96,616,24,37424099049538,37424099095138,37424099206498,37424104709537
101330,"void miso::kernels::q6k_gemv_kernel<2048u, 256, 2>(miso::kernels::Q6kGemvParams) [clone .kd]",1,1,101632,1059749,1059749,122880,256,0,0,60,0,32,64,0x0,0x708db844b000,39.6264907426,97.7434326345,1920,0.0000000000,14.4326433866,0,48128,1430784,0,37424099183089,37424099206498,37424099367619,37424104588352
101331,"void miso::kernels::q4k_gemv_kernel<(miso::kernels::ActFormat)1, 2048u, 256, 4>(miso::kernels::Q4kGemvParams) [clone .kd]",1,1,101633,1059749,1059749,61440,256,0,0,72,0,48,64,0x0,0x708db844af40,17.9854205232,96.7207882874,960,0.0000000000,4.8994897011,0,16000,496080,0,37424099321443,37424099367619,37424099476739,37424104477374
101332,"void miso::kernels::deltanet_step_kernel<256>(miso::kernels::DeltaNetStepParams) [clone .kd]",1,1,101634,1059749,1059749,8192,256,3072,0,184,0,64,64,0x0,0x708db8121400,3.4419785186,99.7167266187,128,0.0000000000,4.1223251431,1673,9536,84096,7616,37424099444551,37424099476739,37424099603940,37424104364015
101333,"void miso::kernels::q4k_gemv_kernel<(miso::kernels::ActFormat)1, 4096u, 256, 4>(miso::kernels::Q4kGemvParams) [clone .kd]",1,1,101635,1059749,1059749,61440,256,0,0,112,0,48,64,0x0,0x708db844afc0,13.7713949411,97.3213026928,960,0.0000000000,1.6996043828,0,16384,451392,0,37424099571699,37424099603940,37424099738020,37424104251827
101334,"void miso::kernels::add_rmsnorm_kernel<2048u, 512>(miso::kernels::AddRmsNormParams, unsigned int) [clone .kd]",1,1,101636,1059749,1059749,512,512,512,0,28,0,32,64,0x0,0x708db8461680,0.0462561434,98.7695312500,8,0.0000000000,0.4681569838,18,96,616,24,37424099698649,37424099738020,37424099844100,37424104138692
101335,"void miso::kernels::moe_router_kernel<256>(miso::kernels::MoeRouterParams) [clone .kd]",1,1,101637,1059749,1059749,16640,256,0,0,36,0,32,64,0x0,0x708daf3e3580,1.6932703111,94.2115461618,260,0.0000000000,0.3946652150,0,3084,25709,0,37424099820877,37424099844100,37424099975301,37424104023815
101336,"void miso::kernels::moe_gate_up_kernel<256>(miso::kernels::MoeGateUpParams) [clone .kd]",1,1,101638,1059749,1059749,30720,256,512,0,64,0,48,64,0x0,0x708daf3e35c0,29.8606228885,83.4171766355,480,0.0000000000,1.7918594244,733,23712,1256456,10593,37424099950990,37424099975301,37424100138341,37424103899495
101337,"void miso::kernels::moe_down_kernel<(miso::kernels::QType)1, 256>(miso::kernels::MoeDownParams) [clone .kd]",1,1,101639,1059749,1059749,30720,256,18944,0,108,0,32,64,0x0,0x708daf3e3640,28.2296860363,98.5083016219,480,6.9621974436,0.9490750166,303141,33456,1113176,21840,37424100082624,37424100138341,37424100270661,37424103898880
101338,"void miso::kernels::add_rmsnorm_kernel<2048u, 512>(miso::kernels::AddRmsNormParams, unsigned int) [clone .kd]",1,1,101640,1059749,1059749,512,512,512,0,28,0,32,64,0x0,0x708db8461680,0.0441428020,98.7695312500,8,0.0000000000,0.4799248458,20,96,616,24,37424100211603,37424100270661,37424100369382,37424118133002
101339,"void miso::kernels::q4k_gemv_kernel<(miso::kernels::ActFormat)1, 2048u, 256, 4>(miso::kernels::Q4kGemvParams) [clone .kd]",1,1,101641,1059749,1059749,61440,256,0,0,72,0,48,64,0x0,0x708db844af40,27.7703694586,95.9917916727,960,0.0000000000,12.4513358396,0,32384,1202640,0,37424100347255,37424100369382,37424100553382,37424117994193
101340,"void miso::kernels::deltanet_step_kernel<256>(miso::kernels::DeltaNetStepParams) [clone .kd]",1,1,101642,1059749,1059749,8192,256,3072,0,184,0,64,64,0x0,0x708db8121400,3.5318405590,99.7167266187,128,0.0000000000,2.3229610070,1428,9536,84096,7616,37424100499756,37424100553382,37424100697063,37424117880574
101341,"void miso::kernels::q4k_gemv_kernel<(miso::kernels::ActFormat)1, 4096u, 256, 4>(miso::kernels::Q4kGemvParams) [clone .kd]",1,1,101643,1059749,1059749,61440,256,0,0,112,0,48,64,0x0,0x708db844afc0,13.7132361826,97.3213026928,960,0.0000000000,1.2943327559,0,16384,451392,0,37424100661916,37424100697063,37424100835143,37424117768601
101342,"void miso::kernels::add_rmsnorm_kernel<2048u, 512>(miso::kernels::AddRmsNormParams, unsigned int) [clone .kd]",1,1,101644,1059749,1059749,512,512,512,0,28,0,32,64,0x0,0x708db8461680,0.0455431735,98.7695312500,8,0.0000000000,0.4209640076,15,96,616,24,37424100805753,37424100835143,37424100961223,37424117657557
101343,"void miso::kernels::moe_router_kernel<256>(miso::kernels::MoeRouterParams) [clone .kd]",1,1,101645,1059749,1059749,16640,256,0,0,36,0,32,64,0x0,0x708daf3e3580,1.6368300813,94.2115461618,260,0.0000000000,0.4752995427,0,3084,25709,0,37424100938405,37424100961223,37424101096584,37424117543090
101344,"void miso::kernels::moe_gate_up_kernel<256>(miso::kernels::MoeGateUpParams) [clone .kd]",1,1,101646,1059749,1059749,30720,256,512,0,64,0,48,64,0x0,0x708daf3e35c0,28.1364388033,83.3957577835,480,0.0000000000,1.8934429359,737,23712,1256456,10593,37424101072548,37424101096584,37424101257064,37424117436133
101345,"void miso::kernels::moe_down_kernel<(miso::kernels::QType)0, 256>(miso::kernels::MoeDownParams) [clone .kd]",1,1,101647,1059749,1059749,30720,256,18944,0,84,0,32,64,0x0,0x708daf3e3600,19.6970275554,97.0490910736,480,7.0385531863,0.8179732030,204582,21168,765880,21840,37424101199829,37424101257064,37424101382024,37424117323558
101346,"void miso::kernels::add_rmsnorm_kernel<2048u, 512>(miso::kernels::AddRmsNormParams, unsigned int) [clone .kd]",1,1,101648,1059749,1059749,512,512,512,0,28,0,32,64,0x0,0x708db8461680,0.0434699921,98.7695312500,8,0.0000000000,0.9935988332,19,96,616,24,37424101335157,37424101382024,37424101801226,37424117212918
101347,"void miso::kernels::q4k_gemv_kernel<(miso::kernels::ActFormat)1, 2048u, 256, 4>(miso::kernels::Q4kGemvParams) [clone .kd]",1,1,101649,1059749,1059749,61440,256,0,0,72,0,48,64,0x0,0x708db844af40,25.2690901108,96.1377173819,960,0.0000000000,9.6562616128,0,26112,932160,0,37424101771423,37424101801226,37424101951466,37424117103061
101348,"void miso::kernels::attn_prep_kernel<256>(miso::kernels::AttnPrepParams) [clone .kd]",1,1,101650,1059749,1059749,4608,256,1536,0,28,0,64,64,0x0,0x708daf3b2400,0.3898833142,97.9857708255,72,0.0000000000,0.9034907598,89,170,4946,288,37424101906739,37424101951466,37424102077386,37424116987029
101349,"void miso::kernels::attn_split_kernel<256>(miso::kernels::AttnSplitParams) [clone .kd]",1,1,101651,1059749,1059749,4608,256,42496,0,96,0,32,64,0x0,0x708daf3b2440,3.0951454422,96.3814238567,72,0.5350715050,0.1655986752,4821,1136,74846,22744,37424102055565,37424102077386,37424102215787,37424116871863
101350,"void miso::kernels::attn_combine_kernel<256>(miso::kernels::AttnCombineParams) [clone .kd]",1,1,101652,1059749,1059749,4096,256,0,0,16,0,32,64,0x0,0x708daf3b2480,0.5213790620,99.4561464088,64,0.0000000000,0.1194933482,0,2368,9152,0,37424102186311,37424102215787,37424102351467,37424116712862
101351,"void miso::kernels::q4k_gemv_kernel<(miso::kernels::ActFormat)1, 4096u, 256, 4>(miso::kernels::Q4kGemvParams) [clone .kd]",1,1,101653,1059749,1059749,61440,256,0,0,112,0,48,64,0x0,0x708db844afc0,13.6479303461,97.3213026928,960,0.0000000000,1.3741909896,0,16384,451392,0,37424102319281,37424102351467,37424102490507,37424116596565
101352,"void miso::kernels::add_rmsnorm_kernel<2048u, 512>(miso::kernels::AddRmsNormParams, unsigned int) [clone .kd]",1,1,101654,1059749,1059749,512,512,512,0,28,0,32,64,0x0,0x708db8461680,0.0438524366,98.7695312500,8,0.0000000000,0.4600961330,20,96,616,24,37424102450485,37424102490507,37424102607468,37424116483992
101353,"void miso::kernels::moe_router_kernel<256>(miso::kernels::MoeRouterParams) [clone .kd]",1,1,101655,1059749,1059749,16640,256,0,0,36,0,32,64,0x0,0x708daf3e3580,1.7383954497,94.2115461618,260,0.0000000000,0.3044140030,0,3084,25709,0,37424102585946,37424102607468,37424102735628,37424116372433
101354,"void miso::kernels::moe_gate_up_kernel<256>(miso::kernels::MoeGateUpParams) [clone .kd]",1,1,101656,1059749,1059749,30720,256,512,0,64,0,48,64,0x0,0x708daf3e35c0,29.3597329998,83.4089075100,480,0.0000000000,1.4169342990,812,23712,1256456,10593,37424102711372,37424102735628,37424102907309,37424116264132
101355,"void miso::kernels::moe_down_kernel<(miso::kernels::QType)0, 256>(miso::kernels::MoeDownParams) [clone .kd]",1,1,101657,1059749,1059749,30720,256,18944,0,84,0,32,64,0x0,0x708daf3e3600,20.1374226997,97.0494673729,480,7.1959522768,1.2915782024,201730,21168,765880,21840,37424102850859,37424102907309,37424103042349,37424116151838
101356,"void miso::kernels::add_rmsnorm_kernel<2048u, 512>(miso::kernels::AddRmsNormParams, unsigned int) [clone .kd]",1,1,101658,1059749,1059749,512,512,512,0,28,0,32,64,0x0,0x708db8461680,0.0429380350,98.7695312500,8,0.0000000000,0.5208117623,17,96,616,24,37424102995448,37424103042349,37424103147629,37424116036530
101357,"void miso::kernels::q6k_gemv_kernel<2048u, 256, 2>(miso::kernels::Q6kGemvParams) [clone .kd]",1,1,101659,1059749,1059749,122880,256,0,0,60,0,32,64,0x0,0x708db844b000,38.2467129843,97.7420105750,1920,0.0000000000,11.8143523168,0,48128,1430784,0,37424103124484,37424103147629,37424103310190,37424115923949
101358,"void miso::kernels::q4k_gemv_kernel<(miso::kernels::ActFormat)1, 2048u, 256, 4>(miso::kernels::Q4kGemvParams) [clone .kd]",1,1,101660,1059749,1059749,61440,256,0,0,72,0,48,64,0x0,0x708db844af40,16.3278486702,96.7232963714,960,0.0000000000,4.8832978787,0,16000,496080,0,37424103262459,37424103310190,37424103426830,37424115816107
101359,"void miso::kernels::deltanet_step_kernel<256>(miso::kernels::DeltaNetStepParams) [clone .kd]",1,1,101661,1059749,1059749,8192,256,3072,0,184,0,64,64,0x0,0x708db8121400,3.3517195648,99.7167266187,128,0.0000000000,1.9459198996,1289,9536,84096,7616,37424103391112,37424103426830,37424103574670,37424115690917
101360,"void miso::kernels::q4k_gemv_kernel<(miso::kernels::ActFormat)1, 4096u, 256, 4>(miso::kernels::Q4kGemvParams) [clone .kd]",1,1,101662,1059749,1059749,61440,256,0,0,112,0,48,64,0x0,0x708db844afc0,13.9744679017,97.3206595367,960,0.0000000000,1.9843122607,0,16384,451392,0,37424103538293,37424103574670,37424103697711,37424115577931
101361,"void miso::kernels::add_rmsnorm_kernel<2048u, 512>(miso::kernels::AddRmsNormParams, unsigned int) [clone .kd]",1,1,101663,1059749,1059749,512,512,512,0,28,0,32,64,0x0,0x708db8461680,0.0378156722,98.7695312500,8,0.0000000000,0.4876188947,15,96,616,24,37424103657899,37424103697711,37424103819791,37424115467271
101362,"void miso::kernels::moe_router_kernel<256>(miso::kernels::MoeRouterParams) [clone .kd]",1,1,101664,1059749,1059749,16640,256,0,0,36,0,32,64,0x0,0x708daf3e3580,1.5372845586,94.2115461618,260,0.0000000000,0.4101743886,0,3084,25709,0,37424103792087,37424103819791,37424108536444,37424115359383
101363,"void miso::kernels::moe_gate_up_kernel<256>(miso::kernels::MoeGateUpParams) [clone .kd]",1,1,101665,1059749,1059749,30720,256,512,0,64,0,48,64,0x0,0x708daf3e35c0,29.9755363019,83.4139976013,480,0.0000000000,1.5080513841,818,23712,1256456,10593,37424108506032,37424108536444,37424108691485,37424115246607
101364,"void miso::kernels::moe_down_kernel<(miso::kernels::QType)1, 256>(miso::kernels::MoeDownParams) [clone .kd]",1,1,101666,1059749,1059749,30720,256,18944,0,108,0,32,64,0x0,0x708daf3e3640,27.9713410283,98.5087409827,480,6.8985134063,0.6175329281,303384,33456,1113176,21840,37424108637675,37424108691485,37424108817565,37424115133456
101365,"void miso::kernels::add_rmsnorm_kernel<2048u, 512>(miso::kernels::AddRmsNormParams, unsigned int) [clone .kd]",1,1,101667,1059749,1059749,512,512,512,0,28,0,32,64,0x0,0x708db8461680,0.0397002630,98.7695312500,8,0.0000000000,1.3936511448,17,96,616,24,37424108766757,37424108817565,37424108917245,37424114952302
101366,"void miso::kernels::q4k_gemv_kernel<(miso::kernels::ActFormat)1, 2048u, 256, 4>(miso::kernels::Q4kGemvParams) [clone .kd]",1,1,101668,1059749,1059749,61440,256,0,0,72,0,48,64,0x0,0x708db844af40,30.6469644142,95.9920280528,960,0.0000000000,10.1591600606,0,32384,1202640,0,37424108893400,37424108917245,37424109068766,37424114843779
101367,"void miso::kernels::deltanet_step_kernel<256>(miso::kernels::DeltaNetStepParams) [clone .kd]",1,1,101669,1059749,1059749,8192,256,3072,0,184,0,64,64,0x0,0x708db8121400,3.3336331205,99.7167266187,128,0.0000000000,3.2486271132,1698,9536,84096,7616,37424109017614,37424109068766,37424109174206,37424114726735
101368,"void miso::kernels::q4k_gemv_kernel<(miso::kernels::ActFormat)1, 4096u, 256, 4>(miso::kernels::Q4kGemvParams) [clone .kd]",1,1,101670,1059749,1059749,61440,256,0,0,112,0,48,64,0x0,0x708db844afc0,14.4726807838,97.3210883065,960,0.0000000000,1.4084507042,0,16384,451392,0,37424109141768,37424109174206,37424109309886,37424114612382
101369,"void miso::kernels::add_rmsnorm_kernel<2048u, 512>(miso::kernels::AddRmsNormParams, unsigned int) [clone .kd]",1,1,101671,1059749,1059749,512,512,512,0,28,0,32,64,0x0,0x708db8461680,0.0445837687,98.7695312500,8,0.0000000000,0.4748730231,21,96,616,24,37424109269957,37424109309886,37424109414047,37424114498781
101370,"void miso::kernels::moe_router_kernel<256>(miso::kernels::MoeRouterParams) [clone .kd]",1,1,101672,1059749,1059749,16640,256,0,0,36,0,32,64,0x0,0x708daf3e3580,1.7198567606,94.2115461618,260,0.0000000000,0.4792299899,0,3084,25709,0,37424109392539,37424109414047,37424109548287,37424114390373
101371,"void miso::kernels::moe_gate_up_kernel<256>(miso::kernels::MoeGateUpParams) [clone .kd]",1,1,101673,1059749,1059749,30720,256,512,0,64,0,48,64,0x0,0x708daf3e35c0,29.5566641396,83.4025076814,480,0.0000000000,2.1706187040,935,23712,1256456,10593,37424109525302,37424109548287,37424109706687,37424114277350
101372,"void miso::kernels::moe_down_kernel<(miso::kernels::QType)0, 256>(miso::kernels::MoeDownParams) [clone .kd]",1,1,101674,1059749,1059749,30720,256,18944,0,84,0,32,64,0x0,0x708daf3e3600,20.5872726982,97.0490910736,480,7.3566741702,1.0660754150,204171,21168,765880,21840,37424109651391,37424109706687,37424109826528,37424114170573
101373,"void miso::kernels::add_rmsnorm_kernel<2048u, 512>(miso::kernels::AddRmsNormParams, unsigned int) [clone .kd]",1,1,101675,1059749,1059749,512,512,512,0,28,0,32,64,0x0,0x708db8461680,0.0445242170,98.7695312500,8,0.0000000000,0.9760933389,16,96,616,24,37424109778371,37424109826528,37424109949088,37424114049989
101374,"void miso::kernels::q4k_gemv_kernel<(miso::kernels::ActFormat)1, 2048u, 256, 4>(miso::kernels::Q4kGemvParams) [clone .kd]",1,1,101676,1059749,1059749,61440,256,0,0,72,0,48,64,0x0,0x708db844af40,28.5377605997,95.9916340865,960,0.0000000000,9.5883037927,0,32384,1202640,0,37424109923417,37424109949088,37424110139809,37424113931633
101375,"void miso::kernels::deltanet_step_kernel<256>(miso::kernels::DeltaNetStepParams) [clone .kd]",1,1,101677,1059749,1059749,8192,256,3072,0,184,0,64,64,0x0,0x708db8121400,3.4009236321,99.7167266187,128,0.0000000000,1.5994475758,1369,9536,84096,7616,37424110088532,37424110139809,37424110262049,37424125164685
101376,"void miso::kernels::q4k_gemv_kernel<(miso::kernels::ActFormat)1, 4096u, 256, 4>(miso::kernels::Q4kGemvParams) [clone .kd]",1,1,101678,1059749,1059749,61440,256,0,0,112,0,48,64,0x0,0x708db844afc0,14.1692105050,97.3204451533,960,0.0000000000,1.3198972900,0,16384,451392,0,37424110230397,37424110262049,37424110396929,37424130180166
101377,"void miso::kernels::add_rmsnorm_kernel<2048u, 512>(miso::kernels::AddRmsNormParams, unsigned int) [clone .kd]",1,1,101679,1059749,1059749,512,512,512,0,28,0,32,64,0x0,0x708db8461680,0.0460623857,98.7695312500,8,0.0000000000,0.3578102016,17,96,616,24,37424110358432,37424110396929,37424110512290,37424130070964
101378,"void miso::kernels::moe_router_kernel<256>(miso::kernels::MoeRouterParams) [clone .kd]",1,1,101680,1059749,1059749,16640,256,0,0,36,0,32,64,0x0,0x708daf3e3580,1.7213469870,94.2115461618,260,0.0000000000,0.4544910896,0,3084,25709,0,37424110489835,37424110512290,37424110644930,37424129959852
101379,"void miso::kernels::moe_gate_up_kernel<256>(miso::kernels::MoeGateUpParams) [clone .kd]",1,1,101681,1059749,1059749,30720,256,512,0,64,0,48,64,0x0,0x708daf3e35c0,30.0742694731,83.4098558509,480,0.0000000000,1.1959739127,755,23712,1256456,10593,37424110620950,37424110644930,37424110802850,37424129852064
101380,"void miso::kernels::moe_down_kernel<(miso::kernels::QType)0, 256>(miso::kernels::MoeDownParams) [clone .kd]",1,1,101682,1059749,1059749,30720,256,18944,0,84,0,32,64,0x0,0x708daf3e3600,21.0726541818,97.0494673729,480,7.5301500147,0.7458992674,202317,21168,765880,21840,37424110747636,37424110802850,37424110922851,37424129740345
101381,"void miso::kernels::add_rmsnorm_kernel<2048u, 512>(miso::kernels::AddRmsNormParams, unsigned int) [clone .kd]",1,1,101683,1059749,1059749,512,512,512,0,28,0,32,64,0x0,0x708db8461680,0.0433657221,98.7695312500,8,0.0000000000,0.5027179466,18,96,616,24,37424110875766,37424110922851,37424111020611,37424129632783
101382,"void miso::kernels::q4k_gemv_kernel<(miso::kernels::ActFormat)1, 2048u, 256, 4>(miso::kernels::Q4kGemvParams) [clone .kd]",1,1,101684,1059749,1059749,61440,256,0,0,72,0,48,64,0x0,0x708db844af40,23.6974125387,96.1739881024,960,0.0000000000,8.2167013738,0,25088,888000,0,37424110997388,37424111020611,37424111237252,37424129519098
101383,"void miso::kernels::q6k_gemv_kernel<2048u, 256, 1>(miso::kernels::Q6kGemvParams) [clone .kd]",1,1,101685,1059749,1059749,61440,256,0,0,60,0,32,64,0x0,0x708db844b040,9.6116076566,97.9865503961,960,0.0000000000,0.3765735394,0,6144,149312,0,37424111191658,37424111237252,37424111366372,37424129401440
101384,"void miso::kernels::attn_prep_kernel<256>(miso::kernels::AttnPrepParams) [clone .kd]",1,1,101686,1059749,1059749,4608,256,1536,0,28,0,64,64,0x0,0x708daf3b2400,0.3817705635,97.9857708255,72,0.0000000000,0.8398978071,82,170,4946,288,37424111337863,37424111366372,37424111524292,37424129274936
101385,"void miso::kernels::attn_split_kernel<256>(miso::kernels::AttnSplitParams) [clone .kd]",1,1,101687,1059749,1059749,4608,256,42496,0,96,0,32,64,0x0,0x708daf3b2440,3.0459550024,96.3814238567,72,0.5265677358,0.1641045442,4942,1136,74846,22744,37424111497732,37424111524292,37424111671493,37424129157471
101386,"void miso::kernels::attn_combine_kernel<256>(miso::kernels::AttnCombineParams) [clone .kd]",1,1,101688,1059749,1059749,4096,256,0,0,16,0,32,64,0x0,0x708daf3b2480,0.4920274897,99.4561464088,64,0.0000000000,0.1148604802,0,2368,9152,0,37424111635538,37424111671493,37424111801413,37424129028546
101387,"void miso::kernels::q4k_gemv_kernel<(miso::kernels::ActFormat)1, 4096u, 256, 4>(miso::kernels::Q4kGemvParams) [clone .kd]",1,1,101689,1059749,1059749,61440,256,0,0,112,0,48,64,0x0,0x708db844afc0,14.9838594685,97.3202307708,960,0.0000000000,1.0221760222,0,16384,451392,0,37424111770550,37424111801413,37424111964774,37424128892343
101388,"void miso::kernels::add_rmsnorm_kernel<2048u, 512>(miso::kernels::AddRmsNormParams, unsigned int) [clone .kd]",1,1,101690,1059749,1059749,512,512,512,0,28,0,32,64,0x0,0x708db8461680,0.0450507525,98.7695312500,8,0.0000000000,0.4022051568,19,96,616,24,37424111918385,37424111964774,37424112087974,37424128779605
101389,"void miso::kernels::moe_router_kernel<256>(miso::kernels::MoeRouterParams) [clone .kd]",1,1,101691,1059749,1059749,16640,256,0,0,36,0,32,64,0x0,0x708daf3e3580,1.6477529784,94.2115461618,260,0.0000000000,0.2774493726,0,3084,25709,0,37424112060540,37424112087974,37424112235334,37424128669967
101390,"void miso::kernels::moe_gate_up_kernel<256>(miso::kernels::MoeGateUpParams) [clone .kd]",1,1,101692,1059749,1059749,30720,256,512,0,64,0,48,64,0x0,0x708daf3e35c0,29.4547948286,83.3990711465,480,0.0000000000,1.4688361974,988,23712,1256456,10593,37424112206426,37424112235334,37424112407655,37424128562794
101391,"void miso::kernels::moe_down_kernel<(miso::kernels::QType)1, 256>(miso::kernels::MoeDownParams) [clone .kd]",1,1,101693,1059749,1059749,30720,256,18944,0,108,0,32,64,0x0,0x708daf3e3640,26.7910094637,98.5085652379,480,6.6073989102,0.7626436554,304389,33456,1113176,21840,37424112347287,37424112407655,37424112559975,37424128451469
101392,"void miso::kernels::add_rmsnorm_kernel<2048u, 512>(miso::kernels::AddRmsNormParams, unsigned int) [clone .kd]",1,1,101694,1059749,1059749,512,512,512,0,28,0,32,64,0x0,0x708db8461680,0.0436782551,98.7695312500,8,0.0000000000,0.5132343447,17,96,616,24,37424112500726,37424112559975,37424112662536,37424128338718
101393,"void miso::kernels::q4k_gemv_kernel<(miso::kernels::ActFormat)1, 2048u, 256, 4>(miso::kernels::Q4kGemvParams) [clone .kd]",1,1,101695,1059749,1059749,61440,256,0,0,72,0,48,64,0x0,0x708db844af40,30.3138452198,95.9921068465,960,0.0000000000,10.4601156693,0,32384,1202640,0,37424112634074,37424112662536,37424112832296,37424128225063
101394,"void miso::kernels::deltanet_step_kernel<256>(miso::kernels::DeltaNetStepParams) [clone .kd]",1,1,101696,1059749,1059749,8192,256,3072,0,184,0,64,64,0x0,0x708db8121400,3.4490245340,99.7167266187,128,0.0000000000,2.0896931000,1589,9536,84096,7616,37424112781417,37424112832296,37424112969096,37424128112187
101395,"void miso::kernels::q4k_gemv_kernel<(miso::kernels::ActFormat)1, 4096u, 256, 4>(miso::kernels::Q4kGemvParams) [clone .kd]",1,1,101697,1059749,1059749,61440,256,0,0,112,0,48,64,0x0,0x708db844afc0,14.4129170318,97.3206595367,960,0.0000000000,2.1875610492,0,16384,451392,0,37424112934453,37424112969096,37424113120457,37424127997830
101396,"void miso::kernels::add_rmsnorm_kernel<2048u, 512>(miso::kernels::AddRmsNormParams, unsigned int) [clone .kd]",1,1,101698,1059749,1059749,512,512,512,0,28,0,32,64,0x0,0x708db8461680,0.0429345784,98.7695312500,8,0.0000000000,0.4666811374,17,96,616,24,37424113075640,37424113120457,37424113251337,37424127887484
101397,"void miso::kernels::moe_router_kernel<256>(miso::kernels::MoeRouterParams) [clone .kd]",1,1,101699,1059749,1059749,16640,256,0,0,36,0,32,64,0x0,0x708daf3e3580,1.6600828047,94.2115461618,260,0.0000000000,0.4316971149,0,3084,25709,0,37424113223335,37424113251337,37424113396938,37424127780484
101398,"void miso::kernels::moe_gate_up_kernel<256>(miso::kernels::MoeGateUpParams) [clone .kd]",1,1,101700,1059749,1059749,30720,256,512,0,64,0,48,64,0x0,0x708daf3e35c0,29.3663667299,83.4096301114,480,0.0000000000,1.3209112373,1121,23712,1256456,10593,37424113367484,37424113396938,37424113587978,37424127669022
101399,"void miso::kernels::moe_down_kernel<(miso::kernels::QType)0, 256>(miso::kernels::MoeDownParams) [clone .kd]",1,1,101701,1059749,1059749,30720,256,18944,0,84,0,32,64,0x0,0x708daf3e3600,19.2033129316,97.0493419395,480,6.8621465056,0.5388600251,206250,21168,765880,21840,37424113525707,37424113587978,37424113717898,37424127556997
101400,"void miso::kernels::add_rmsnorm_kernel<2048u, 512>(miso::kernels::AddRmsNormParams, unsigned int) [clone .kd]",1,1,101702,1059749,1059749,512,512,512,0,28,0,32,64,0x0,0x708db8461680,0.0386964145,98.7695312500,8,0.0000000000,0.5526698525,23,96,616,24,37424113663616,37424113717898,37424113845739,37424127437246
101401,"void miso::kernels::q4k_gemv_kernel<(miso::kernels::ActFormat)1, 2048u, 256, 4>(miso::kernels::Q4kGemvParams) [clone .kd]",1,1,101703,1059749,1059749,61440,256,0,0,72,0,48,64,0x0,0x708db844af40,27.3140077123,95.9887188360,960,0.0000000000,9.8682644483,0,32384,1202640,0,37424113819948,37424113845739,37424118588152,37424127328065
101402,"void miso::kernels::deltanet_step_kernel<256>(miso::kernels::DeltaNetStepParams) [clone .kd]",1,1,101704,1059749,1059749,8192,256,3072,0,184,0,64,64,0x0,0x708db8121400,3.2469760346,99.7167266187,128,0.0000000000,6.3006345094,1915,9536,84096,7616,37424118544490,37424118588152,37424118709912,37424127215531
101403,"void miso::kernels::q4k_gemv_kernel<(miso::kernels::ActFormat)1, 4096u, 256, 4>(miso::kernels::Q4kGemvParams) [clone .kd]",1,1,101705,1059749,1059749,61440,256,0,0,112,0,48,64,0x0,0x708db844afc0,13.4921653946,97.3213026928,960,0.0000000000,2.0713203143,0,16384,451392,0,37424118678508,37424118709912,37424118847673,37424127103365
101404,"void miso::kernels::add_rmsnorm_kernel<2048u, 512>(miso::kernels::AddRmsNormParams, unsigned int) [clone .kd]",1,1,101706,1059749,1059749,512,512,512,0,28,0,32,64,0x0,0x708db8461680,0.0432918003,98.7695312500,8,0.0000000000,1.4540130761,16,96,616,24,37424118808875,37424118847673,37424118950713,37424126954659
101405,"void miso::kernels::moe_router_kernel<256>(miso::kernels::MoeRouterParams) [clone .kd]",1,1,101707,1059749,1059749,16640,256,0,0,36,0,32,64,0x0,0x708daf3e3580,1.5943747264,94.2115461618,260,0.0000000000,4.2779046692,0,3084,25709,0,37424118929342,37424118950713,37424119084153,37424126845825
101406,"void miso::kernels::moe_gate_up_kernel<256>(miso::kernels::MoeGateUpParams) [clone .kd]",1,1,101708,1059749,1059749,30720,256,512,0,64,0,48,64,0x0,0x708daf3e35c0,27.1708899620,83.4136780886,480,0.0000000000,1.9099822532,818,23712,1256456,10593,37424119059811,37424119084153,37424119250554,37424126734987
101407,"void miso::kernels::moe_down_kernel<(miso::kernels::QType)0, 256>(miso::kernels::MoeDownParams) [clone .kd]",1,1,101709,1059749,1059749,30720,256,18944,0,84,0,32,64,0x0,0x708daf3e3600,20.3122522381,97.0492165064,480,7.2584074978,0.6129998996,200742,21168,765880,21840,37424119194996,37424119250554,37424119445114,37424126623005
101408,"void miso::kernels::add_rmsnorm_kernel<2048u, 512>(miso::kernels::AddRmsNormParams, unsigned int) [clone .kd]",1,1,101710,1059749,1059749,512,512,512,0,28,0,32,64,0x0,0x708db8461680,0.0425187016,98.7695312500,8,0.0000000000,1.0504468635,13,96,616,24,37424119393485,37424119445114,37424119543354,37424126505918
101409,"void miso::kernels::q6k_gemv_kernel<2048u, 256, 2>(miso::kernels::Q6kGemvParams) [clone .kd]",1,1,101711,1059749,1059749,122880,256,0,0,60,0,32,64,0x0,0x708db844b000,36.0126800204,97.7462768777,1920,0.0000000000,13.0500067233,0,48128,1430784,0,37424119523266,37424119543354,37424119701275,37424126391191
101410,"void miso::kernels::q4k_gemv_kernel<(miso::kernels::ActFormat)1, 2048u, 256, 4>(miso::kernels::Q4kGemvParams) [clone .kd]",1,1,101712,1059749,1059749,61440,256,0,0,72,0,48,64,0x0,0x708db844af40,16.9124582532,96.7215599917,960,0.0000000000,6.4824109870,0,16000,496080,0,37424119654174,37424119701275,37424119818875,37424126278266
101411,"void miso::kernels::deltanet_step_kernel<256>(miso::kernels::DeltaNetStepParams) [clone .kd]",1,1,101713,1059749,1059749,8192,256,3072,0,184,0,64,64,0x0,0x708db8121400,3.2683772742,99.7167266187,128,0.0000000000,1.7171396687,1724,9536,84096,7616,37424119782833,37424119818875,37424119939196,37424126125217
101412,"void miso::kernels::q4k_gemv_kernel<(miso::kernels::ActFormat)1, 4096u, 256, 4>(miso::kernels::Q4kGemvParams) [clone .kd]",1,1,101714,1059749,1059749,61440,256,0,0,112,0,48,64,0x0,0x708db844afc0,14.4195413252,97.3204451533,960,0.0000000000,1.9905033414,0,16384,451392,0,37424119907263,37424119939196,37424120072156,37424125955419
101413,"void miso::kernels::add_rmsnorm_kernel<2048u, 512>(miso::kernels::AddRmsNormParams, unsigned int) [clone .kd]",1,1,101715,1059749,1059749,512,512,512,0,28,0,32,64,0x0,0x708db8461680,0.0449728757,98.7695312500,8,0.0000000000,0.4584119087,16,96,616,24,37424120032592,37424120072156,37424120176156,37424125822288
101414,"void miso::kernels::moe_router_kernel<256>(miso::kernels::MoeRouterParams) [clone .kd]",1,1,101716,1059749,1059749,16640,256,0,0,36,0,32,64,0x0,0x708daf3e3580,1.7426930898,94.2115461618,260,0.0000000000,0.4825376735,0,3084,25709,0,37424120154588,37424120176156,37424120307197,37424125698566
101415,"void miso::kernels::moe_gate_up_kernel<256>(miso::kernels::MoeGateUpParams) [clone .kd]",1,1,101717,1059749,1059749,30720,256,512,0,64,0,48,64,0x0,0x708daf3e35c0,30.1046550108,83.4026661354,480,0.0000000000,1.5787576296,706,23712,1256456,10593,37424120283478,37424120307197,37424120485277,37424125582418
101416,"void miso::kernels::moe_down_kernel<(miso::kernels::QType)1, 256>(miso::kernels::MoeDownParams) [clone .kd]",1,1,101718,1059749,1059749,30720,256,18944,0,108,0,32,64,0x0,0x708daf3e3640,25.6239885899,98.5061927444,480,6.3194273019,0.5023333749,303175,33456,1113176,21840,37424120428995,37424120485277,37424120607997,37424125453977
101417,"void miso::kernels::add_rmsnorm_kernel<2048u, 512>(miso::kernels::AddRmsNormParams, unsigned int) [clone .kd]",1,1,101719,1059749,1059749,512,512,512,0,28,0,32,64,0x0,0x708db8461680,0.0429622469,98.7695312500,8,0.0000000000,0.4322359119,19,96,616,24,37424120555847,37424120607997,37424120711678,37424125336139
101418,"void miso::kernels::q4k_gemv_kernel<(miso::kernels::ActFormat)1, 2048u, 256, 4>(miso::kernels::Q4kGemvParams) [clone .kd]",1,1,101720,1059749,1059749,61440,256,0,0,72,0,48,64,0x0,0x708db844af40,24.5920522121,96.1689603816,960,0.0000000000,8.5878107973,0,25088,888000,0,37424120689436,37424120711678,37424120859198,37424125166287
101419,"void miso::kernels::q6k_gemv_kernel<2048u, 256, 1>(miso::kernels::Q6kGemvParams) [clone .kd]",1,1,101721,1059749,1059749,61440,256,0,0,60,0,32,64,0x0,0x708db844b040,9.2400216346,97.9878539548,960,0.0000000000,0.3052579118,0,6144,149312,0,37424120814595,37424120859198,37424120970718,37424125165828
101420,"void miso::kernels::attn_prep_kernel<256>(miso::kernels::AttnPrepParams) [clone .kd]",1,1,101722,1059749,1059749,4608,256,1536,0,28,0,64,64,0x0,0x708daf3b2400,0.3914884826,97.9857708255,72,0.0000000000,0.8294270241,89,170,4946,288,37424120941344,37424120970718,37424121096319,37424141026067
101421,"void miso::kernels::attn_split_kernel<256>(miso::kernels::AttnSplitParams) [clone .kd]",1,1,101723,1059749,1059749,4608,256,42496,0,96,0,32,64,0x0,0x708daf3b2440,3.0447161280,96.3814238567,72,0.5263535660,0.2334399810,4567,1136,74846,22744,37424121074458,37424121096319,37424121230559,37424140916176
101422,"void miso::kernels::attn_combine_kernel<256>(miso::kernels::AttnCombineParams) [clone .kd]",1,1,101724,1059749,1059749,4096,256,0,0,16,0,32,64,0x0,0x708daf3b2480,0.5115975056,99.4561464088,64,0.0000000000,0.1567398119,0,2368,9152,0,37424121201341,37424121230559,37424121363999,37424140806861
101423,"void miso::kernels::q4k_gemv_kernel<(miso::kernels::ActFormat)1, 4096u, 256, 4>(miso::kernels::Q4kGemvParams) [clone .kd]",1,1,101725,1059749,1059749,61440,256,0,0,112,0,48,64,0x0,0x708db844afc0,13.9658938482,97.3210883065,960,0.0000000000,1.2226066897,0,16384,451392,0,37424121338257,37424121363999,37424121500320,37424140696019
101424,"void miso::kernels::add_rmsnorm_kernel<2048u, 512>(miso::kernels::AddRmsNormParams, unsigned int) [clone .kd]",1,1,101726,1059749,1059749,512,512,512,0,28,0,32,64,0x0,0x708db8461680,0.0440552894,98.7695312500,8,0.0000000000,0.3796247941,20,96,616,24,37424121461422,37424121500320,37424121613280,37424140583459
101425,"void miso::kernels::moe_router_kernel<256>(miso::kernels::MoeRouterParams) [clone .kd]",1,1,101727,1059749,1059749,16640,256,0,0,36,0,32,64,0x0,0x708daf3e3580,1.7032346064,94.2115461618,260,0.0000000000,0.2705283259,0,3084,25709,0,37424121591318,37424121613280,37424121757601,37424140473370
101426,"void miso::kernels::moe_gate_up_kernel<256>(miso::kernels::MoeGateUpParams) [clone .kd]",1,1,101728,1059749,1059749,30720,256,512,0,64,0,48,64,0x0,0x708daf3e35c0,28.7192573982,83.4037489694,480,0.0000000000,2.0181565163,1026,23712,1256456,10593,37424121733779,37424121757601,37424121915201,37424140357607
101427,"void miso::kernels::moe_down_kernel<(miso::kernels::QType)1, 256>(miso::kernels::MoeDownParams) [clone .kd]",1,1,101729,1059749,1059749,30720,256,18944,0,108,0,32,64,0x0,0x708daf3e3640,28.7748827086,98.4991638050,480,7.0959992608,0.6567816683,303453,33456,1113176,21840,37424121857294,37424121915201,37424122035841,37424140247769
101428,"void miso::kernels::add_rmsnorm_kernel<2048u, 512>(miso::kernels::AddRmsNormParams, unsigned int) [clone .kd]",1,1,101730,1059749,1059749,512,512,512,0,28,0,32,64,0x0,0x708db8461680,0.0465021653,98.7695312500,8,0.0000000000,0.4190170853,20,96,616,24,37424121985841,37424122035841,37424122137122,37424140140309
101429,"void miso::kernels::q6k_gemv_kernel<2048u, 256, 2>(miso::kernels::Q6kGemvParams) [clone .kd]",1,1,101731,1059749,1059749,122880,256,0,0,60,0,32,64,0x0,0x708db844b000,40.5124621085,97.7440421012,1920,0.0000000000,13.0867844139,0,48128,1430784,0,37424122114741,37424122137122,37424122297922,37424140027665
101430,"void miso::kernels::q4k_gemv_kernel<(miso::kernels::ActFormat)1, 2048u, 256, 4>(miso::kernels::Q4kGemvParams) [clone .kd]",1,1,101732,1059749,1059749,61440,256,0,0,72,0,48,64,0x0,0x708db844af40,16.5798542212,96.7217529197,960,0.0000000000,5.1260302952,0,16000,496080,0,37424122251983,37424122297922,37424122409122,37424139914204
101431,"void miso::kernels::deltanet_step_kernel<256>(miso::kernels::DeltaNetStepParams) [clone .kd]",1,1,101733,1059749,1059749,8192,256,3072,0,184,0,64,64,0x0,0x708db8121400,3.3928299008,99.7167266187,128,0.0000000000,1.8994593633,1921,9536,84096,7616,37424122372766,37424122409122,37424122533923,37424139801727
101432,"void miso::kernels::q4k_gemv_kernel<(miso::kernels::ActFormat)1, 4096u, 256, 4>(miso::kernels::Q4kGemvParams) [clone .kd]",1,1,101734,1059749,1059749,61440,256,0,0,112,0,48,64,0x0,0x708db844afc0,14.0635959205,97.3204451533,960,0.0000000000,2.6275230721,0,16384,451392,0,37424122503105,37424122533923,37424122676803,37424139691053
101433,"void miso::kernels::add_rmsnorm_kernel<2048u, 512>(miso::kernels::AddRmsNormParams, unsigned int) [clone .kd]",1,1,101735,1059749,1059749,512,512,512,0,28,0,32,64,0x0,0x708db8461680,0.0438993607,98.7695312500,8,0.0000000000,0.4203861324,14,96,616,24,37424122637250,37424122676803,37424122782083,37424139546465
101434,"void miso::kernels::moe_router_kernel<256>(miso::kernels::MoeRouterParams) [clone .kd]",1,1,101736,1059749,1059749,16640,256,0,0,36,0,32,64,0x0,0x708daf3e3580,1.7756876447,94.2115461618,260,0.0000000000,0.4604441220,0,3084,25709,0,37424122759571,37424122782083,37424122915684,37424139426746
101435,"void miso::kernels::moe_gate_up_kernel<256>(miso::kernels::MoeGateUpParams) [clone .kd]",1,1,101737,1059749,1059749,30720,256,512,0,64,0,48,64,0x0,0x708daf3e35c0,28.5088360756,83.4046097331,480,0.0000000000,1.8626050255,648,23712,1256456,10593,37424122892905,37424122915684,37424123081284,37424139320515
101436,"void miso::kernels::moe_down_kernel<(miso::kernels::QType)1, 256>(miso::kernels::MoeDownParams) [clone .kd]",1,1,101738,1059749,1059749,30720,256,18944,0,108,0,32,64,0x0,0x708daf3e3640,26.9601165912,98.5093560945,480,6.6491587544,0.6951270416,302817,33456,1113176,21840,37424123024977,37424123081284,37424123211365,37424139210601
101437,"void miso::kernels::add_rmsnorm_kernel<2048u, 512>(miso::kernels::AddRmsNormParams, unsigned int) [clone .kd]",1,1,101739,1059749,1059749,512,512,512,0,28,0,32,64,0x0,0x708db8461680,0.0434080766,98.7695312500,8,0.0000000000,0.4122439387,21,96,616,24,37424123159027,37424123211365,37424123447205,37424139098230
101438,"void miso::kernels::q6k_gemv_kernel<2048u, 256, 2>(miso::kernels::Q6kGemvParams) [clone .kd]",1,1,101740,1059749,1059749,122880,256,0,0,60,0,32,64,0x0,0x708db844b000,37.5396874935,97.7414688489,1920,0.0000000000,12.1901142429,0,48128,1430784,0,37424123424977,37424123447205,37424123776166,37424138951460
101439,"void miso::kernels::q4k_gemv_kernel<(miso::kernels::ActFormat)1, 2048u, 256, 4>(miso::kernels::Q4kGemvParams) [clone .kd]",1,1,101741,1059749,1059749,61440,256,0,0,72,0,48,64,0x0,0x708db844af40,17.7546163490,96.7227175713,960,0.0000000000,5.2324324324,0,16000,496080,0,37424123728897,37424123776166,37424123918567,37424138839468
101440,"void miso::kernels::deltanet_step_kernel<256>(miso::kernels::DeltaNetStepParams) [clone .kd]",1,1,101742,1059749,1059749,8192,256,3072,0,184,0,64,64,0x0,0x708db8121400,3.3657193014,99.7167266187,128,0.0000000000,1.5661917377,1824,9536,84096,7616,37424123886350,37424123918567,37424124050087,37424138730253
101441,"void miso::kernels::q4k_gemv_kernel<(miso::kernels::ActFormat)1, 4096u, 256, 4>(miso::kernels::Q4kGemvParams) [clone .kd]",1,1,101743,1059749,1059749,61440,256,0,0,112,0,48,64,0x0,0x708db844afc0,14.5822732763,97.3213026928,960,0.0000000000,5.8304919240,0,16384,451392,0,37424124019253,37424124050087,37424124204167,37424138620004
101442,"void miso::kernels::add_rmsnorm_kernel<2048u, 512>(miso::kernels::AddRmsNormParams, unsigned int) [clone .kd]",1,1,101744,1059749,1059749,512,512,512,0,28,0,32,64,0x0,0x708db8461680,0.0430680610,98.7695312500,8,0.0000000000,0.9142363438,16,96,616,24,37424124157194,37424124204167,37424124314568,37424138507527
101443,"void miso::kernels::moe_router_kernel<256>(miso::kernels::MoeRouterParams) [clone .kd]",1,1,101745,1059749,1059749,16640,256,0,0,36,0,32,64,0x0,0x708daf3e3580,1.6920247774,94.2115461618,260,0.0000000000,6.3574927264,0,3084,25709,0,37424124285259,37424124314568,37424124450408,37424138397660
101444,"void miso::kernels::moe_gate_up_kernel<256>(miso::kernels::MoeGateUpParams) [clone .kd]",1,1,101746,1059749,1059749,30720,256,512,0,64,0,48,64,0x0,0x708daf3e35c0,29.7202294250,83.4073130569,480,0.0000000000,1.4813662664,723,23712,1256456,10593,37424124426781,37424124450408,37424124609128,37424138286020
101445,"void miso::kernels::moe_down_kernel<(miso::kernels::QType)1, 256>(miso::kernels::MoeDownParams) [clone .kd]",1,1,101747,1059749,1059749,30720,256,18944,0,108,0,32,64,0x0,0x708daf3e3640,27.7520893985,98.5097954647,480,6.8445131008,0.7917588382,303594,33456,1113176,21840,37424124552008,37424124609128,37424124735049,37424138173454
101446,"void miso::kernels::add_rmsnorm_kernel<2048u, 512>(miso::kernels::AddRmsNormParams, unsigned int) [clone .kd]",1,1,101748,1059749,1059749,512,512,512,0,28,0,32,64,0x0,0x708db8461680,0.0465996796,98.7695312500,8,0.0000000000,0.8884838820,18,96,616,24,37424124682397,37424124735049,37424124848489,37424138059030
101447,"void miso::kernels::q6k_gemv_kernel<2048u, 256, 2>(miso::kernels::Q6kGemvParams) [clone .kd]",1,1,101749,1059749,1059749,122880,256,0,0,60,0,32,64,0x0,0x708db844b000,39.5735177996,97.7454642199,1920,0.0000000000,12.7028853093,0,48128,1430784,0,37424124827590,37424124848489,37424125004170,37424137942183
101448,"void miso::kernels::q4k_gemv_kernel<(miso::kernels::ActFormat)1, 2048u, 256, 4>(miso::kernels::Q4kGemvParams) [clone .kd]",1,1,101750,1059749,1059749,61440,256,0,0,72,0,48,64,0x0,0x708db844af40,18.7294062269,96.7198236743,960,0.0000000000,5.1668216093,0,16000,496080,0,37424124956686,37424125004170,37424125124330,37424137832063
101449,"void miso::kernels::deltanet_step_kernel<256>(miso::kernels::DeltaNetStepParams) [clone .kd]",1,1,101751,1059749,1059749,8192,256,3072,0,184,0,64,64,0x0,0x708db8121400,3.1989873709,99.7167266187,128,0.0000000000,4.5715766948,1850,9536,84096,7616,37424125092071,37424125124330,37424125267050,37424137721226
101450,"void miso::kernels::q4k_gemv_kernel<(miso::kernels::ActFormat)1, 4096u, 256, 4>(miso::kernels::Q4kGemvParams) [clone .kd]",1,1,101752,1059749,1059749,61440,256,0,0,112,0,48,64,0x0,0x708db844afc0,13.3385047542,97.3213026928,960,0.0000000000,2.1158553168,0,16384,451392,0,37424125225077,37424125267050,37424130629945,37424137609107
101451,"void miso::kernels::add_rmsnorm_kernel<2048u, 512>(miso::kernels::AddRmsNormParams, unsigned int) [clone .kd]",1,1,101753,1059749,1059749,512,512,512,0,28,0,32,64,0x0,0x708db8461680,0.0430732784,98.7695312500,8,0.0000000000,0.4547521601,19,96,616,24,37424130590021,37424130629945,37424130738105,37424137501379
101452,"void miso::kernels::moe_router_kernel<256>(miso::kernels::MoeRouterParams) [clone .kd]",1,1,101754,1059749,1059749,16640,256,0,0,36,0,32,64,0x0,0x708daf3e3580,1.6743286212,94.2115461618,260,0.0000000000,0.4567715201,0,3084,25709,0,37424130715270,37424130738105,37424130860826,37424137393953
101453,"void miso::kernels::moe_gate_up_kernel<256>(miso::kernels::MoeGateUpParams) [clone .kd]",1,1,101755,1059749,1059749,30720,256,512,0,64,0,48,64,0x0,0x708daf3e35c0,29.2819140613,83.4105273444,480,0.0000000000,1.4540909262,784,23712,1256456,10593,37424130836332,37424130860826,37424131013146,37424137285733
101454,"void miso::kernels::moe_down_kernel<(miso::kernels::QType)1, 256>(miso::kernels::MoeDownParams) [clone .kd]",1,1,101756,1059749,1059749,30720,256,18944,0,108,0,32,64,0x0,0x708daf3e3640,28.3418025534,98.5070714324,480,6.9897610922,1.1806100250,303370,33456,1113176,21840,37424130957281,37424131013146,37424131247227,37424137177785
101455,"void miso::kernels::add_rmsnorm_kernel<2048u, 512>(miso::kernels::AddRmsNormParams, unsigned int) [clone .kd]",1,1,101757,1059749,1059749,512,512,512,0,28,0,32,64,0x0,0x708db8461680,0.0435801057,98.7695312500,8,0.0000000000,0.4251037089,16,96,616,24,37424131197451,37424131247227,37424131347387,37424137069978
101456,"void miso::kernels::q4k_gemv_kernel<(miso::kernels::ActFormat)1, 2048u, 256, 4>(miso::kernels::Q4kGemvParams) [clone .kd]",1,1,101758,1059749,1059749,61440,256,0,0,72,0,48,64,0x0,0x708db844af40,26.3845797163,96.1697091577,960,0.0000000000,8.3119248914,0,25088,888000,0,37424131325709,37424131347387,37424131500347,37424136958123
101457,"void miso::kernels::q6k_gemv_kernel<2048u, 256, 1>(miso::kernels::Q6kGemvParams) [clone .kd]",1,1,101759,1059749,1059749,61440,256,0,0,60,0,32,64,0x0,0x708db844b040,9.4948652848,97.9885057471,960,0.0000000000,0.3280433520,0,6144,149312,0,37424131455316,37424131500347,37424131598748,37424136846382
101458,"void miso::kernels::attn_prep_kernel<256>(miso::kernels::AttnPrepParams) [clone .kd]",1,1,101760,1059749,1059749,4608,256,1536,0,28,0,64,64,0x0,0x708daf3b2400,0.3751307938,97.9857708255,72,0.0000000000,0.8450794739,91,170,4946,288,37424131575298,37424131598748,37424131727708,37424136734472
101459,"void miso::kernels::attn_split_kernel<256>(miso::kernels::AttnSplitParams) [clone .kd]",1,1,101761,1059749,1059749,4608,256,42496,0,96,0,32,64,0x0,0x708daf3b2440,3.0927384077,96.3814238567,72,0.5346553903,0.1906684612,4785,1136,74846,22744,37424131705648,37424131727708,37424131861308,37424136626750
101460,"void miso::kernels::attn_combine_kernel<256>(miso::kernels::AttnCombineParams) [clone .kd]",1,1,101762,1059749,1059749,4096,256,0,0,16,0,32,64,0x0,0x708daf3b2480,0.7151676792,99.4561464088,64,0.0000000000,0.1584854678,0,2368,9152,0,37424131830372,37424131861308,37424131982429,37424136517319
101461,"void miso::kernels::q4k_gemv_kernel<(miso::kernels::ActFormat)1, 4096u, 256, 4>(miso::kernels::Q4kGemvParams) [clone .kd]",1,1,101763,1059749,1059749,61440,256,0,0,112,0,48,64,0x0,0x708db844afc0,13.4246838662,97.3210883065,960,0.0000000000,1.1653758542,0,16384,451392,0,37424131957506,37424131982429,37424132123229,37424136404101
101462,"void miso::kernels::add_rmsnorm_kernel<2048u, 512>(miso::kernels::AddRmsNormParams, unsigned int) [clone .kd]",1,1,101764,1059749,1059749,512,512,512,0,28,0,32,64,0x0,0x708db8461680,0.0436603768,98.7695312500,8,0.0000000000,0.4290903285,17,96,616,24,37424132083389,37424132123229,37424132227229,37424136248679
101463,"void miso::kernels::moe_router_kernel<256>(miso::kernels::MoeRouterParams) [clone .kd]",1,1,101765,1059749,1059749,16640,256,0,0,36,0,32,64,0x0,0x708daf3e3580,1.7241311294,94.2115461618,260,0.0000000000,0.2709895489,0,3084,25709,0,37424132205159,37424132227229,37424132358750,37424136063905
101464,"void miso::kernels::moe_gate_up_kernel<256>(miso::kernels::MoeGateUpParams) [clone .kd]",1,1,101766,1059749,1059749,30720,256,512,0,64,0,48,64,0x0,0x708daf3e35c0,30.0123489035,83.4015856888,480,0.0000000000,1.4104323081,718,23712,1256456,10593,37424132336049,37424132358750,37424132528350,37424136063363
101465,"void miso::kernels::moe_down_kernel<(miso::kernels::QType)1, 256>(miso::kernels::MoeDownParams) [clone .kd]",1,1,101767,1059749,1059749,30720,256,18944,0,108,0,32,64,0x0,0x708daf3e3640,27.4993499453,98.5094439682,480,6.7821556305,0.9859733151,303139,33456,1113176,21840,37424132464451,37424132528350,37424132646111,37424151404649
101466,"void miso::kernels::add_rmsnorm_kernel<2048u, 512>(miso::kernels::AddRmsNormParams, unsigned int) [clone .kd]",1,1,101768,1059749,1059749,512,512,512,0,28,0,32,64,0x0,0x708db8461680,0.0463687475,98.7695312500,8,0.0000000000,0.4855236507,20,96,616,24,37424132595099,37424132646111,37424132739711,37424151297497
101467,"void miso::kernels::q6k_gemv_kernel<2048u, 256, 1>(miso::kernels::Q6kGemvParams) [clone .kd]",1,1,101769,1059749,1059749,491520,256,0,0,60,0,32,64,0x0,0x708db844b040,58.4690495943,95.9643027972,7680,0.0000000000,44.1205086750,0,1054720,35909120,0,37424132717489,37424132739711,37424133558433,37424151187671
101468,"void miso::kernels::argmax_partial_kernel<256>(miso::kernels::ArgmaxParams) [clone .kd]",1,1,101770,1059749,1059749,61440,256,2048,0,12,0,32,64,0x0,0x708db84616c0,4.9707742989,90.2769123059,960,0.0000000000,0.5623585785,3356,4078,61245,10175,37424132846454,37424133558433,37424133591393,37424151074530
101469,"void miso::kernels::argmax_final_kernel<256>(miso::kernels::ArgmaxParams) [clone .kd]",1,1,101771,1059749,1059749,256,256,2048,0,12,0,32,64,0x0,0x708db8461700,0.0117073171,86.3606770833,4,0.0000000000,0.0135528067,2,8,140,40,37424132975499,37424133591393,37424133619233,37424150963848
101470,"void miso::kernels::embed_q4k_kernel<2048u, 256>(miso::kernels::EmbedParams, unsigned int) [clone .kd]",1,1,101772,1059749,1059749,256,256,0,0,24,0,32,64,0x0,0x708db8461740,0.0740233036,100.0000000000,4,0.0000000000,0.4182662685,0,128,972,0,37424133113819,37424133619233,37424133647713,37424150853355
101471,"void miso::kernels::add_rmsnorm_kernel<2048u, 512>(miso::kernels::AddRmsNormParams, unsigned int) [clone .kd]",1,1,101773,1059749,1059749,512,512,512,0,28,0,32,64,0x0,0x708db8461680,0.0468577274,98.6135563380,8,0.0000000000,0.3019926761,31,64,544,24,37424133246396,37424133647713,37424133675073,37424150743799
101472,"void miso::kernels::q6k_gemv_kernel<2048u, 256, 2>(miso::kernels::Q6kGemvParams) [clone .kd]",1,1,101774,1059749,1059749,122880,256,0,0,60,0,32,64,0x0,0x708db844b000,36.6757127611,97.7468863799,1920,0.0000000000,11.0948754534,0,48128,1430784,0,37424133377265,37424133675073,37424133730274,37424150636434
101473,"void miso::kernels::q4k_gemv_kernel<(miso::kernels::ActFormat)1, 2048u, 256, 4>(miso::kernels::Q4kGemvParams) [clone .kd]",1,1,101775,1059749,1059749,61440,256,0,0,72,0,48,64,0x0,0x708db844af40,20.8860142482,96.7232963714,960,0.0000000000,7.0474694198,0,16000,496080,0,37424133554425,37424133730274,37424133774434,37424150521149
101474,"void miso::kernels::deltanet_step_kernel<256>(miso::kernels::DeltaNetStepParams) [clone .kd]",1,1,101776,1059749,1059749,8192,256,3072,0,184,0,64,64,0x0,0x708db8121400,3.4469397560,99.7167266187,128,0.0000000000,1.7270242990,1761,9536,84096,7616,37424133707663,37424133774434,37424133864514,37424150413980
101475,"void miso::kernels::q4k_gemv_kernel<(miso::kernels::ActFormat)1, 4096u, 256, 4>(miso::kernels::Q4kGemvParams) [clone .kd]",1,1,101777,1059749,1059749,61440,256,0,0,112,0,48,64,0x0,0x708db844afc0,13.8152408777,97.3206595367,960,0.0000000000,1.4784636391,0,16384,451392,0,37424133833012,37424133864514,37424133991234,37424150307926
101476,"void miso::kernels::add_rmsnorm_kernel<2048u, 512>(miso::kernels::AddRmsNormParams, unsigned int) [clone .kd]",1,1,101778,1059749,1059749,512,512,512,0,28,0,32,64,0x0,0x708db8461680,0.0408700206,98.7695312500,8,0.0000000000,0.3894017650,13,96,616,24,37424133952279,37424133991234,37424134118595,37424150196458
101477,"void miso::kernels::moe_router_kernel<256>(miso::kernels::MoeRouterParams) [clone .kd]",1,1,101779,1059749,1059749,16640,256,0,0,36,0,32,64,0x0,0x708daf3e3580,1.6912390682,94.2115461618,260,0.0000000000,0.4599365875,0,3084,25709,0,37424134095835,37424134118595,37424134246115,37424150082571
101478,"void miso::kernels::moe_gate_up_kernel<256>(miso::kernels::MoeGateUpParams) [clone .kd]",1,1,101780,1059749,1059749,30720,256,512,0,64,0,48,64,0x0,0x708daf3e35c0,29.7567220057,83.4114830454,480,0.0000000000,1.2488242949,691,23712,1256456,10593,37424134223005,37424134246115,37424134412995,37424149965710
101479,"void miso::kernels::moe_down_kernel<(miso::kernels::QType)1, 256>(miso::kernels::MoeDownParams) [clone .kd]",1,1,101781,1059749,1059749,30720,256,18944,0,108,0,32,64,0x0,0x708daf3e3640,26.4644118369,98.5039082291,480,6.5265424055,2.7747026336,248537,33456,1113176,21840,37424134357025,37424134412995,37424134559236,37424149854079
101480,"void miso::kernels::add_rmsnorm_kernel<2048u, 512>(miso::kernels::AddRmsNormParams, unsigned int) [clone .kd]",1,1,101782,1059749,1059749,512,512,512,0,28,0,32,64,0x0,0x708db8461680,0.0463707632,98.7695312500,8,0.0000000000,1.3909556128,14,96,616,24,37424134505374,37424134559236,37424134651716,37424149741866
101481,"void miso::kernels::q6k_gemv_kernel<2048u, 256, 2>(miso::kernels::Q6kGemvParams) [clone .kd]",1,1,101783,1059749,1059749,122880,256,0,0,60,0,32,64,0x0,0x708db844b000,40.8704405294,97.7422137238,1920,0.0000000000,13.2856242213,0,48128,1430784,0,37424134629196,37424134651716,37424134806917,37424149617381
101482,"void miso::kernels::q4k_gemv_kernel<(miso::kernels::ActFormat)1, 2048u, 256, 4>(miso::kernels::Q4kGemvParams) [clone .kd]",1,1,101784,1059749,1059749,61440,256,0,0,72,0,48,64,0x0,0x708db844af40,16.7535522851,96.7207882874,960,0.0000000000,5.0028288247,0,16000,496080,0,37424134759428,37424134806917,37424134921637,37424149494808
101483,"void miso::kernels::deltanet_step_kernel<256>(miso::kernels::DeltaNetStepParams) [clone .kd]",1,1,101785,1059749,1059749,8192,256,3072,0,184,0,64,64,0x0,0x708db8121400,3.4394234635,99.7167266187,128,0.0000000000,4.8017128820,1886,9536,84096,7616,37424134886258,37424134921637,37424135051557,37424149375387
101484,"void miso::kernels::q4k_gemv_kernel<(miso::kernels::ActFormat)1, 4096u, 256, 4>(miso::kernels::Q4kGemvParams) [clone .kd]",1,1,101786,1059749,1059749,61440,256,0,0,112,0,48,64,0x0,0x708db844afc0,14.0786502915,97.3213026928,960,0.0000000000,1.6130182791,0,16384,451392,0,37424135019969,37424135051557,37424135187398,37424149260970
101485,"void miso::kernels::add_rmsnorm_kernel<2048u, 512>(miso::kernels::AddRmsNormParams, unsigned int) [clone .kd]",1,1,101787,1059749,1059749,512,512,512,0,28,0,32,64,0x0,0x708db8461680,0.0444796575,98.7695312500,8,0.0000000000,0.4736842105,16,96,616,24,37424135147178,37424135187398,37424135301798,37424149146175
101486,"void miso::kernels::moe_router_kernel<256>(miso::kernels::MoeRouterParams) [clone .kd]",1,1,101788,1059749,1059749,16640,256,0,0,36,0,32,64,0x0,0x708daf3e3580,1.7791573377,94.2115461618,260,0.0000000000,4.2649215841,0,3084,25709,0,37424135279077,37424135301798,37424135442598,37424149020665
101487,"void miso::kernels::moe_gate_up_kernel<256>(miso::kernels::MoeGateUpParams) [clone .kd]",1,1,101789,1059749,1059749,30720,256,512,0,64,0,48,64,0x0,0x708daf3e35c0,22.8409534770,83.4143774673,480,0.0000000000,1.4767823123,985,23712,1256456,10593,37424135418846,37424135442598,37424135615399,37424148899373
101488,"void miso::kernels::moe_down_kernel<(miso::kernels::QType)1, 256>(miso::kernels::MoeDownParams) [clone .kd]",1,1,101790,1059749,1059749,30720,256,18944,0,108,0,32,64,0x0,0x708daf3e3640,28.9633292513,98.5060170087,480,7.1429678659,1.2279528116,303651,33456,1113176,21840,37424135544123,37424135615399,37424135743719,37424148780356
101489,"void miso::kernels::add_rmsnorm_kernel<2048u, 512>(miso::kernels::AddRmsNormParams, unsigned int) [clone .kd]",1,1,101791,1059749,1059749,512,512,512,0,28,0,32,64,0x0,0x708db8461680,0.0458387051,98.7695312500,8,0.0000000000,1.1922962585,16,96,616,24,37424135693232,37424135743719,37424135839239,37424148658489
101490,"void miso::kernels::q6k_gemv_kernel<2048u, 256, 2>(miso::kernels::Q6kGemvParams) [clone .kd]",1,1,101792,1059749,1059749,122880,256,0,0,60,0,32,64,0x0,0x708db844b000,36.4154266136,97.7466154891,1920,0.0000000000,11.0759257323,0,48128,1430784,0,37424135816982,37424135839239,37424136015400,37424148537143
101491,"void miso::kernels::q4k_gemv_kernel<(miso::kernels::ActFormat)1, 2048u, 256, 4>(miso::kernels::Q4kGemvParams) [clone .kd]",1,1,101793,1059749,1059749,61440,256,0,0,72,0,48,64,0x0,0x708db844af40,14.1915915100,96.7217529197,960,0.0000000000,5.9976720626,0,16000,496080,0,37424135961808,37424136015400,37424136361321,37424148411522
101492,"void miso::kernels::deltanet_step_kernel<256>(miso::kernels::DeltaNetStepParams) [clone .kd]",1,1,101794,1059749,1059749,8192,256,3072,0,184,0,64,64,0x0,0x708db8121400,3.3080470028,99.7167266187,128,0.0000000000,2.0735845291,1770,9536,84096,7616,37424136315508,37424136361321,37424141379735,37424148288682
101493,"void miso::kernels::q4k_gemv_kernel<(miso::kernels::ActFormat)1, 4096u, 256, 4>(miso::kernels::Q4kGemvParams) [clone .kd]",1,1,101795,1059749,1059749,61440,256,0,0,112,0,48,64,0x0,0x708db844afc0,13.6915188804,97.3204451533,960,0.0000000000,1.4846945326,0,16384,451392,0,37424141342795,37424141379735,37424141514615,37424147982336
101494,"void miso::kernels::add_rmsnorm_kernel<2048u, 512>(miso::kernels::AddRmsNormParams, unsigned int) [clone .kd]",1,1,101796,1059749,1059749,512,512,512,0,28,0,32,64,0x0,0x708db8461680,0.0456855691,98.7695312500,8,0.0000000000,0.4293835423,17,96,616,24,37424141475650,37424141514615,37424141614775,37424147853311
101495,"void miso::kernels::moe_router_kernel<256>(miso::kernels::MoeRouterParams) [clone .kd]",1,1,101797,1059749,1059749,16640,256,0,0,36,0,32,64,0x0,0x708daf3e3580,1.6708081658,94.2115461618,260,0.0000000000,0.4743910954,0,3084,25709,0,37424141592467,37424141614775,37424141745656,37424147737798
101496,"void miso::kernels::moe_gate_up_kernel<256>(miso::kernels::MoeGateUpParams) [clone .kd]",1,1,101798,1059749,1059749,30720,256,512,0,64,0,48,64,0x0,0x708daf3e35c0,29.6296949711,83.4015842821,480,0.0000000000,1.8105174346,728,23712,1256456,10593,37424141721443,37424141745656,37424141901336,37424147629000
101497,"void miso::kernels::moe_down_kernel<(miso::kernels::QType)1, 256>(miso::kernels::MoeDownParams) [clone .kd]",1,1,101799,1059749,1059749,30720,256,18944,0,108,0,32,64,0x0,0x708daf3e3640,26.4353017741,98.5035567746,480,6.5193401432,1.4738297668,303134,33456,1113176,21840,37424141844978,37424141901336,37424142020056,37424147517247
101498,"void miso::kernels::add_rmsnorm_kernel<2048u, 512>(miso::kernels::AddRmsNormParams, unsigned int) [clone .kd]",1,1,101800,1059749,1059749,512,512,512,0,28,0,32,64,0x0,0x708db8461680,0.0433798311,98.7695312500,8,0.0000000000,0.4007938052,20,96,616,24,37424141968712,37424142020056,37424142121657,37424147406717
101499,"void miso::kernels::q4k_gemv_kernel<(miso::kernels::ActFormat)1, 2048u, 256, 4>(miso::kernels::Q4kGemvParams) [clone .kd]",1,1,101801,1059749,1059749,61440,256,0,0,72,0,48,64,0x0,0x708db844af40,23.9119494848,96.1735601908,960,0.0000000000,9.3929830314,0,25088,888000,0,37424142099294,37424142121657,37424142265977,37424147295490
101500,"void miso::kernels::q6k_gemv_kernel<2048u, 256, 1>(miso::kernels::Q6kGemvParams) [clone .kd]",1,1,101802,1059749,1059749,61440,256,0,0,60,0,32,64,0x0,0x708db844b040,9.1332531409,97.9878539548,960,0.0000000000,0.3884720691,0,6144,149312,0,37424142222199,37424142265977,37424142369017,37424147188521
101501,"void miso::kernels::attn_prep_kernel<256>(miso::kernels::AttnPrepParams) [clone .kd]",1,1,101803,1059749,1059749,4608,256,1536,0,28,0,64,64,0x0,0x708daf3b2400,0.3781303003,97.9857708255,72,0.0000000000,0.7912150102,81,170,4946,288,37424142346194,37424142369017,37424142494778,37424147077348
101502,"void miso::kernels::attn_split_kernel<256>(miso::kernels::AttnSplitParams) [clone .kd]",1,1,101804,1059749,1059749,4608,256,42496,0,96,0,32,64,0x0,0x708daf3b2440,3.0549960032,96.5660814276,72,0.5285371703,0.2391320302,4725,1136,74926,22784,37424142473293,37424142494778,37424142633338,37424146960965
101503,"void miso::kernels::attn_combine_kernel<256>(miso::kernels::AttnCombineParams) [clone .kd]",1,1,101805,1059749,1059749,4096,256,0,0,16,0,32,64,0x0,0x708daf3b2480,0.6558862164,99.4561464088,64,0.0000000000,0.1772861043,0,2368,9152,0,37424142603175,37424142633338,37424142752698,37424146850103
101504,"void miso::kernels::q4k_gemv_kernel<(miso::kernels::ActFormat)1, 4096u, 256, 4>(miso::kernels::Q4kGemvParams) [clone .kd]",1,1,101806,1059749,1059749,61440,256,0,0,112,0,48,64,0x0,0x708db844afc0,14.1163684535,97.3202307708,960,0.0000000000,1.0105341661,0,16384,451392,0,37424142727086,37424142752698,37424142896219,37424146739969
101505,"void miso::kernels::add_rmsnorm_kernel<2048u, 512>(miso::kernels::AddRmsNormParams, unsigned int) [clone .kd]",1,1,101807,1059749,1059749,512,512,512,0,28,0,32,64,0x0,0x708db8461680,0.0445725906,98.7695312500,8,0.0000000000,0.3988154425,19,96,616,24,37424142857090,37424142896219,37424142999259,37424146619988
101506,"void miso::kernels::moe_router_kernel<256>(miso::kernels::MoeRouterParams) [clone .kd]",1,1,101808,1059749,1059749,16640,256,0,0,36,0,32,64,0x0,0x708daf3e3580,1.7937615432,94.2115461618,260,0.0000000000,0.2663694412,0,3084,25709,0,37424142977503,37424142999259,37424143130939,37424146619470
101507,"void miso::kernels::moe_gate_up_kernel<256>(miso::kernels::MoeGateUpParams) [clone .kd]",1,1,101809,1059749,1059749,30720,256,512,0,64,0,48,64,0x0,0x708daf3e35c0,29.3876804767,83.4022520662,480,0.0000000000,1.5332571830,874,23712,1256456,10593,37424143107528,37424143130939,37424143302780,37424161881316
101508,"void miso::kernels::moe_down_kernel<(miso::kernels::QType)1, 256>(miso::kernels::MoeDownParams) [clone .kd]",1,1,101810,1059749,1059749,30720,256,18944,0,108,0,32,64,0x0,0x708daf3e3640,27.5567681833,98.5042596861,480,6.7959590001,0.7642334681,304455,33456,1113176,21840,37424143239367,37424143302780,37424143434140,37424161717257
101509,"void miso::kernels::add_rmsnorm_kernel<2048u, 512>(miso::kernels::AddRmsNormParams, unsigned int) [clone .kd]",1,1,101811,1059749,1059749,512,512,512,0,28,0,32,64,0x0,0x708db8461680,0.0457796853,98.7695312500,8,0.0000000000,0.4271553411,20,96,616,24,37424143381540,37424143434140,37424143524381,37424161548251
101510,"void miso::kernels::q6k_gemv_kernel<2048u, 256, 2>(miso::kernels::Q6kGemvParams) [clone .kd]",1,1,101812,1059749,1059749,122880,256,0,0,60,0,32,64,0x0,0x708db844b000,40.0578655521,97.7454642199,1920,0.0000000000,13.5716007896,0,48128,1430784,0,37424143503154,37424143524381,37424143686461,37424161413734
101511,"void miso::kernels::q4k_gemv_kernel<(miso::kernels::ActFormat)1, 2048u, 256, 4>(miso::kernels::Q4kGemvParams) [clone .kd]",1,1,101813,1059749,1059749,61440,256,0,0,72,0,48,64,0x0,0x708db844af40,18.3090834721,96.7223317083,960,0.0000000000,4.3938874665,0,16000,496080,0,37424143639378,37424143686461,37424143797821,37424161302856
101512,"void miso::kernels::deltanet_step_kernel<256>(miso::kernels::DeltaNetStepParams) [clone .kd]",1,1,101814,1059749,1059749,8192,256,3072,0,184,0,64,64,0x0,0x708db8121400,3.4487838540,99.7167266187,128,0.0000000000,1.6152307797,1995,9536,84096,7616,37424143764649,37424143797821,37424143937662,37424161190393
101513,"void miso::kernels::q4k_gemv_kernel<(miso::kernels::ActFormat)1, 4096u, 256, 4>(miso::kernels::Q4kGemvParams) [clone .kd]",1,1,101815,1059749,1059749,61440,256,0,0,112,0,48,64,0x0,0x708db844afc0,13.7331493986,97.3213026928,960,0.0000000000,1.6457007410,0,16384,451392,0,37424143905700,37424143937662,37424144073982,37424161076681
101514,"void miso::kernels::add_rmsnorm_kernel<2048u, 512>(miso::kernels::AddRmsNormParams, unsigned int) [clone .kd]",1,1,101816,1059749,1059749,512,512,512,0,28,0,32,64,0x0,0x708db8461680,0.0444945008,98.7695312500,8,0.0000000000,0.3561786085,18,96,616,24,37424144033404,37424144073982,37424144188542,37424160964435
101515,"void miso::kernels::moe_router_kernel<256>(miso::kernels::MoeRouterParams) [clone .kd]",1,1,101817,1059749,1059749,16640,256,0,0,36,0,32,64,0x0,0x708daf3e3580,1.7534603811,94.2115461618,260,0.0000000000,0.5092993526,0,3084,25709,0,37424144165505,37424144188542,37424144314943,37424160859125
101516,"void miso::kernels::moe_gate_up_kernel<256>(miso::kernels::MoeGateUpParams) [clone .kd]",1,1,101818,1059749,1059749,30720,256,512,0,64,0,48,64,0x0,0x708daf3e35c0,29.5367714703,83.4107793921,480,0.0000000000,1.4681349053,640,23712,1256456,10593,37424144291466,37424144314943,37424144479423,37424160746594
101517,"void miso::kernels::moe_down_kernel<(miso::kernels::QType)1, 256>(miso::kernels::MoeDownParams) [clone .kd]",1,1,101819,1059749,1059749,30720,256,18944,0,108,0,32,64,0x0,0x708daf3e3640,25.5086967206,98.5083016219,480,6.2911285258,0.5125498312,302835,33456,1113176,21840,37424144422976,37424144479423,37424144599584,37424160635563
101518,"void miso::kernels::add_rmsnorm_kernel<2048u, 512>(miso::kernels::AddRmsNormParams, unsigned int) [clone .kd]",1,1,101820,1059749,1059749,512,512,512,0,28,0,32,64,0x0,0x708db8461680,0.0460166810,98.7695312500,8,0.0000000000,0.4251803490,17,96,616,24,37424144547037,37424144599584,37424144713504,37424160529800
101519,"void miso::kernels::q4k_gemv_kernel<(miso::kernels::ActFormat)1, 2048u, 256, 4>(miso::kernels::Q4kGemvParams) [clone .kd]",1,1,101821,1059749,1059749,61440,256,0,0,72,0,48,64,0x0,0x708db844af40,29.4992251441,95.9930523805,960,0.0000000000,10.7297625811,0,32384,1202640,0,37424144690863,37424144713504,37424144876704,37424160419358
101520,"void miso::kernels::deltanet_step_kernel<256>(miso::kernels::DeltaNetStepParams) [clone .kd]",1,1,101822,1059749,1059749,8192,256,3072,0,184,0,64,64,0x0,0x708db8121400,3.4221175891,99.7167266187,128,0.0000000000,2.9504943983,1879,9536,84096,7616,37424144825338,37424144876704,37424144979585,37424160310186
101521,"void miso::kernels::q4k_gemv_kernel<(miso::kernels::ActFormat)1, 4096u, 256, 4>(miso::kernels::Q4kGemvParams) [clone .kd]",1,1,101823,1059749,1059749,61440,256,0,0,112,0,48,64,0x0,0x708db844afc0,13.9542718727,97.3213026928,960,0.0000000000,3.1553398058,0,16384,451392,0,37424144948232,37424144979585,37424145121985,37424160199108
101522,"void miso::kernels::add_rmsnorm_kernel<2048u, 512>(miso::kernels::AddRmsNormParams, unsigned int) [clone .kd]",1,1,101824,1059749,1059749,512,512,512,0,28,0,32,64,0x0,0x708db8461680,0.0441099440,98.7695312500,8,0.0000000000,0.9405074366,16,96,616,24,37424145081658,37424145121985,37424145225185,37424160091109
101523,"void miso::kernels::moe_router_kernel<256>(miso::kernels::MoeRouterParams) [clone .kd]",1,1,101825,1059749,1059749,16640,256,0,0,36,0,32,64,0x0,0x708daf3e3580,1.6779283603,94.2115461618,260,0.0000000000,4.0953522340,0,3084,25709,0,37424145201957,37424145225185,37424145360386,37424159979571
101524,"void miso::kernels::moe_gate_up_kernel<256>(miso::kernels::MoeGateUpParams) [clone .kd]",1,1,101827,1059749,1059749,30720,256,512,0,64,0,48,64,0x0,0x708daf3e35c0,29.5176096803,83.4039078996,480,0.0000000000,1.4103001149,740,23712,1256456,10593,37424145337768,37424145360386,37424145516386,37424159864387
101525,"void miso::kernels::moe_down_kernel<(miso::kernels::QType)0, 256>(miso::kernels::MoeDownParams) [clone .kd]",1,1,101828,1059749,1059749,30720,256,18944,0,84,0,32,64,0x0,0x708daf3e3600,21.3151239669,97.0460807843,480,7.6165289256,0.6669801884,206909,21168,765880,21840,37424145460142,37424145516386,37424145637826,37424159750018
101526,"void miso::kernels::add_rmsnorm_kernel<2048u, 512>(miso::kernels::AddRmsNormParams, unsigned int) [clone .kd]",1,1,101829,1059749,1059749,512,512,512,0,28,0,32,64,0x0,0x708db8461680,0.0449311991,98.7695312500,8,0.0000000000,0.4027972623,19,96,616,24,37424145590641,37424145637826,37424145751587,37424159636475
101527,"void miso::kernels::q4k_gemv_kernel<(miso::kernels::ActFormat)1, 2048u, 256, 4>(miso::kernels::Q4kGemvParams) [clone .kd]",1,1,101830,1059749,1059749,61440,256,0,0,72,0,48,64,0x0,0x708db844af40,27.9321998147,95.9896643033,960,0.0000000000,9.2757821553,0,32384,1202640,0,37424145728625,37424145751587,37424145906147,37424159526031
101528,"void miso::kernels::deltanet_step_kernel<256>(miso::kernels::DeltaNetStepParams) [clone .kd]",1,1,101831,1059749,1059749,8192,256,3072,0,184,0,64,64,0x0,0x708db8121400,3.4324165818,99.7167266187,128,0.0000000000,1.9350740682,1731,9536,84096,7616,37424145851333,37424145906147,37424146012227,37424159417123
101529,"void miso::kernels::q4k_gemv_kernel<(miso::kernels::ActFormat)1, 4096u, 256, 4>(miso::kernels::Q4kGemvParams) [clone .kd]",1,1,101832,1059749,1059749,61440,256,0,0,112,0,48,64,0x0,0x708db844afc0,13.8197222374,97.3210883065,960,0.0000000000,1.2703864204,0,16384,451392,0,37424145979723,37424146012227,37424146152708,37424159309095
101530,"void miso::kernels::add_rmsnorm_kernel<2048u, 512>(miso::kernels::AddRmsNormParams, unsigned int) [clone .kd]",1,1,101833,1059749,1059749,512,512,512,0,28,0,32,64,0x0,0x708db8461680,0.0452054020,98.7695312500,8,0.0000000000,0.3837560511,18,96,616,24,37424146113102,37424146152708,37424146270148,37424159198905
101531,"void miso::kernels::moe_router_kernel<256>(miso::kernels::MoeRouterParams) [clone .kd]",1,1,101834,1059749,1059749,16640,256,0,0,36,0,32,64,0x0,0x708daf3e3580,1.7313024877,94.2115461618,260,0.0000000000,0.4538096890,0,3084,25709,0,37424146247651,37424146270148,37424146399108,37424159085231
101532,"void miso::kernels::moe_gate_up_kernel<256>(miso::kernels::MoeGateUpParams) [clone .kd]",1,1,101835,1059749,1059749,30720,256,512,0,64,0,48,64,0x0,0x708daf3e35c0,24.5502318277,83.4047982925,480,0.0000000000,1.4528455600,660,23712,1256456,10593,37424146375514,37424146399108,37424146564389,37424158970652
101533,"void miso::kernels::moe_down_kernel<(miso::kernels::QType)0, 256>(miso::kernels::MoeDownParams) [clone .kd]",1,1,101836,1059749,1059749,30720,256,18944,0,84,0,32,64,0x0,0x708daf3e3600,18.3302535382,97.0470841933,480,6.5500135037,0.9054266759,202280,21168,765880,21840,37424146504627,37424146564389,37424151762643,37424158864275
101534,"void miso::kernels::add_rmsnorm_kernel<2048u, 512>(miso::kernels::AddRmsNormParams, unsigned int) [clone .kd]",1,1,101837,1059749,1059749,512,512,512,0,28,0,32,64,0x0,0x708db8461680,0.0410461641,98.7695312500,8,0.0000000000,0.5398435109,24,96,616,24,37424151718987,37424151762643,37424151871444,37424158753968
101535,"void miso::kernels::q4k_gemv_kernel<(miso::kernels::ActFormat)1, 2048u, 256, 4>(miso::kernels::Q4kGemvParams) [clone .kd]",1,1,101838,1059749,1059749,61440,256,0,0,72,0,48,64,0x0,0x708db844af40,24.9142293388,96.1722764788,960,0.0000000000,9.0478749467,0,25088,888000,0,37424151847451,37424151871444,37424152018004,37424158645122
101536,"void miso::kernels::q6k_gemv_kernel<2048u, 256, 1>(miso::kernels::Q6kGemvParams) [clone .kd]",1,1,101839,1059749,1059749,61440,256,0,0,60,0,32,64,0x0,0x708db844b040,9.3782984617,97.9885057471,960,0.0000000000,0.3852822192,0,6144,149312,0,37424151974694,37424152018004,37424152133364,37424158535805
101537,"void miso::kernels::attn_prep_kernel<256>(miso::kernels::AttnPrepParams) [clone .kd]",1,1,101840,1059749,1059749,4608,256,1536,0,28,0,64,64,0x0,0x708daf3b2400,0.3664718965,97.9857708255,72,0.0000000000,0.8528648603,88,170,4946,288,37424152110599,37424152133364,37424152256565,37424158427165
101538,"void miso::kernels::attn_split_kernel<256>(miso::kernels::AttnSplitParams) [clone .kd]",1,1,101841,1059749,1059749,4608,256,42496,0,96,0,32,64,0x0,0x708daf3b2440,3.0608681724,96.5660814276,72,0.5295530995,0.1684190265,4653,1136,74926,22784,37424152235063,37424152256565,37424152392885,37424158319740
101539,"void miso::kernels::attn_combine_kernel<256>(miso::kernels::AttnCombineParams) [clone .kd]",1,1,101842,1059749,1059749,4096,256,0,0,16,0,32,64,0x0,0x708daf3b2480,0.6762878894,99.4561464088,64,0.0000000000,0.1549922932,0,2368,9152,0,37424152363820,37424152392885,37424152514965,37424158211171
101540,"void miso::kernels::q4k_gemv_kernel<(miso::kernels::ActFormat)1, 4096u, 256, 4>(miso::kernels::Q4kGemvParams) [clone .kd]",1,1,101843,1059749,1059749,61440,256,0,0,112,0,48,64,0x0,0x708db844afc0,13.9886168941,97.3210883065,960,0.0000000000,2.2820405413,0,16384,451392,0,37424152489808,37424152514965,37424152656886,37424158085063
101541,"void miso::kernels::add_rmsnorm_kernel<2048u, 512>(miso::kernels::AddRmsNormParams, unsigned int) [clone .kd]",1,1,101844,1059749,1059749,512,512,512,0,28,0,32,64,0x0,0x708db8461680,0.0433533843,98.7695312500,8,0.0000000000,0.4535580675,13,96,616,24,37424152617347,37424152656886,37424152772406,37424157974233
101542,"void miso::kernels::moe_router_kernel<256>(miso::kernels::MoeRouterParams) [clone .kd]",1,1,101845,1059749,1059749,16640,256,0,0,36,0,32,64,0x0,0x708daf3e3580,1.7727346475,94.2115461618,260,0.0000000000,0.2869761469,0,3084,25709,0,37424152751018,37424152772406,37424152905206,37424157866043
101543,"void miso::kernels::moe_gate_up_kernel<256>(miso::kernels::MoeGateUpParams) [clone .kd]",1,1,101846,1059749,1059749,30720,256,512,0,64,0,48,64,0x0,0x708daf3e35c0,29.7607201116,83.4050865313,480,0.0000000000,1.9085969958,638,23712,1256456,10593,37424152881987,37424152905206,37424153076567,37424157754798
101544,"void miso::kernels::moe_down_kernel<(miso::kernels::QType)1, 256>(miso::kernels::MoeDownParams) [clone .kd]",1,1,101847,1059749,1059749,30720,256,18944,0,108,0,32,64,0x0,0x708daf3e3640,27.0328867411,98.5085652379,480,6.6670524915,0.6715409954,304119,33456,1113176,21840,37424153013212,37424153076567,37424153195127,37424157639617
101545,"void miso::kernels::add_rmsnorm_kernel<2048u, 512>(miso::kernels::AddRmsNormParams, unsigned int) [clone .kd]",1,1,101848,1059749,1059749,512,512,512,0,28,0,32,64,0x0,0x708db8461680,0.0433111364,98.7695312500,8,0.0000000000,0.4875462597,15,96,616,24,37424153142297,37424153195127,37424153289527,37424157522970
101546,"void miso::kernels::q4k_gemv_kernel<(miso::kernels::ActFormat)1, 2048u, 256, 4>(miso::kernels::Q4kGemvParams) [clone .kd]",1,1,101849,1059749,1059749,61440,256,0,0,72,0,48,64,0x0,0x708db844af40,27.2961758037,95.9920280528,960,0.0000000000,9.8888170297,0,32384,1202640,0,37424153266819,37424153289527,37424153454808,37424157401551
101547,"void miso::kernels::deltanet_step_kernel<256>(miso::kernels::DeltaNetStepParams) [clone .kd]",1,1,101850,1059749,1059749,8192,256,3072,0,184,0,64,64,0x0,0x708db8121400,3.2882383381,99.7167266187,128,0.0000000000,1.4149879312,1663,9536,84096,7616,37424153399334,37424153454808,37424153556408,37424157400602
101548,"void miso::kernels::q4k_gemv_kernel<(miso::kernels::ActFormat)1, 4096u, 256, 4>(miso::kernels::Q4kGemvParams) [clone .kd]",1,1,101851,1059749,1059749,61440,256,0,0,112,0,48,64,0x0,0x708db844afc0,14.1826941101,97.3208739211,960,0.0000000000,1.6077502772,0,16384,451392,0,37424153525029,37424153557269,37424153696630,37424173645040
101549,"void miso::kernels::add_rmsnorm_kernel<2048u, 512>(miso::kernels::AddRmsNormParams, unsigned int) [clone .kd]",1,1,101852,1059749,1059749,512,512,512,0,28,0,32,64,0x0,0x708db8461680,0.0435480798,98.7695312500,8,0.0000000000,0.4139446978,14,96,616,24,37424153657394,37424153696630,37424153803830,37424173524615
101550,"void miso::kernels::moe_router_kernel<256>(miso::kernels::MoeRouterParams) [clone .kd]",1,1,101853,1059749,1059749,16640,256,0,0,36,0,32,64,0x0,0x708daf3e3580,1.7479203327,94.2115461618,260,0.0000000000,0.4907441918,0,3084,25709,0,37424153779895,37424153803830,37424153936150,37424173406595
101551,"void miso::kernels::moe_gate_up_kernel<256>(miso::kernels::MoeGateUpParams) [clone .kd]",1,1,101854,1059749,1059749,30720,256,512,0,64,0,48,64,0x0,0x708daf3e35c0,29.8526408868,83.4115130047,480,0.0000000000,2.2077139185,709,23712,1256456,10593,37424153912655,37424153936150,37424154104631,37424173288499
101552,"void miso::kernels::moe_down_kernel<(miso::kernels::QType)0, 256>(miso::kernels::MoeDownParams) [clone .kd]",1,1,101855,1059749,1059749,30720,256,18944,0,84,0,32,64,0x0,0x708daf3e3600,20.7545494539,97.0493419395,480,7.4164681646,1.3717163869,201966,21168,765880,21840,37424154047379,37424154104631,37424154223351,37424173104460
101553,"void miso::kernels::add_rmsnorm_kernel<2048u, 512>(miso::kernels::AddRmsNormParams, unsigned int) [clone .kd]",1,1,101856,1059749,1059749,512,512,512,0,28,0,32,64,0x0,0x708db8461680,0.0441428020,98.7695312500,8,0.0000000000,1.4429604080,17,96,616,24,37424154174873,37424154223351,37424154326231,37424172966643
101554,"void miso::kernels::q4k_gemv_kernel<(miso::kernels::ActFormat)1, 2048u, 256, 4>(miso::kernels::Q4kGemvParams) [clone .kd]",1,1,101857,1059749,1059749,61440,256,0,0,72,0,48,64,0x0,0x708db844af40,30.1115461237,95.9921068465,960,0.0000000000,12.6066598787,0,32384,1202640,0,37424154302879,37424154326231,37424154485272,37424172853969
101555,"void miso::kernels::deltanet_step_kernel<256>(miso::kernels::DeltaNetStepParams) [clone .kd]",1,1,101858,1059749,1059749,8192,256,3072,0,184,0,64,64,0x0,0x708db8121400,3.3792972460,99.7167266187,128,0.0000000000,4.5508402722,1685,9536,84096,7616,37424154433692,37424154485272,37424154593912,37424172746549
101556,"void miso::kernels::q4k_gemv_kernel<(miso::kernels::ActFormat)1, 4096u, 256, 4>(miso::kernels::Q4kGemvParams) [clone .kd]",1,1,101859,1059749,1059749,61440,256,0,0,112,0,48,64,0x0,0x708db844afc0,13.6106413854,97.3210883065,960,0.0000000000,1.6183045898,0,16384,451392,0,37424154561433,37424154593912,37424154730233,37424172635387
101557,"void miso::kernels::add_rmsnorm_kernel<2048u, 512>(miso::kernels::AddRmsNormParams, unsigned int) [clone .kd]",1,1,101860,1059749,1059749,512,512,512,0,28,0,32,64,0x0,0x708db8461680,0.0459057784,98.7695312500,8,0.0000000000,0.3887768955,14,96,616,24,37424154688855,37424154730233,37424154841593,37424172525324
101558,"void miso::kernels::moe_router_kernel<256>(miso::kernels::MoeRouterParams) [clone .kd]",1,1,101861,1059749,1059749,16640,256,0,0,36,0,32,64,0x0,0x708daf3e3580,1.7080939540,94.2115461618,260,0.0000000000,4.5818311477,0,3084,25709,0,37424154817616,37424154841593,37424154971993,37424172418937
101559,"void miso::kernels::moe_gate_up_kernel<256>(miso::kernels::MoeGateUpParams) [clone .kd]",1,1,101862,1059749,1059749,30720,256,512,0,64,0,48,64,0x0,0x708daf3e35c0,29.8174476357,83.4038763075,480,0.0000000000,1.3479258292,807,23712,1256456,10593,37424154946466,37424154971993,37424155137914,37424172311995
101560,"void miso::kernels::moe_down_kernel<(miso::kernels::QType)0, 256>(miso::kernels::MoeDownParams) [clone .kd]",1,1,101863,1059749,1059749,30720,256,18944,0,84,0,32,64,0x0,0x708daf3e3600,20.5175833559,97.0440740286,480,7.3313922963,1.5739757378,203989,21168,765880,21840,37424155080666,37424155137914,37424155253434,37424172196918
101561,"void miso::kernels::add_rmsnorm_kernel<2048u, 512>(miso::kernels::AddRmsNormParams, unsigned int) [clone .kd]",1,1,101864,1059749,1059749,512,512,512,0,28,0,32,64,0x0,0x708db8461680,0.0442600277,98.7695312500,8,0.0000000000,0.9939747096,14,96,616,24,37424155205036,37424155253434,37424155356474,37424172082292
101562,"void miso::kernels::q6k_gemv_kernel<2048u, 256, 2>(miso::kernels::Q6kGemvParams) [clone .kd]",1,1,101865,1059749,1059749,122880,256,0,0,60,0,32,64,0x0,0x708db844b000,37.2363594149,97.7430263275,1920,0.0000000000,11.7444095694,0,48128,1430784,0,37424155333385,37424155356474,37424155511515,37424171910092
101563,"void miso::kernels::q4k_gemv_kernel<(miso::kernels::ActFormat)1, 2048u, 256, 4>(miso::kernels::Q4kGemvParams) [clone .kd]",1,1,101866,1059749,1059749,61440,256,0,0,72,0,48,64,0x0,0x708db844af40,15.4246815581,96.7221387780,960,0.0000000000,4.2160299215,0,16000,496080,0,37424155462394,37424155511515,37424155625595,37424171803123
101564,"void miso::kernels::deltanet_step_kernel<256>(miso::kernels::DeltaNetStepParams) [clone .kd]",1,1,101867,1059749,1059749,8192,256,3072,0,184,0,64,64,0x0,0x708db8121400,3.3984291434,99.7167266187,128,0.0000000000,1.9343646912,2150,9536,84096,7616,37424155587354,37424155625595,37424155740155,37424171691913
101565,"void miso::kernels::q4k_gemv_kernel<(miso::kernels::ActFormat)1, 4096u, 256, 4>(miso::kernels::Q4kGemvParams) [clone .kd]",1,1,101868,1059749,1059749,61440,256,0,0,112,0,48,64,0x0,0x708db844afc0,13.8065779789,97.3213026928,960,0.0000000000,1.3318192102,0,16384,451392,0,37424155706493,37424155740155,37424155871836,37424171583403
101566,"void miso::kernels::add_rmsnorm_kernel<2048u, 512>(miso::kernels::AddRmsNormParams, unsigned int) [clone .kd]",1,1,101869,1059749,1059749,512,512,512,0,28,0,32,64,0x0,0x708db8461680,0.0460643750,98.7695312500,8,0.0000000000,0.5056712813,20,96,616,24,37424155831606,37424155871836,37424155976636,37424171476679
101567,"void miso::kernels::moe_router_kernel<256>(miso::kernels::MoeRouterParams) [clone .kd]",1,1,101870,1059749,1059749,16640,256,0,0,36,0,32,64,0x0,0x708daf3e3580,1.6958326866,94.2115461618,260,0.0000000000,0.4771471622,0,3084,25709,0,37424155952879,37424155976636,37424156140317,37424171368059
101568,"void miso::kernels::moe_gate_up_kernel<256>(miso::kernels::MoeGateUpParams) [clone .kd]",1,1,101871,1059749,1059749,30720,256,512,0,64,0,48,64,0x0,0x708daf3e35c0,29.9644290113,83.4102726377,480,0.0000000000,1.3372681066,1040,23712,1256456,10593,37424156115754,37424156140317,37424156304157,37424171255567
101569,"void miso::kernels::moe_down_kernel<(miso::kernels::QType)1, 256>(miso::kernels::MoeDownParams) [clone .kd]",1,1,101872,1059749,1059749,30720,256,18944,0,108,0,32,64,0x0,0x708daf3e3640,27.4071466291,98.5088288553,480,6.7593733498,0.7936507937,283499,33456,1113176,21840,37424156246735,37424156304157,37424156426397,37424171149737
101570,"void miso::kernels::add_rmsnorm_kernel<2048u, 512>(miso::kernels::AddRmsNormParams, unsigned int) [clone .kd]",1,1,101873,1059749,1059749,512,512,512,0,28,0,32,64,0x0,0x708db8461680,0.0447314714,98.7695312500,8,0.0000000000,0.5594518993,19,96,616,24,37424156372670,37424156426397,37424156525118,37424171040990
101571,"void miso::kernels::q4k_gemv_kernel<(miso::kernels::ActFormat)1, 2048u, 256, 4>(miso::kernels::Q4kGemvParams) [clone .kd]",1,1,101874,1059749,1059749,61440,256,0,0,72,0,48,64,0x0,0x708db844af40,25.0499758481,96.1385322481,960,0.0000000000,7.6953258021,0,26112,932160,0,37424156501508,37424156525118,37424156675358,37424170927990
101572,"void miso::kernels::attn_prep_kernel<256>(miso::kernels::AttnPrepParams) [clone .kd]",1,1,101875,1059749,1059749,4608,256,1536,0,28,0,64,64,0x0,0x708daf3b2400,0.4178874082,97.9857708255,72,0.0000000000,1.5990410277,94,170,4946,288,37424156630188,37424156675358,37424156784158,37424170818345
101573,"void miso::kernels::attn_split_kernel<256>(miso::kernels::AttnSplitParams) [clone .kd]",1,1,101876,1059749,1059749,4608,256,42496,0,96,0,32,64,0x0,0x708daf3b2440,3.0679446425,96.5660814276,72,0.5307773818,0.3129510873,4731,1136,74926,22784,37424156755697,37424156784158,37424156944639,37424170705996
101574,"void miso::kernels::attn_combine_kernel<256>(miso::kernels::AttnCombineParams) [clone .kd]",1,1,101877,1059749,1059749,4096,256,0,0,16,0,32,64,0x0,0x708daf3b2480,0.6939103140,99.4561464088,64,0.0000000000,0.3730931814,0,2368,9152,0,37424156913720,37424156944639,37424157319360,37424170591232
101575,"void miso::kernels::q4k_gemv_kernel<(miso::kernels::ActFormat)1, 4096u, 256, 4>(miso::kernels::Q4kGemvParams) [clone .kd]",1,1,101878,1059749,1059749,61440,256,0,0,112,0,48,64,0x0,0x708db844afc0,13.3265225841,97.3213026928,960,0.0000000000,1.7606656142,0,16384,451392,0,37424157289528,37424157319360,37424162305454,37424170480832
101576,"void miso::kernels::add_rmsnorm_kernel<2048u, 512>(miso::kernels::AddRmsNormParams, unsigned int) [clone .kd]",1,1,101879,1059749,1059749,512,512,512,0,28,0,32,64,0x0,0x708db8461680,0.0408434166,98.7695312500,8,0.0000000000,0.3971439436,22,96,616,24,37424162261989,37424162305454,37424162485615,37424170362864
101577,"void miso::kernels::moe_router_kernel<256>(miso::kernels::MoeRouterParams) [clone .kd]",1,1,101880,1059749,1059749,16640,256,0,0,36,0,32,64,0x0,0x708daf3e3580,1.5985735187,94.2115461618,260,0.0000000000,0.2874751043,0,3084,25709,0,37424162458515,37424162485615,37424162612975,37424170215094
101578,"void miso::kernels::moe_gate_up_kernel<256>(miso::kernels::MoeGateUpParams) [clone .kd]",1,1,101881,1059749,1059749,30720,256,512,0,64,0,48,64,0x0,0x708daf3e35c0,30.4439037314,83.4033339211,480,0.0000000000,1.6538839474,699,23712,1256456,10593,37424162588078,37424162612975,37424162771535,37424170016596
101579,"void miso::kernels::moe_down_kernel<(miso::kernels::QType)0, 256>(miso::kernels::MoeDownParams) [clone .kd]",1,1,101882,1059749,1059749,30720,256,18944,0,84,0,32,64,0x0,0x708daf3e3600,20.2948752249,97.0467079125,480,7.2520105129,0.8331952208,204005,21168,765880,21840,37424162715665,37424162771535,37424162886576,37424169903361
101580,"void miso::kernels::add_rmsnorm_kernel<2048u, 512>(miso::kernels::AddRmsNormParams, unsigned int) [clone .kd]",1,1,101883,1059749,1059749,512,512,512,0,28,0,32,64,0x0,0x708db8461680,0.0412589126,98.7695312500,8,0.0000000000,0.5145118734,20,96,616,24,37424162837843,37424162886576,37424162984816,37424169743568
101581,"void miso::kernels::q4k_gemv_kernel<(miso::kernels::ActFormat)1, 2048u, 256, 4>(miso::kernels::Q4kGemvParams) [clone .kd]",1,1,101884,1059749,1059749,61440,256,0,0,72,0,48,64,0x0,0x708db844af40,29.7106379865,95.9933675626,960,0.0000000000,10.1720902403,0,32384,1202640,0,37424162961124,37424162984816,37424163144496,37424169578144
101582,"void miso::kernels::deltanet_step_kernel<256>(miso::kernels::DeltaNetStepParams) [clone .kd]",1,1,101885,1059749,1059749,8192,256,3072,0,184,0,64,64,0x0,0x708db8121400,3.2156386455,99.7167266187,128,0.0000000000,2.0490751755,1281,9536,84096,7616,37424163091208,37424163144496,37424163264977,37424169455996
101583,"void miso::kernels::q4k_gemv_kernel<(miso::kernels::ActFormat)1, 4096u, 256, 4>(miso::kernels::Q4kGemvParams) [clone .kd]",1,1,101886,1059749,1059749,61440,256,0,0,112,0,48,64,0x0,0x708db844afc0,13.6928849797,97.3213026928,960,0.0000000000,1.1171824777,0,16384,451392,0,37424163231354,37424163264977,37424163396497,37424169340570
101584,"void miso::kernels::add_rmsnorm_kernel<2048u, 512>(miso::kernels::AddRmsNormParams, unsigned int) [clone .kd]",1,1,101887,1059749,1059749,512,512,512,0,28,0,32,64,0x0,0x708db8461680,0.0442306629,98.7695312500,8,0.0000000000,0.4309440926,19,96,616,24,37424163355407,37424163396497,37424163497137,37424169218318
101585,"void miso::kernels::moe_router_kernel<256>(miso::kernels::MoeRouterParams) [clone .kd]",1,1,101888,1059749,1059749,16640,256,0,0,36,0,32,64,0x0,0x708daf3e3580,1.6781216403,94.2115461618,260,0.0000000000,0.4548536558,0,3084,25709,0,37424163474157,37424163497137,37424163630098,37424169097452
101586,"void miso::kernels::moe_gate_up_kernel<256>(miso::kernels::MoeGateUpParams) [clone .kd]",1,1,101889,1059749,1059749,30720,256,512,0,64,0,48,64,0x0,0x708daf3e35c0,30.2420460684,83.3977974567,480,0.0000000000,1.8848434907,745,23712,1256456,10593,37424163605079,37424163630098,37424163793298,37424168980485
101587,"void miso::kernels::moe_down_kernel<(miso::kernels::QType)0, 256>(miso::kernels::MoeDownParams) [clone .kd]",1,1,101890,1059749,1059749,30720,256,18944,0,84,0,32,64,0x0,0x708daf3e3600,20.5433506980,97.0489656411,480,7.3409695560,0.5529203934,210036,21168,765880,21840,37424163736639,37424163793298,37424163912979,37424168859748
101588,"void miso::kernels::add_rmsnorm_kernel<2048u, 512>(miso::kernels::AddRmsNormParams, unsigned int) [clone .kd]",1,1,101891,1059749,1059749,512,512,512,0,28,0,32,64,0x0,0x708db8461680,0.0409280434,98.7695312500,8,0.0000000000,1.5045889475,18,96,616,24,37424163863746,37424163912979,37424164024659,37424168684802
101589,"void miso::kernels::q6k_gemv_kernel<2048u, 256, 2>(miso::kernels::Q6kGemvParams) [clone .kd]",1,1,101892,1059749,1059749,122880,256,0,0,60,0,32,64,0x0,0x708db844b000,40.6151547384,97.7454642199,1920,0.0000000000,12.0278608137,0,48128,1430784,0,37424164063736,37424164024659,37424164242419,37424168504415
101590,"void miso::kernels::q4k_gemv_kernel<(miso::kernels::ActFormat)1, 2048u, 256, 4>(miso::kernels::Q4kGemvParams) [clone .kd]",1,1,101893,1059749,1059749,61440,256,0,0,72,0,48,64,0x0,0x708db844af40,16.6532464340,96.7234893064,960,0.0000000000,4.3630937137,0,16000,496080,0,37424164195357,37424164242419,37424164364660,37424168503902
101591,"void miso::kernels::deltanet_step_kernel<256>(miso::kernels::DeltaNetStepParams) [clone .kd]",1,1,101894,1059749,1059749,8192,256,3072,0,184,0,64,64,0x0,0x708db8121400,3.3755274262,99.7167266187,128,0.0000000000,2.2182968855,1299,9536,84096,7616,37424164320454,37424164364660,37424164494260,37424186111116
101592,"void miso::kernels::q4k_gemv_kernel<(miso::kernels::ActFormat)1, 4096u, 256, 4>(miso::kernels::Q4kGemvParams) [clone .kd]",1,1,101895,1059749,1059749,61440,256,0,0,112,0,48,64,0x0,0x708db844afc0,13.8272992550,97.3210883065,960,0.0000000000,1.4005067347,0,16384,451392,0,37424164461230,37424164494260,37424164629781,37424185991923
101593,"void miso::kernels::add_rmsnorm_kernel<2048u, 512>(miso::kernels::AddRmsNormParams, unsigned int) [clone .kd]",1,1,101896,1059749,1059749,512,512,512,0,28,0,32,64,0x0,0x708db8461680,0.0431831370,98.7695312500,8,0.0000000000,0.9638342009,15,96,616,24,37424164588170,37424164629781,37424164747061,37424185867009
101594,"void miso::kernels::moe_router_kernel<256>(miso::kernels::MoeRouterParams) [clone .kd]",1,1,101897,1059749,1059749,16640,256,0,0,36,0,32,64,0x0,0x708daf3e3580,1.6827737564,94.2115461618,260,0.0000000000,0.5063651523,0,3084,25709,0,37424164723106,37424164747061,37424164876501,37424185751705
101595,"void miso::kernels::moe_gate_up_kernel<256>(miso::kernels::MoeGateUpParams) [clone .kd]",1,1,101898,1059749,1059749,30720,256,512,0,64,0,48,64,0x0,0x708daf3e35c0,29.9480131133,83.4087734164,480,0.0000000000,1.5806403444,941,23712,1256456,10593,37424164852715,37424164876501,37424165048502,37424185634517
101596,"void miso::kernels::moe_down_kernel<(miso::kernels::QType)1, 256>(miso::kernels::MoeDownParams) [clone .kd]",1,1,101899,1059749,1059749,30720,256,18944,0,108,0,32,64,0x0,0x708daf3e3640,27.3164515013,98.5107620930,480,6.7371375938,0.9447988943,303772,33456,1113176,21840,37424164992096,37424165048502,37424165173622,37424185516964
101597,"void miso::kernels::add_rmsnorm_kernel<2048u, 512>(miso::kernels::AddRmsNormParams, unsigned int) [clone .kd]",1,1,101900,1059749,1059749,512,512,512,0,28,0,32,64,0x0,0x708db8461680,0.0447502377,98.7695312500,8,0.0000000000,0.4874003964,19,96,616,24,37424165120212,37424165173622,37424165271542,37424185398299
101598,"void miso::kernels::q4k_gemv_kernel<(miso::kernels::ActFormat)1, 2048u, 256, 4>(miso::kernels::Q4kGemvParams) [clone .kd]",1,1,101901,1059749,1059749,61440,256,0,0,72,0,48,64,0x0,0x708db844af40,28.4489015300,95.9919492593,960,0.0000000000,12.2675385282,0,32384,1202640,0,37424165247904,37424165271542,37424165426743,37424185257851
101599,"void miso::kernels::deltanet_step_kernel<256>(miso::kernels::DeltaNetStepParams) [clone .kd]",1,1,101902,1059749,1059749,8192,256,3072,0,184,0,64,64,0x0,0x708db8121400,3.4267048781,99.7167266187,128,0.0000000000,1.5596156840,1741,9536,84096,7616,37424165374700,37424165426743,37424165537783,37424185141002
101600,"void miso::kernels::q4k_gemv_kernel<(miso::kernels::ActFormat)1, 4096u, 256, 4>(miso::kernels::Q4kGemvParams) [clone .kd]",1,1,101903,1059749,1059749,61440,256,0,0,112,0,48,64,0x0,0x708db844afc0,13.7051595568,97.3204451533,960,0.0000000000,1.5126775895,0,16384,451392,0,37424165504343,37424165537783,37424165669624,37424185020558
101601,"void miso::kernels::add_rmsnorm_kernel<2048u, 512>(miso::kernels::AddRmsNormParams, unsigned int) [clone .kd]",1,1,101904,1059749,1059749,512,512,512,0,28,0,32,64,0x0,0x708db8461680,0.0433921840,98.7695312500,8,0.0000000000,0.3774978458,19,96,616,24,37424165628089,37424165669624,37424165772664,37424184897233
101602,"void miso::kernels::moe_router_kernel<256>(miso::kernels::MoeRouterParams) [clone .kd]",1,1,101905,1059749,1059749,16640,256,0,0,36,0,32,64,0x0,0x708daf3e3580,1.6714471470,94.2115461618,260,0.0000000000,0.4296741321,0,3084,25709,0,37424165749241,37424165772664,37424165914104,37424184779880
101603,"void miso::kernels::moe_gate_up_kernel<256>(miso::kernels::MoeGateUpParams) [clone .kd]",1,1,101906,1059749,1059749,30720,256,512,0,64,0,48,64,0x0,0x708daf3e35c0,29.4543528999,83.4062943005,480,0.0000000000,1.4390765609,616,23712,1256456,10593,37424165890066,37424165914104,37424166078585,37424184663876
101604,"void miso::kernels::moe_down_kernel<(miso::kernels::QType)0, 256>(miso::kernels::MoeDownParams) [clone .kd]",1,1,101907,1059749,1059749,30720,256,18944,0,84,0,32,64,0x0,0x708daf3e3600,21.3370617954,97.0489656411,480,7.6245946125,0.5568820766,206379,21168,765880,21840,37424166015271,37424166078585,37424166194265,37424184544466
101605,"void miso::kernels::add_rmsnorm_kernel<2048u, 512>(miso::kernels::AddRmsNormParams, unsigned int) [clone .kd]",1,1,101908,1059749,1059749,512,512,512,0,28,0,32,64,0x0,0x708db8461680,0.0415951750,98.7695312500,8,0.0000000000,0.9978381841,22,96,616,24,37424166145999,37424166194265,37424166294745,37424184426458
101606,"void miso::kernels::q4k_gemv_kernel<(miso::kernels::ActFormat)1, 2048u, 256, 4>(miso::kernels::Q4kGemvParams) [clone .kd]",1,1,101909,1059749,1059749,61440,256,0,0,72,0,48,64,0x0,0x708db844af40,24.7037130099,96.1388378265,960,0.0000000000,9.9716453611,0,26112,932160,0,37424166270798,37424166294745,37424166508986,37424184311269
101607,"void miso::kernels::attn_prep_kernel<256>(miso::kernels::AttnPrepParams) [clone .kd]",1,1,101910,1059749,1059749,4608,256,1536,0,28,0,64,64,0x0,0x708daf3b2400,0.3903824365,97.9857708255,72,0.0000000000,0.8954822146,87,170,4946,288,37424166459273,37424166508986,37424166609306,37424184196575
101608,"void miso::kernels::attn_split_kernel<256>(miso::kernels::AttnSplitParams) [clone .kd]",1,1,101911,1059749,1059749,4608,256,42496,0,96,0,32,64,0x0,0x708daf3b2440,3.1008016097,96.5660814276,72,0.5364618830,0.2628078881,4555,1136,74926,22784,37424166586547,37424166609306,37424166750267,37424184077618
101609,"void miso::kernels::attn_combine_kernel<256>(miso::kernels::AttnCombineParams) [clone .kd]",1,1,101912,1059749,1059749,4096,256,0,0,16,0,32,64,0x0,0x708daf3b2480,0.4992802158,99.4561464088,64,0.0000000000,0.1835879317,0,2368,9152,0,37424166719234,37424166750267,37424167179868,37424183951075
101610,"void miso::kernels::q4k_gemv_kernel<(miso::kernels::ActFormat)1, 4096u, 256, 4>(miso::kernels::Q4kGemvParams) [clone .kd]",1,1,101913,1059749,1059749,61440,256,0,0,112,0,48,64,0x0,0x708db844afc0,14.2844780929,97.3206595367,960,0.0000000000,1.1216730038,0,16384,451392,0,37424167154180,37424167179868,37424167319548,37424183836855
101611,"void miso::kernels::add_rmsnorm_kernel<2048u, 512>(miso::kernels::AddRmsNormParams, unsigned int) [clone .kd]",1,1,101914,1059749,1059749,512,512,512,0,28,0,32,64,0x0,0x708db8461680,0.0424966799,98.7695312500,8,0.0000000000,0.4289094853,26,96,616,24,37424167280916,37424167319548,37424167445629,37424183718095
101612,"void miso::kernels::moe_router_kernel<256>(miso::kernels::MoeRouterParams) [clone .kd]",1,1,101915,1059749,1059749,16640,256,0,0,36,0,32,64,0x0,0x708daf3e3580,1.5985735187,94.2115461618,260,0.0000000000,0.2847715935,0,3084,25709,0,37424167415770,37424167445629,37424167569789,37424183596232
101613,"void miso::kernels::moe_gate_up_kernel<256>(miso::kernels::MoeGateUpParams) [clone .kd]",1,1,101916,1059749,1059749,30720,256,512,0,64,0,48,64,0x0,0x708daf3e35c0,29.6862294502,83.4088738546,480,0.0000000000,1.5323202082,676,23712,1256456,10593,37424167544290,37424167569789,37424167737149,37424183474879
101614,"void miso::kernels::moe_down_kernel<(miso::kernels::QType)0, 256>(miso::kernels::MoeDownParams) [clone .kd]",1,1,101917,1059749,1059749,30720,256,18944,0,84,0,32,64,0x0,0x708daf3e3600,19.6869258994,97.0499691098,480,7.0350070991,1.1681601001,206631,21168,765880,21840,37424167679650,37424167737149,37424167852670,37424183350064
101615,"void miso::kernels::add_rmsnorm_kernel<2048u, 512>(miso::kernels::AddRmsNormParams, unsigned int) [clone .kd]",1,1,101918,1059749,1059749,512,512,512,0,28,0,32,64,0x0,0x708db8461680,0.0435374150,98.7695312500,8,0.0000000000,0.9615007260,16,96,616,24,37424167803907,37424167852670,37424167954430,37424183187570
101616,"void miso::kernels::q6k_gemv_kernel<2048u, 256, 2>(miso::kernels::Q6kGemvParams) [clone .kd]",1,1,101919,1059749,1059749,122880,256,0,0,60,0,32,64,0x0,0x708db844b000,40.3058608672,97.7446515756,1920,0.0000000000,11.9037481943,0,48128,1430784,0,37424167930667,37424167954430,37424168297791,37424183067125
101617,"void miso::kernels::q4k_gemv_kernel<(miso::kernels::ActFormat)1, 2048u, 256, 4>(miso::kernels::Q4kGemvParams) [clone .kd]",1,1,101920,1059749,1059749,61440,256,0,0,72,0,48,64,0x0,0x708db844af40,12.4115497727,96.7146150962,960,0.0000000000,5.1339141311,0,16000,496080,0,37424168243247,37424168297791,37424168425631,37424182942642
101618,"void miso::kernels::deltanet_step_kernel<256>(miso::kernels::DeltaNetStepParams) [clone .kd]",1,1,101921,1059749,1059749,8192,256,3072,0,184,0,64,64,0x0,0x708db8121400,3.0839417324,99.7167266187,128,0.0000000000,1.4465586758,1897,9536,84096,7616,37424168375105,37424168425631,37424168795551,37424182822832
101619,"void miso::kernels::q4k_gemv_kernel<(miso::kernels::ActFormat)1, 4096u, 256, 4>(miso::kernels::Q4kGemvParams) [clone .kd]",1,1,101922,1059749,1059749,61440,256,0,0,112,0,48,64,0x0,0x708db844afc0,13.6520209311,97.3202307708,960,0.0000000000,1.9007952531,0,16384,451392,0,37424168750704,37424168795551,37424174001486,37424182704767
101620,"void miso::kernels::add_rmsnorm_kernel<2048u, 512>(miso::kernels::AddRmsNormParams, unsigned int) [clone .kd]",1,1,101923,1059749,1059749,512,512,512,0,28,0,32,64,0x0,0x708db8461680,0.0416813203,98.7695312500,8,0.0000000000,0.4833397493,15,96,616,24,37424173954947,37424174001486,37424174133646,37424182588214
101621,"void miso::kernels::moe_router_kernel<256>(miso::kernels::MoeRouterParams) [clone .kd]",1,1,101924,1059749,1059749,16640,256,0,0,36,0,32,64,0x0,0x708daf3e3580,1.6447145599,94.2115461618,260,0.0000000000,0.4227579307,0,3084,25709,0,37424174107196,37424174133646,37424174289487,37424182472020
101622,"void miso::kernels::moe_gate_up_kernel<256>(miso::kernels::MoeGateUpParams) [clone .kd]",1,1,101925,1059749,1059749,30720,256,512,0,64,0,48,64,0x0,0x708daf3e35c0,30.3013436233,83.4159402299,480,0.0000000000,1.6274017978,839,23712,1256456,10593,37424174265751,37424174289487,37424174448207,37424182352789
101623,"void miso::kernels::moe_down_kernel<(miso::kernels::QType)1, 256>(miso::kernels::MoeDownParams) [clone .kd]",1,1,101926,1059749,1059749,30720,256,18944,0,108,0,32,64,0x0,0x708daf3e3640,27.1619637431,98.5093560945,480,6.6989402067,1.3126692626,303525,33456,1113176,21840,37424174391985,37424174448207,37424174565008,37424182236639
101624,"void miso::kernels::add_rmsnorm_kernel<2048u, 512>(miso::kernels::AddRmsNormParams, unsigned int) [clone .kd]",1,1,101927,1059749,1059749,512,512,512,0,28,0,32,64,0x0,0x708db8461680,0.0437642747,98.7695312500,8,0.0000000000,1.5028580197,20,96,616,24,37424174513627,37424174565008,37424174667088,37424182119260
101625,"void miso::kernels::q4k_gemv_kernel<(miso::kernels::ActFormat)1, 2048u, 256, 4>(miso::kernels::Q4kGemvParams) [clone .kd]",1,1,101928,1059749,1059749,61440,256,0,0,72,0,48,64,0x0,0x708db844af40,30.1343623231,95.9920280528,960,0.0000000000,12.6692959230,0,32384,1202640,0,37424174645304,37424174667088,37424174865968,37424181992298
101626,"void miso::kernels::deltanet_step_kernel<256>(miso::kernels::DeltaNetStepParams) [clone .kd]",1,1,101929,1059749,1059749,8192,256,3072,0,184,0,64,64,0x0,0x708db8121400,3.3638866201,99.7167266187,128,0.0000000000,2.4338451486,1688,9536,84096,7616,37424174815329,37424174865968,37424174968529,37424181877596
101627,"void miso::kernels::q4k_gemv_kernel<(miso::kernels::ActFormat)1, 4096u, 256, 4>(miso::kernels::Q4kGemvParams) [clone .kd]",1,1,101930,1059749,1059749,61440,256,0,0,112,0,48,64,0x0,0x708db844afc0,13.6086529007,97.3213026928,960,0.0000000000,1.4686545050,0,16384,451392,0,37424174935969,37424174968529,37424175110289,37424181755942
101628,"void miso::kernels::add_rmsnorm_kernel<2048u, 512>(miso::kernels::AddRmsNormParams, unsigned int) [clone .kd]",1,1,101931,1059749,1059749,512,512,512,0,28,0,32,64,0x0,0x708db8461680,0.0440698507,98.7695312500,8,0.0000000000,0.3512641425,17,96,616,24,37424175069942,37424175110289,37424175228529,37424181637727
101629,"void miso::kernels::moe_router_kernel<256>(miso::kernels::MoeRouterParams) [clone .kd]",1,1,101932,1059749,1059749,16640,256,0,0,36,0,32,64,0x0,0x708daf3e3580,1.6511144692,94.2115461618,260,0.0000000000,0.4707670443,0,3084,25709,0,37424175205827,37424175228529,37424175358450,37424181521183
101630,"void miso::kernels::moe_gate_up_kernel<256>(miso::kernels::MoeGateUpParams) [clone .kd]",1,1,101933,1059749,1059749,30720,256,512,0,64,0,48,64,0x0,0x708daf3e35c0,30.1284351338,83.4118635010,480,0.0000000000,1.5728784059,893,23712,1256456,10593,37424175333776,37424175358450,37424175518130,37424181394761
101631,"void miso::kernels::moe_down_kernel<(miso::kernels::QType)0, 256>(miso::kernels::MoeDownParams) [clone .kd]",1,1,101934,1059749,1059749,30720,256,18944,0,84,0,32,64,0x0,0x708daf3e3600,20.6218050203,97.0477113345,480,7.3689092159,0.5461284883,203570,21168,765880,21840,37424175461268,37424175518130,37424175641171,37424181277901
101632,"void miso::kernels::add_rmsnorm_kernel<2048u, 512>(miso::kernels::AddRmsNormParams, unsigned int) [clone .kd]",1,1,101935,1059749,1059749,512,512,512,0,28,0,32,64,0x0,0x708db8461680,0.0446005464,98.7695312500,8,0.0000000000,0.4945100136,12,96,616,24,37424175592901,37424175641171,37424175793011,37424181113266
101633,"void miso::kernels::q4k_gemv_kernel<(miso::kernels::ActFormat)1, 2048u, 256, 4>(miso::kernels::Q4kGemvParams) [clone .kd]",1,1,101936,1059749,1059749,61440,256,0,0,72,0,48,64,0x0,0x708db844af40,29.3913689615,95.9910825390,960,0.0000000000,11.3171462412,0,32384,1202640,0,37424175770787,37424175793011,37424175965492,37424180962014
101634,"void miso::kernels::deltanet_step_kernel<256>(miso::kernels::DeltaNetStepParams) [clone .kd]",1,1,101937,1059749,1059749,8192,256,3072,0,184,0,64,64,0x0,0x708db8121400,3.3092283427,99.7167266187,128,0.0000000000,2.2216802288,1919,9536,84096,7616,37424175912800,37424175965492,37424176077172,37424180811927
101635,"void miso::kernels::q4k_gemv_kernel<(miso::kernels::ActFormat)1, 4096u, 256, 4>(miso::kernels::Q4kGemvParams) [clone .kd]",1,1,101938,1059749,1059749,61440,256,0,0,112,0,48,64,0x0,0x708db844afc0,13.9932739020,97.3210883065,960,0.0000000000,1.7440790563,0,16384,451392,0,37424176043677,37424176077172,37424176211412,37424180687792
101636,"void miso::kernels::add_rmsnorm_kernel<2048u, 512>(miso::kernels::AddRmsNormParams, unsigned int) [clone .kd]",1,1,101939,1059749,1059749,512,512,512,0,28,0,32,64,0x0,0x708db8461680,0.0464171744,98.7695312500,8,0.0000000000,0.3834893406,13,96,616,24,37424176171470,37424176211412,37424176316693,37424180687256
101637,"void miso::kernels::moe_router_kernel<256>(miso::kernels::MoeRouterParams) [clone .kd]",1,1,101940,1059749,1059749,16640,256,0,0,36,0,32,64,0x0,0x708daf3e3580,1.6600828047,94.2115461618,260,0.0000000000,0.4670934187,0,3084,25709,0,37424176293104,37424176316693,37424176449973,37424198152132
101638,"void miso::kernels::moe_gate_up_kernel<256>(miso::kernels::MoeGateUpParams) [clone .kd]",1,1,101941,1059749,1059749,30720,256,512,0,64,0,48,64,0x0,0x708daf3e35c0,29.9196278075,83.4121122600,480,0.0000000000,1.3501223107,657,23712,1256456,10593,37424176424961,37424176449973,37424176610133,37424198033817
101639,"void miso::kernels::moe_down_kernel<(miso::kernels::QType)0, 256>(miso::kernels::MoeDownParams) [clone .kd]",1,1,101942,1059749,1059749,30720,256,18944,0,84,0,32,64,0x0,0x708daf3e3600,20.3480922776,97.0479621932,480,7.2711206488,0.9851161392,205649,21168,765880,21840,37424176553036,37424176610133,37424176724534,37424197912441
101640,"void miso::kernels::add_rmsnorm_kernel<2048u, 512>(miso::kernels::AddRmsNormParams, unsigned int) [clone .kd]",1,1,101943,1059749,1059749,512,512,512,0,28,0,32,64,0x0,0x708db8461680,0.0441464559,98.7695312500,8,0.0000000000,0.9690916986,17,96,616,24,37424176677550,37424176724534,37424176839574,37424197795095
101641,"void miso::kernels::q4k_gemv_kernel<(miso::kernels::ActFormat)1, 2048u, 256, 4>(miso::kernels::Q4kGemvParams) [clone .kd]",1,1,101944,1059749,1059749,61440,256,0,0,72,0,48,64,0x0,0x708db844af40,25.6635781325,96.1672489370,960,0.0000000000,8.0841617971,0,25088,888000,0,37424176815340,37424176839574,37424176989334,37424197680100
101642,"void miso::kernels::q6k_gemv_kernel<2048u, 256, 1>(miso::kernels::Q6kGemvParams) [clone .kd]",1,1,101945,1059749,1059749,61440,256,0,0,60,0,32,64,0x0,0x708db844b040,8.9268113102,97.9858986298,960,0.0000000000,0.3599368274,0,6144,149312,0,37424176944844,37424176989334,37424177470936,37424197560612
101643,"void miso::kernels::attn_prep_kernel<256>(miso::kernels::AttnPrepParams) [clone .kd]",1,1,101946,1059749,1059749,4608,256,1536,0,28,0,64,64,0x0,0x708daf3b2400,0.3757843596,97.9857708255,72,0.0000000000,0.8294811423,95,170,4946,288,37424177441408,37424177470936,37424177592856,37424197441932
101644,"void miso::kernels::attn_split_kernel<256>(miso::kernels::AttnSplitParams) [clone .kd]",1,1,101947,1059749,1059749,4608,256,42496,0,96,0,32,64,0x0,0x708daf3b2440,3.0833151810,96.5660814276,72,0.5334365999,0.2322074067,5069,1136,74926,22784,37424177572714,37424177592856,37424177734617,37424197328071
101645,"void miso::kernels::attn_combine_kernel<256>(miso::kernels::AttnCombineParams) [clone .kd]",1,1,101948,1059749,1059749,4096,256,0,0,16,0,32,64,0x0,0x708daf3b2480,0.7018564296,99.4561464088,64,0.0000000000,0.1775892092,0,2368,9152,0,37424177703083,37424177734617,37424177855257,37424197204367
101646,"void miso::kernels::q4k_gemv_kernel<(miso::kernels::ActFormat)1, 4096u, 256, 4>(miso::kernels::Q4kGemvParams) [clone .kd]",1,1,101949,1059749,1059749,61440,256,0,0,112,0,48,64,0x0,0x708db844afc0,14.0098572945,97.3210883065,960,0.0000000000,1.9253818076,0,16384,451392,0,37424177829509,37424177855257,37424177995097,37424197084744
101647,"void miso::kernels::add_rmsnorm_kernel<2048u, 512>(miso::kernels::AddRmsNormParams, unsigned int) [clone .kd]",1,1,101950,1059749,1059749,512,512,512,0,28,0,32,64,0x0,0x708db8461680,0.0423465269,98.7695312500,8,0.0000000000,0.4961566856,19,96,616,24,37424177955516,37424177995097,37424178116058,37424196966315
101648,"void miso::kernels::moe_router_kernel<256>(miso::kernels::MoeRouterParams) [clone .kd]",1,1,101951,1059749,1059749,16640,256,0,0,36,0,32,64,0x0,0x708daf3e3580,1.7102997574,94.2115461618,260,0.0000000000,0.3080632199,0,3084,25709,0,37424178087419,37424178116058,37424178242458,37424196849762
101649,"void miso::kernels::moe_gate_up_kernel<256>(miso::kernels::MoeGateUpParams) [clone .kd]",1,1,101952,1059749,1059749,30720,256,512,0,64,0,48,64,0x0,0x708daf3e35c0,30.1122513253,83.4037839501,480,0.0000000000,1.4233136620,786,23712,1256456,10593,37424178218127,37424178242458,37424178399098,37424196732441
101650,"void miso::kernels::moe_down_kernel<(miso::kernels::QType)1, 256>(miso::kernels::MoeDownParams) [clone .kd]",1,1,101953,1059749,1059749,30720,256,18944,0,108,0,32,64,0x0,0x708daf3e3640,27.5337223811,98.5097075903,480,6.7906510655,0.5609186129,302732,33456,1113176,21840,37424178342400,37424178399098,37424178521819,37424196613779
101651,"void miso::kernels::add_rmsnorm_kernel<2048u, 512>(miso::kernels::AddRmsNormParams, unsigned int) [clone .kd]",1,1,101954,1059749,1059749,512,512,512,0,28,0,32,64,0x0,0x708db8461680,0.0437086816,98.7695312500,8,0.0000000000,0.4912185558,19,96,616,24,37424178468311,37424178521819,37424178615099,37424196496783
101652,"void miso::kernels::q4k_gemv_kernel<(miso::kernels::ActFormat)1, 2048u, 256, 4>(miso::kernels::Q4kGemvParams) [clone .kd]",1,1,101955,1059749,1059749,61440,256,0,0,72,0,48,64,0x0,0x708db844af40,29.9278502469,95.9919492593,960,0.0000000000,9.6287732985,0,32384,1202640,0,37424178592028,37424178615099,37424178773819,37424196377426
101653,"void miso::kernels::deltanet_step_kernel<256>(miso::kernels::DeltaNetStepParams) [clone .kd]",1,1,101956,1059749,1059749,8192,256,3072,0,184,0,64,64,0x0,0x708db8121400,3.2706844319,99.7167266187,128,0.0000000000,1.8182954261,1678,9536,84096,7616,37424178720610,37424178773819,37424178877820,37424196255346
101654,"void miso::kernels::q4k_gemv_kernel<(miso::kernels::ActFormat)1, 4096u, 256, 4>(miso::kernels::Q4kGemvParams) [clone .kd]",1,1,101957,1059749,1059749,61440,256,0,0,112,0,48,64,0x0,0x708db844afc0,14.2141980411,97.3204451533,960,0.0000000000,0.8961935242,0,16384,451392,0,37424178845185,37424178877820,37424179017980,37424196142245
101655,"void miso::kernels::add_rmsnorm_kernel<2048u, 512>(miso::kernels::AddRmsNormParams, unsigned int) [clone .kd]",1,1,101958,1059749,1059749,512,512,512,0,28,0,32,64,0x0,0x708db8461680,0.0425102290,98.7695312500,8,0.0000000000,0.4313687476,15,96,616,24,37424178977628,37424179017980,37424179132220,37424196025714
101656,"void miso::kernels::moe_router_kernel<256>(miso::kernels::MoeRouterParams) [clone .kd]",1,1,101959,1059749,1059749,16640,256,0,0,36,0,32,64,0x0,0x708daf3e3580,1.6812201877,94.2115461618,260,0.0000000000,2.4832888858,0,3084,25709,0,37424179108058,37424179132220,37424179263101,37424195904823
101657,"void miso::kernels::moe_gate_up_kernel<256>(miso::kernels::MoeGateUpParams) [clone .kd]",1,1,101960,1059749,1059749,30720,256,512,0,64,0,48,64,0x0,0x708daf3e35c0,29.8515738234,83.4079192365,480,0.0000000000,1.6680942724,789,23712,1256456,10593,37424179238246,37424179263101,37424179430461,37424195787871
101658,"void miso::kernels::moe_down_kernel<(miso::kernels::QType)0, 256>(miso::kernels::MoeDownParams) [clone .kd]",1,1,101961,1059749,1059749,30720,256,18944,0,84,0,32,64,0x0,0x708daf3e3600,20.6643804884,97.0479621932,480,7.3841420422,0.6203455127,205645,21168,765880,21840,37424179367598,37424179430461,37424179546142,37424195672351
101659,"void miso::kernels::add_rmsnorm_kernel<2048u, 512>(miso::kernels::AddRmsNormParams, unsigned int) [clone .kd]",1,1,101962,1059749,1059749,512,512,512,0,28,0,32,64,0x0,0x708db8461680,0.0419089528,98.7695312500,8,0.0000000000,1.5714576133,22,96,616,24,37424179497660,37424179546142,37424179645982,37424195554004
101660,"void miso::kernels::q4k_gemv_kernel<(miso::kernels::ActFormat)1, 2048u, 256, 4>(miso::kernels::Q4kGemvParams) [clone .kd]",1,1,101963,1059749,1059749,61440,256,0,0,72,0,48,64,0x0,0x708db844af40,28.7152453684,95.9919492593,960,0.0000000000,11.3697719263,0,32384,1202640,0,37424179621418,37424179645982,37424179798302,37424195435166
101661,"void miso::kernels::deltanet_step_kernel<256>(miso::kernels::DeltaNetStepParams) [clone .kd]",1,1,101964,1059749,1059749,8192,256,3072,0,184,0,64,64,0x0,0x708db8121400,3.4477412954,99.7167266187,128,0.0000000000,3.0950079403,1497,9536,84096,7616,37424179748144,37424179798302,37424179922623,37424195310252
101662,"void miso::kernels::q4k_gemv_kernel<(miso::kernels::ActFormat)1, 4096u, 256, 4>(miso::kernels::Q4kGemvParams) [clone .kd]",1,1,101965,1059749,1059749,61440,256,0,0,112,0,48,64,0x0,0x708db844afc0,14.0155977919,97.3208739211,960,0.0000000000,1.7294385405,0,16384,451392,0,37424179889410,37424179922623,37424180061343,37424195192345
101663,"void miso::kernels::add_rmsnorm_kernel<2048u, 512>(miso::kernels::AddRmsNormParams, unsigned int) [clone .kd]",1,1,101966,1059749,1059749,512,512,512,0,28,0,32,64,0x0,0x708db8461680,0.0435072263,98.7695312500,8,0.0000000000,0.3604520713,17,96,616,24,37424180020794,37424180061343,37424180192063,37424195074784
101664,"void miso::kernels::moe_router_kernel<256>(miso::kernels::MoeRouterParams) [clone .kd]",1,1,101967,1059749,1059749,16640,256,0,0,36,0,32,64,0x0,0x708daf3e3580,1.7182339991,94.2115461618,260,0.0000000000,0.4066649872,0,3084,25709,0,37424180162468,37424180192063,37424180319904,37424194954587
101665,"void miso::kernels::moe_gate_up_kernel<256>(miso::kernels::MoeGateUpParams) [clone .kd]",1,1,101968,1059749,1059749,30720,256,512,0,64,0,48,64,0x0,0x708daf3e35c0,29.0680015799,83.4026019927,480,0.0000000000,1.5450000646,742,23712,1256456,10593,37424180294901,37424180319904,37424180479104,37424194832789
101666,"void miso::kernels::moe_down_kernel<(miso::kernels::QType)0, 256>(miso::kernels::MoeDownParams) [clone .kd]",1,1,101969,1059749,1059749,30720,256,18944,0,84,0,32,64,0x0,0x708daf3e3600,17.1491548865,97.0460807843,480,6.1279040387,0.5250817967,204521,21168,765880,21840,37424180421087,37424180479104,37424180627105,37424194658035
101667,"void miso::kernels::add_rmsnorm_kernel<2048u, 512>(miso::kernels::AddRmsNormParams, unsigned int) [clone .kd]",1,1,101970,1059749,1059749,512,512,512,0,28,0,32,64,0x0,0x708db8461680,0.0392445426,98.7695312500,8,0.0000000000,0.5067070350,19,96,616,24,37424180568687,37424180627105,37424186554481,37424194517159
101668,"void miso::kernels::q6k_gemv_kernel<2048u, 256, 2>(miso::kernels::Q6kGemvParams) [clone .kd]",1,1,101971,1059749,1059749,122880,256,0,0,60,0,32,64,0x0,0x708db844b000,38.8587535942,97.7456673831,1920,0.0000000000,12.8127125690,0,48128,1430784,0,37424186527246,37424186554481,37424186708082,37424194398757
101669,"void miso::kernels::q4k_gemv_kernel<(miso::kernels::ActFormat)1, 2048u, 256, 4>(miso::kernels::Q4kGemvParams) [clone .kd]",1,1,101972,1059749,1059749,61440,256,0,0,72,0,48,64,0x0,0x708db844af40,16.3854953100,96.7194378345,960,0.0000000000,6.8577049323,0,16000,496080,0,37424186659350,37424186708082,37424186820402,37424194275739
101670,"void miso::kernels::deltanet_step_kernel<256>(miso::kernels::DeltaNetStepParams) [clone .kd]",1,1,101973,1059749,1059749,8192,256,3072,0,184,0,64,64,0x0,0x708db8121400,3.3193039014,99.7167266187,128,0.0000000000,2.5777847973,1776,9536,84096,7616,37424186783500,37424186820402,37424186936243,37424194158799
101671,"void miso::kernels::q4k_gemv_kernel<(miso::kernels::ActFormat)1, 4096u, 256, 4>(miso::kernels::Q4kGemvParams) [clone .kd]",1,1,101974,1059749,1059749,61440,256,0,0,112,0,48,64,0x0,0x708db844afc0,14.0955610204,97.3204451533,960,0.0000000000,1.7815294625,0,16384,451392,0,37424186902592,37424186936243,37424187163123,37424194039534
101672,"void miso::kernels::add_rmsnorm_kernel<2048u, 512>(miso::kernels::AddRmsNormParams, unsigned int) [clone .kd]",1,1,101975,1059749,1059749,512,512,512,0,28,0,32,64,0x0,0x708db8461680,0.0445800421,98.7695312500,8,0.0000000000,0.3025368874,16,96,616,24,37424187120878,37424187163123,37424187263763,37424193907240
101673,"void miso::kernels::moe_router_kernel<256>(miso::kernels::MoeRouterParams) [clone .kd]",1,1,101976,1059749,1059749,16640,256,0,0,36,0,32,64,0x0,0x708daf3e3580,1.6699782202,94.2115461618,260,0.0000000000,0.4905146850,0,3084,25709,0,37424187240432,37424187263763,37424187389844,37424193787705
101674,"void miso::kernels::moe_gate_up_kernel<256>(miso::kernels::MoeGateUpParams) [clone .kd]",1,1,101977,1059749,1059749,30720,256,512,0,64,0,48,64,0x0,0x708daf3e35c0,29.3765810862,83.4162219728,480,0.0000000000,1.4261523160,823,23712,1256456,10593,37424187364913,37424187389844,37424187550164,37424193666596
101675,"void miso::kernels::moe_down_kernel<(miso::kernels::QType)1, 256>(miso::kernels::MoeDownParams) [clone .kd]",1,1,101978,1059749,1059749,30720,256,18944,0,108,0,32,64,0x0,0x708daf3e3640,27.9106171954,98.5003937970,480,6.8829539344,1.1012521086,303711,33456,1113176,21840,37424187493185,37424187550164,37424187672725,37424193551336
101676,"void miso::kernels::add_rmsnorm_kernel<2048u, 512>(miso::kernels::AddRmsNormParams, unsigned int) [clone .kd]",1,1,101979,1059749,1059749,512,512,512,0,28,0,32,64,0x0,0x708db8461680,0.0429899511,98.7695312500,8,0.0000000000,1.0238067084,22,96,616,24,37424187620251,37424187672725,37424187766645,37424193435161
101677,"void miso::kernels::q4k_gemv_kernel<(miso::kernels::ActFormat)1, 2048u, 256, 4>(miso::kernels::Q4kGemvParams) [clone .kd]",1,1,101980,1059749,1059749,61440,256,0,0,72,0,48,64,0x0,0x708db844af40,25.6096766841,96.1362913991,960,0.0000000000,9.2484123068,0,26112,932160,0,37424187742408,37424187766645,37424187920885,37424193309004
101678,"void miso::kernels::attn_prep_kernel<256>(miso::kernels::AttnPrepParams) [clone .kd]",1,1,101981,1059749,1059749,4608,256,1536,0,28,0,64,64,0x0,0x708daf3b2400,0.3832264402,97.9857708255,72,0.0000000000,0.7606323850,96,170,4946,288,37424187875207,37424187920885,37424188020566,37424193191211
101679,"void miso::kernels::attn_split_kernel<256>(miso::kernels::AttnSplitParams) [clone .kd]",1,1,101982,1059749,1059749,4608,256,42496,0,96,0,32,64,0x0,0x708daf3b2440,3.0072549297,96.5660814276,72,0.5202776073,0.1653783712,4969,1136,74926,22784,37424187997862,37424188020566,37424188157526,37424193071390
101680,"void miso::kernels::attn_combine_kernel<256>(miso::kernels::AttnCombineParams) [clone .kd]",1,1,101983,1059749,1059749,4096,256,0,0,16,0,32,64,0x0,0x708daf3b2480,0.6789038141,99.4561464088,64,0.0000000000,0.1209420751,0,2368,9152,0,37424188127073,37424188157526,37424188280406,37424192945588
101681,"void miso::kernels::q4k_gemv_kernel<(miso::kernels::ActFormat)1, 4096u, 256, 4>(miso::kernels::Q4kGemvParams) [clone .kd]",1,1,101984,1059749,1059749,61440,256,0,0,112,0,48,64,0x0,0x708db844afc0,13.6516843796,97.3208739211,960,0.0000000000,1.0874346989,0,16384,451392,0,37424188254714,37424188280406,37424188417047,37424192817142
101682,"void miso::kernels::add_rmsnorm_kernel<2048u, 512>(miso::kernels::AddRmsNormParams, unsigned int) [clone .kd]",1,1,101985,1059749,1059749,512,512,512,0,28,0,32,64,0x0,0x708db8461680,0.0467549166,98.7695312500,8,0.0000000000,0.4266178361,16,96,616,24,37424188376903,37424188417047,37424188528727,37424192816627
101683,"void miso::kernels::moe_router_kernel<256>(miso::kernels::MoeRouterParams) [clone .kd]",1,1,101986,1059749,1059749,16640,256,0,0,36,0,32,64,0x0,0x708daf3e3580,1.6548655812,94.2115461618,260,0.0000000000,0.2720966392,0,3084,25709,0,37424188498472,37424188528727,37424188643927,37424210342120
101684,"void miso::kernels::moe_gate_up_kernel<256>(miso::kernels::MoeGateUpParams) [clone .kd]",1,1,101987,1059749,1059749,30720,256,512,0,64,0,48,64,0x0,0x708daf3e35c0,29.9654807983,83.4162191254,480,0.0000000000,1.5965855201,781,23712,1256456,10593,37424188619047,37424188643927,37424188806008,37424210226681
101685,"void miso::kernels::moe_down_kernel<(miso::kernels::QType)0, 256>(miso::kernels::MoeDownParams) [clone .kd]",1,1,101988,1059749,1059749,30720,256,18944,0,84,0,32,64,0x0,0x708daf3e3600,20.4416932190,97.0492165064,480,7.3046621118,1.0106261860,201415,21168,765880,21840,37424188749057,37424188806008,37424188923608,37424210105891
101686,"void miso::kernels::add_rmsnorm_kernel<2048u, 512>(miso::kernels::AddRmsNormParams, unsigned int) [clone .kd]",1,1,101989,1059749,1059749,512,512,512,0,28,0,32,64,0x0,0x708db8461680,0.0453707642,98.7695312500,8,0.0000000000,0.4799571540,16,96,616,24,37424188874750,37424188923608,37424189030648,37424209989471
101687,"void miso::kernels::q4k_gemv_kernel<(miso::kernels::ActFormat)1, 2048u, 256, 4>(miso::kernels::Q4kGemvParams) [clone .kd]",1,1,101990,1059749,1059749,61440,256,0,0,72,0,48,64,0x0,0x708db844af40,30.8974476028,95.9918704659,960,0.0000000000,11.1490023519,0,32384,1202640,0,37424189004732,37424189030648,37424189184249,37424209874175
101688,"void miso::kernels::deltanet_step_kernel<256>(miso::kernels::DeltaNetStepParams) [clone .kd]",1,1,101991,1059749,1059749,8192,256,3072,0,184,0,64,64,0x0,0x708db8121400,3.4728565963,99.7167266187,128,0.0000000000,3.1835185628,1718,9536,84096,7616,37424189133051,37424189184249,37424189289369,37424209755096
101689,"void miso::kernels::q4k_gemv_kernel<(miso::kernels::ActFormat)1, 4096u, 256, 4>(miso::kernels::Q4kGemvParams) [clone .kd]",1,1,101992,1059749,1059749,61440,256,0,0,112,0,48,64,0x0,0x708db844afc0,13.2258835183,97.3213026928,960,0.0000000000,3.2001199193,0,16384,451392,0,37424189257818,37424189289369,37424189423610,37424209637164
101690,"void miso::kernels::add_rmsnorm_kernel<2048u, 512>(miso::kernels::AddRmsNormParams, unsigned int) [clone .kd]",1,1,101993,1059749,1059749,512,512,512,0,28,0,32,64,0x0,0x708db8461680,0.0447539929,98.7695312500,8,0.0000000000,0.9339546965,18,96,616,24,37424189382919,37424189423610,37424189532730,37424209521744
101691,"void miso::kernels::moe_router_kernel<256>(miso::kernels::MoeRouterParams) [clone .kd]",1,1,101994,1059749,1059749,16640,256,0,0,36,0,32,64,0x0,0x708daf3e3580,1.6749061087,94.2115461618,260,0.0000000000,4.2444453214,0,3084,25709,0,37424189510231,37424189532730,37424189661690,37424209403689
101692,"void miso::kernels::moe_gate_up_kernel<256>(miso::kernels::MoeGateUpParams) [clone .kd]",1,1,101995,1059749,1059749,30720,256,512,0,64,0,48,64,0x0,0x708daf3e35c0,29.5998391222,83.4076904991,480,0.0000000000,1.2495166581,760,23712,1256456,10593,37424189636669,37424189661690,37424189825211,37424209287025
101693,"void miso::kernels::moe_down_kernel<(miso::kernels::QType)0, 256>(miso::kernels::MoeDownParams) [clone .kd]",1,1,101996,1059749,1059749,30720,256,18944,0,84,0,32,64,0x0,0x708daf3e3600,20.2789484720,97.0480876231,480,7.2464223935,1.2687832319,202075,21168,765880,21840,37424189767328,37424189825211,37424189941051,37424209170744
101694,"void miso::kernels::add_rmsnorm_kernel<2048u, 512>(miso::kernels::AddRmsNormParams, unsigned int) [clone .kd]",1,1,101997,1059749,1059749,512,512,512,0,28,0,32,64,0x0,0x708db8461680,0.0452360758,98.7695312500,8,0.0000000000,0.9808822941,26,96,616,24,37424189893652,37424189941051,37424190042011,37424209052369
101695,"void miso::kernels::q6k_gemv_kernel<2048u, 256, 2>(miso::kernels::Q6kGemvParams) [clone .kd]",1,1,101998,1059749,1059749,122880,256,0,0,60,0,32,64,0x0,0x708db844b000,40.1643988090,97.7433649164,1920,0.0000000000,12.3303638974,0,48128,1430784,0,37424190018667,37424190042011,37424190192892,37424208930753
101696,"void miso::kernels::q4k_gemv_kernel<(miso::kernels::ActFormat)1, 2048u, 256, 4>(miso::kernels::Q4kGemvParams) [clone .kd]",1,1,101999,1059749,1059749,61440,256,0,0,72,0,48,64,0x0,0x708db844af40,18.4214877855,96.7256116414,960,0.0000000000,5.0939684847,0,16000,496080,0,37424190145316,37424190192892,37424190302972,37424208810031
101697,"void miso::kernels::deltanet_step_kernel<256>(miso::kernels::DeltaNetStepParams) [clone .kd]",1,1,102000,1059749,1059749,8192,256,3072,0,184,0,64,64,0x0,0x708db8121400,3.4632843584,99.7167266187,128,0.0000000000,2.9237806991,1781,9536,84096,7616,37424190268597,37424190302972,37424190427612,37424208689042
101698,"void miso::kernels::q4k_gemv_kernel<(miso::kernels::ActFormat)1, 4096u, 256, 4>(miso::kernels::Q4kGemvParams) [clone .kd]",1,1,102001,1059749,1059749,61440,256,0,0,112,0,48,64,0x0,0x708db844afc0,13.9883274478,97.3213026928,960,0.0000000000,1.4500576364,0,16384,451392,0,37424190395030,37424190427612,37424190552573,37424208536445
101699,"void miso::kernels::add_rmsnorm_kernel<2048u, 512>(miso::kernels::AddRmsNormParams, unsigned int) [clone .kd]",1,1,102002,1059749,1059749,512,512,512,0,28,0,32,64,0x0,0x708db8461680,0.0435409693,98.7695312500,8,0.0000000000,0.5184357052,17,96,616,24,37424190511708,37424190552573,37424190661693,37424208416114
101700,"void miso::kernels::moe_router_kernel<256>(miso::kernels::MoeRouterParams) [clone .kd]",1,1,102003,1059749,1059749,16640,256,0,0,36,0,32,64,0x0,0x708daf3e3580,1.7665723525,94.2115461618,260,0.0000000000,0.3997403079,0,3084,25709,0,37424190637819,37424190661693,37424190788413,37424208298712
101701,"void miso::kernels::moe_gate_up_kernel<256>(miso::kernels::MoeGateUpParams) [clone .kd]",1,1,102004,1059749,1059749,30720,256,512,0,64,0,48,64,0x0,0x708daf3e35c0,30.0025879562,83.4037771741,480,0.0000000000,1.9894505763,1024,23712,1256456,10593,37424190763445,37424190788413,37424190946654,37424208183267
101702,"void miso::kernels::moe_down_kernel<(miso::kernels::QType)1, 256>(miso::kernels::MoeDownParams) [clone .kd]",1,1,102005,1059749,1059749,30720,256,18944,0,108,0,32,64,0x0,0x708daf3e3640,27.8489663293,98.5080380073,480,6.8682833763,1.1148653224,303176,33456,1113176,21840,37424190889751,37424190946654,37424191070974,37424208062152
101703,"void miso::kernels::add_rmsnorm_kernel<2048u, 512>(miso::kernels::AddRmsNormParams, unsigned int) [clone .kd]",1,1,102006,1059749,1059749,512,512,512,0,28,0,32,64,0x0,0x708db8461680,0.0450222297,98.7695312500,8,0.0000000000,0.5553140622,16,96,616,24,37424191018585,37424191070974,37424191166334,37424207941913
101704,"void miso::kernels::q4k_gemv_kernel<(miso::kernels::ActFormat)1, 2048u, 256, 4>(miso::kernels::Q4kGemvParams) [clone .kd]",1,1,102007,1059749,1059749,61440,256,0,0,72,0,48,64,0x0,0x708db844af40,30.1529349451,95.9927372004,960,0.0000000000,10.0275854382,0,32384,1202640,0,37424191142332,37424191166334,37424191323935,37424207824351
101705,"void miso::kernels::deltanet_step_kernel<256>(miso::kernels::DeltaNetStepParams) [clone .kd]",1,1,102008,1059749,1059749,8192,256,3072,0,184,0,64,64,0x0,0x708db8121400,3.3942279810,99.7167266187,128,0.0000000000,4.0251521014,1451,9536,84096,7616,37424191270358,37424191323935,37424191433055,37424207704934
101706,"void miso::kernels::q4k_gemv_kernel<(miso::kernels::ActFormat)1, 4096u, 256, 4>(miso::kernels::Q4kGemvParams) [clone .kd]",1,1,102009,1059749,1059749,61440,256,0,0,112,0,48,64,0x0,0x708db844afc0,13.8779952431,97.3213026928,960,0.0000000000,1.1836883001,0,16384,451392,0,37424191400866,37424191433055,37424191570496,37424207587221
101707,"void miso::kernels::add_rmsnorm_kernel<2048u, 512>(miso::kernels::AddRmsNormParams, unsigned int) [clone .kd]",1,1,102010,1059749,1059749,512,512,512,0,28,0,32,64,0x0,0x708db8461680,0.0430593681,98.7695312500,8,0.0000000000,0.4879436349,18,96,616,24,37424191529001,37424191570496,37424191683776,37424207467255
101708,"void miso::kernels::moe_router_kernel<256>(miso::kernels::MoeRouterParams) [clone .kd]",1,1,102011,1059749,1059749,16640,256,0,0,36,0,32,64,0x0,0x708daf3e3580,1.7774930861,94.2115461618,260,0.0000000000,0.4721640523,0,3084,25709,0,37424191660266,37424191683776,37424191825216,37424207349377
101709,"void miso::kernels::moe_gate_up_kernel<256>(miso::kernels::MoeGateUpParams) [clone .kd]",1,1,102012,1059749,1059749,30720,256,512,0,64,0,48,64,0x0,0x708daf3e35c0,29.3074479272,83.4140867434,480,0.0000000000,1.6034582503,898,23712,1256456,10593,37424191793532,37424191825216,37424191979137,37424207226974
101710,"void miso::kernels::moe_down_kernel<(miso::kernels::QType)0, 256>(miso::kernels::MoeDownParams) [clone .kd]",1,1,102013,1059749,1059749,30720,256,18944,0,84,0,32,64,0x0,0x708daf3e3600,20.2701980509,97.0441994484,480,7.2430053442,0.5345841709,202050,21168,765880,21840,37424191921374,37424191979137,37424192095297,37424207105551
101711,"void miso::kernels::add_rmsnorm_kernel<2048u, 512>(miso::kernels::AddRmsNormParams, unsigned int) [clone .kd]",1,1,102014,1059749,1059749,512,512,512,0,28,0,32,64,0x0,0x708db8461680,0.0420278434,98.7695312500,8,0.0000000000,1.0190690999,23,96,616,24,37424192048531,37424192095297,37424192198657,37424206987601
101712,"void miso::kernels::q4k_gemv_kernel<(miso::kernels::ActFormat)1, 2048u, 256, 4>(miso::kernels::Q4kGemvParams) [clone .kd]",1,1,102015,1059749,1059749,61440,256,0,0,72,0,48,64,0x0,0x708db844af40,25.0780631413,96.1380229551,960,0.0000000000,7.7722659531,0,26112,932160,0,37424192175377,37424192198657,37424192346498,37424206866227
101713,"void miso::kernels::attn_prep_kernel<256>(miso::kernels::AttnPrepParams) [clone .kd]",1,1,102016,1059749,1059749,4608,256,1536,0,28,0,64,64,0x0,0x708daf3b2400,0.3915058143,97.9857708255,72,0.0000000000,0.7870469655,75,170,4946,288,37424192300477,37424192346498,37424192446178,37424206746011
101714,"void miso::kernels::attn_split_kernel<256>(miso::kernels::AttnSplitParams) [clone .kd]",1,1,102017,1059749,1059749,4608,256,42496,0,96,0,32,64,0x0,0x708daf3b2440,3.2686748431,96.5660814276,72,0.5655052086,0.1610478849,5001,1136,74926,22784,37424192424927,37424192446178,37424192593538,37424206625497
101715,"void miso::kernels::attn_combine_kernel<256>(miso::kernels::AttnCombineParams) [clone .kd]",1,1,102018,1059749,1059749,4096,256,0,0,16,0,32,64,0x0,0x708daf3b2480,0.6264330521,99.4561464088,64,0.0000000000,0.0940212771,0,2368,9152,0,37424192562984,37424192593538,37424192726019,37424206505241
101716,"void miso::kernels::q4k_gemv_kernel<(miso::kernels::ActFormat)1, 4096u, 256, 4>(miso::kernels::Q4kGemvParams) [clone .kd]",1,1,102019,1059749,1059749,61440,256,0,0,112,0,48,64,0x0,0x708db844afc0,13.1745257830,97.3213026928,960,0.0000000000,1.3627896041,0,16384,451392,0,37424192696019,37424192726019,37424198592275,37424206386190
101717,"void miso::kernels::add_rmsnorm_kernel<2048u, 512>(miso::kernels::AddRmsNormParams, unsigned int) [clone .kd]",1,1,102020,1059749,1059749,512,512,512,0,28,0,32,64,0x0,0x708db8461680,0.0407466830,98.7695312500,8,0.0000000000,0.4932458346,14,96,616,24,37424198547779,37424198592275,37424198694036,37424206267215
101718,"void miso::kernels::moe_router_kernel<256>(miso::kernels::MoeRouterParams) [clone .kd]",1,1,102021,1059749,1059749,16640,256,0,0,36,0,32,64,0x0,0x708daf3e3580,1.6309661529,94.2115461618,260,0.0000000000,0.2673082064,0,3084,25709,0,37424198671291,37424198694036,37424198821876,37424206150211
101719,"void miso::kernels::moe_gate_up_kernel<256>(miso::kernels::MoeGateUpParams) [clone .kd]",1,1,102022,1059749,1059749,30720,256,512,0,64,0,48,64,0x0,0x708daf3e35c0,28.8083581853,83.4114504009,480,0.0000000000,1.5670679552,734,23712,1256456,10593,37424198796600,37424198821876,37424198977397,37424205977966
101720,"void miso::kernels::moe_down_kernel<(miso::kernels::QType)0, 256>(miso::kernels::MoeDownParams) [clone .kd]",1,1,102023,1059749,1059749,30720,256,18944,0,84,0,32,64,0x0,0x708daf3e3600,20.8374404137,97.0490910736,480,7.4460693221,0.5188003918,203931,21168,765880,21840,37424198921078,37424198977397,37424199279317,37424205860772
101721,"void miso::kernels::add_rmsnorm_kernel<2048u, 512>(miso::kernels::AddRmsNormParams, unsigned int) [clone .kd]",1,1,102024,1059749,1059749,512,512,512,0,28,0,32,64,0x0,0x708db8461680,0.0424712987,98.7695312500,8,0.0000000000,0.4395352393,21,96,616,24,37424199231509,37424199279317,37424199375958,37424205745417
101722,"void miso::kernels::q6k_gemv_kernel<2048u, 256, 2>(miso::kernels::Q6kGemvParams) [clone .kd]",1,1,102025,1059749,1059749,122880,256,0,0,60,0,32,64,0x0,0x708db844b000,36.7438509671,97.7429586101,1920,0.0000000000,14.6051245798,0,48128,1430784,0,37424199352827,37424199375958,37424199530358,37424205628028
101723,"void miso::kernels::q4k_gemv_kernel<(miso::kernels::ActFormat)1, 2048u, 256, 4>(miso::kernels::Q4kGemvParams) [clone .kd]",1,1,102026,1059749,1059749,61440,256,0,0,72,0,48,64,0x0,0x708db844af40,16.0882081103,96.7256116414,960,0.0000000000,4.8199802773,0,16000,496080,0,37424199482167,37424199530358,37424199681238,37424205505128
101724,"void miso::kernels::deltanet_step_kernel<256>(miso::kernels::DeltaNetStepParams) [clone .kd]",1,1,102027,1059749,1059749,8192,256,3072,0,184,0,64,64,0x0,0x708db8121400,3.3841565477,99.7167266187,128,0.0000000000,2.4867064569,2145,9536,84096,7616,37424199645490,37424199681238,37424199841879,37424205389431
101725,"void miso::kernels::q4k_gemv_kernel<(miso::kernels::ActFormat)1, 4096u, 256, 4>(miso::kernels::Q4kGemvParams) [clone .kd]",1,1,102028,1059749,1059749,61440,256,0,0,112,0,48,64,0x0,0x708db844afc0,14.0081032876,97.3206595367,960,0.0000000000,1.8040757888,0,16384,451392,0,37424199808428,37424199841879,37424199976119,37424205269506
101726,"void miso::kernels::add_rmsnorm_kernel<2048u, 512>(miso::kernels::AddRmsNormParams, unsigned int) [clone .kd]",1,1,102029,1059749,1059749,512,512,512,0,28,0,32,64,0x0,0x708db8461680,0.0464677267,98.7695312500,8,0.0000000000,0.4319015501,13,96,616,24,37424199936034,37424199976119,37424200080120,37424205148168
101727,"void miso::kernels::moe_router_kernel<256>(miso::kernels::MoeRouterParams) [clone .kd]",1,1,102030,1059749,1059749,16640,256,0,0,36,0,32,64,0x0,0x708daf3e3580,1.7301373659,94.2115461618,260,0.0000000000,4.2152534058,0,3084,25709,0,37424200057753,37424200080120,37424200208120,37424205029324
101728,"void miso::kernels::moe_gate_up_kernel<256>(miso::kernels::MoeGateUpParams) [clone .kd]",1,1,102031,1059749,1059749,30720,256,512,0,64,0,48,64,0x0,0x708daf3e35c0,28.7845688697,83.4055914376,480,0.0000000000,2.0711182482,1070,23712,1256456,10593,37424200183064,37424200208120,37424200370040,37424204905380
101729,"void miso::kernels::moe_down_kernel<(miso::kernels::QType)1, 256>(miso::kernels::MoeDownParams) [clone .kd]",1,1,102032,1059749,1059749,30720,256,18944,0,108,0,32,64,0x0,0x708daf3e3640,27.6900922797,98.5079501360,480,6.8290947893,1.3192851105,303261,33456,1113176,21840,37424200311715,37424200370040,37424200486521,37424204776719
101730,"void miso::kernels::add_rmsnorm_kernel<2048u, 512>(miso::kernels::AddRmsNormParams, unsigned int) [clone .kd]",1,1,102033,1059749,1059749,512,512,512,0,28,0,32,64,0x0,0x708db8461680,0.0442435052,98.7695312500,8,0.0000000000,0.5040443081,18,96,616,24,37424200435366,37424200486521,37424200593881,37424204776174
101731,"void miso::kernels::q4k_gemv_kernel<(miso::kernels::ActFormat)1, 2048u, 256, 4>(miso::kernels::Q4kGemvParams) [clone .kd]",1,1,102034,1059749,1059749,61440,256,0,0,72,0,48,64,0x0,0x708db844af40,29.8541210259,95.9913189158,960,0.0000000000,10.4780293115,0,32384,1202640,0,37424200563731,37424200593881,37424200754042,37424222865322
101732,"void miso::kernels::deltanet_step_kernel<256>(miso::kernels::DeltaNetStepParams) [clone .kd]",1,1,102035,1059749,1059749,8192,256,3072,0,184,0,64,64,0x0,0x708db8121400,3.4482223979,99.7167266187,128,0.0000000000,2.1182418262,1742,9536,84096,7616,37424200702307,37424200754042,37424200858042,37424222728374
101733,"void miso::kernels::q4k_gemv_kernel<(miso::kernels::ActFormat)1, 4096u, 256, 4>(miso::kernels::Q4kGemvParams) [clone .kd]",1,1,102036,1059749,1059749,61440,256,0,0,112,0,48,64,0x0,0x708db844afc0,13.9519559391,97.3213026928,960,0.0000000000,1.2844157555,0,16384,451392,0,37424200825809,37424200858042,37424200998842,37424222585540
101734,"void miso::kernels::add_rmsnorm_kernel<2048u, 512>(miso::kernels::AddRmsNormParams, unsigned int) [clone .kd]",1,1,102037,1059749,1059749,512,512,512,0,28,0,32,64,0x0,0x708db8461680,0.0431290097,98.7695312500,8,0.0000000000,0.4134740192,17,96,616,24,37424200958152,37424200998842,37424201124763,37424222463394
101735,"void miso::kernels::moe_router_kernel<256>(miso::kernels::MoeRouterParams) [clone .kd]",1,1,102038,1059749,1059749,16640,256,0,0,36,0,32,64,0x0,0x708daf3e3580,1.6557432944,94.2115461618,260,0.0000000000,0.4982162628,0,3084,25709,0,37424201101553,37424201124763,37424201251643,37424222345481
101736,"void miso::kernels::moe_gate_up_kernel<256>(miso::kernels::MoeGateUpParams) [clone .kd]",1,1,102039,1059749,1059749,30720,256,512,0,64,0,48,64,0x0,0x708daf3e35c0,29.4655743310,83.4042612478,480,0.0000000000,1.7251843339,834,23712,1256456,10593,37424201227190,37424201251643,37424201415803,37424222226580
101737,"void miso::kernels::moe_down_kernel<(miso::kernels::QType)0, 256>(miso::kernels::MoeDownParams) [clone .kd]",1,1,102040,1059749,1059749,30720,256,18944,0,84,0,32,64,0x0,0x708daf3e3600,19.6871549035,97.0488402090,480,7.0350070991,0.6185276819,201201,21168,765880,21840,37424201358141,37424201415803,37424201533564,37424222105792
101738,"void miso::kernels::add_rmsnorm_kernel<2048u, 512>(miso::kernels::AddRmsNormParams, unsigned int) [clone .kd]",1,1,102041,1059749,1059749,512,512,512,0,28,0,32,64,0x0,0x708db8461680,0.0433410535,98.7695312500,8,0.0000000000,1.0050349323,15,96,616,24,37424201485525,37424201533564,37424201647004,37424221920713
101739,"void miso::kernels::q4k_gemv_kernel<(miso::kernels::ActFormat)1, 2048u, 256, 4>(miso::kernels::Q4kGemvParams) [clone .kd]",1,1,102042,1059749,1059749,61440,256,0,0,72,0,48,64,0x0,0x708db844af40,30.3412085257,95.9943919188,960,0.0000000000,11.3095481497,0,32384,1202640,0,37424201623220,37424201647004,37424201802844,37424221803567
101740,"void miso::kernels::deltanet_step_kernel<256>(miso::kernels::DeltaNetStepParams) [clone .kd]",1,1,102043,1059749,1059749,8192,256,3072,0,184,0,64,64,0x0,0x708db8121400,3.4272593483,99.7167266187,128,0.0000000000,3.3919254517,1832,9536,84096,7616,37424201749718,37424201802844,37424201917885,37424221688733
101741,"void miso::kernels::q4k_gemv_kernel<(miso::kernels::ActFormat)1, 4096u, 256, 4>(miso::kernels::Q4kGemvParams) [clone .kd]",1,1,102044,1059749,1059749,61440,256,0,0,112,0,48,64,0x0,0x708db844afc0,13.9766989335,97.3213026928,960,0.0000000000,1.4557738416,0,16384,451392,0,37424201879160,37424201917885,37424202042365,37424221569270
101742,"void miso::kernels::add_rmsnorm_kernel<2048u, 512>(miso::kernels::AddRmsNormParams, unsigned int) [clone .kd]",1,1,102045,1059749,1059749,512,512,512,0,28,0,32,64,0x0,0x708db8461680,0.0439808134,98.7695312500,8,0.0000000000,0.3737138420,22,96,616,24,37424202006126,37424202042365,37424202156125,37424221453981
101743,"void miso::kernels::moe_router_kernel<256>(miso::kernels::MoeRouterParams) [clone .kd]",1,1,102046,1059749,1059749,16640,256,0,0,36,0,32,64,0x0,0x708daf3e3580,1.5869644154,94.2115461618,260,0.0000000000,0.5028650464,0,3084,25709,0,37424202132371,37424202156125,37424202286526,37424221338812
101744,"void miso::kernels::moe_gate_up_kernel<256>(miso::kernels::MoeGateUpParams) [clone .kd]",1,1,102047,1059749,1059749,30720,256,512,0,64,0,48,64,0x0,0x708daf3e35c0,29.2777449981,83.4084871525,480,0.0000000000,1.3932591666,705,23712,1256456,10593,37424202260974,37424202286526,37424202443006,37424221223791
101745,"void miso::kernels::moe_down_kernel<(miso::kernels::QType)0, 256>(miso::kernels::MoeDownParams) [clone .kd]",1,1,102048,1059749,1059749,30720,256,18944,0,84,0,32,64,0x0,0x708daf3e3600,21.5818688982,97.0497182407,480,7.7121338912,0.8751440645,203910,21168,765880,21840,37424202385315,37424202443006,37424202558687,37424221099523
101746,"void miso::kernels::add_rmsnorm_kernel<2048u, 512>(miso::kernels::AddRmsNormParams, unsigned int) [clone .kd]",1,1,102049,1059749,1059749,512,512,512,0,28,0,32,64,0x0,0x708db8461680,0.0450412409,98.7695312500,8,0.0000000000,0.5123817193,23,96,616,24,37424202511830,37424202558687,37424202655967,37424220981121
101747,"void miso::kernels::q4k_gemv_kernel<(miso::kernels::ActFormat)1, 2048u, 256, 4>(miso::kernels::Q4kGemvParams) [clone .kd]",1,1,102050,1059749,1059749,61440,256,0,0,72,0,48,64,0x0,0x708db844af40,24.8089860975,96.1708858296,960,0.0000000000,9.0803696675,0,25088,888000,0,37424202632944,37424202655967,37424202805887,37424220865054
101748,"void miso::kernels::q6k_gemv_kernel<2048u, 256, 1>(miso::kernels::Q6kGemvParams) [clone .kd]",1,1,102051,1059749,1059749,61440,256,0,0,60,0,32,64,0x0,0x708db844b040,9.7067369155,97.9885057471,960,0.0000000000,0.2702106540,0,6144,149312,0,37424202762698,37424202805887,37424202909728,37424220746867
101749,"void miso::kernels::attn_prep_kernel<256>(miso::kernels::AttnPrepParams) [clone .kd]",1,1,102052,1059749,1059749,4608,256,1536,0,28,0,64,64,0x0,0x708daf3b2400,0.3631908223,97.9857708255,72,0.0000000000,0.8665433046,95,170,4946,288,37424202885175,37424202909728,37424203042528,37424220628329
101750,"void miso::kernels::attn_split_kernel<256>(miso::kernels::AttnSplitParams) [clone .kd]",1,1,102053,1059749,1059749,4608,256,42496,0,96,0,32,64,0x0,0x708daf3b2440,3.2409009192,96.5660814276,72,0.5607001119,0.1593682358,4882,1136,74926,22784,37424203019653,37424203042528,37424203178528,37424220511376
101751,"void miso::kernels::attn_combine_kernel<256>(miso::kernels::AttnCombineParams) [clone .kd]",1,1,102054,1059749,1059749,4096,256,0,0,16,0,32,64,0x0,0x708daf3b2480,0.4988673850,99.4561464088,64,0.0000000000,0.1285751286,0,2368,9152,0,37424203148632,37424203178528,37424203299329,37424220394190
101752,"void miso::kernels::q4k_gemv_kernel<(miso::kernels::ActFormat)1, 4096u, 256, 4>(miso::kernels::Q4kGemvParams) [clone .kd]",1,1,102055,1059749,1059749,61440,256,0,0,112,0,48,64,0x0,0x708db844afc0,13.8945615710,97.3213026928,960,0.0000000000,1.6543279663,0,16384,451392,0,37424203273606,37424203299329,37424203445569,37424220275376
101753,"void miso::kernels::add_rmsnorm_kernel<2048u, 512>(miso::kernels::AddRmsNormParams, unsigned int) [clone .kd]",1,1,102056,1059749,1059749,512,512,512,0,28,0,32,64,0x0,0x708db8461680,0.0440680300,98.7695312500,8,0.0000000000,0.5006792585,19,96,616,24,37424203404598,37424203445569,37424203546369,37424220151191
101754,"void miso::kernels::moe_router_kernel<256>(miso::kernels::MoeRouterParams) [clone .kd]",1,1,102057,1059749,1059749,16640,256,0,0,36,0,32,64,0x0,0x708daf3e3580,1.7005836576,94.2115461618,260,0.0000000000,0.2312006034,0,3084,25709,0,37424203523704,37424203546369,37424203674370,37424220032006
101755,"void miso::kernels::moe_gate_up_kernel<256>(miso::kernels::MoeGateUpParams) [clone .kd]",1,1,102058,1059749,1059749,30720,256,512,0,64,0,48,64,0x0,0x708daf3e35c0,29.2679455556,83.4018403573,480,0.0000000000,1.7500563577,775,23712,1256456,10593,37424203650229,37424203674370,37424203837090,37424219892214
101756,"void miso::kernels::moe_down_kernel<(miso::kernels::QType)1, 256>(miso::kernels::MoeDownParams) [clone .kd]",1,1,102060,1059749,1059749,30720,256,18944,0,108,0,32,64,0x0,0x708daf3e3640,27.7715266733,98.5096197161,480,6.8492947070,0.7849217835,303694,33456,1113176,21840,37424203784619,37424203837090,37424203988291,37424219447610
101757,"void miso::kernels::add_rmsnorm_kernel<2048u, 512>(miso::kernels::AddRmsNormParams, unsigned int) [clone .kd]",1,1,102061,1059749,1059749,512,512,512,0,28,0,32,64,0x0,0x708db8461680,0.0439953255,98.7695312500,8,0.0000000000,1.5122340219,17,96,616,24,37424203933719,37424203988291,37424204169731,37424219326613
101758,"void miso::kernels::q4k_gemv_kernel<(miso::kernels::ActFormat)1, 2048u, 256, 4>(miso::kernels::Q4kGemvParams) [clone .kd]",1,1,102062,1059749,1059749,61440,256,0,0,72,0,48,64,0x0,0x708db844af40,30.3066214919,95.9891915673,960,0.0000000000,10.7892898106,0,32384,1202640,0,37424204140958,37424204169731,37424204334532,37424219206265
101759,"void miso::kernels::deltanet_step_kernel<256>(miso::kernels::DeltaNetStepParams) [clone .kd]",1,1,102063,1059749,1059749,8192,256,3072,0,184,0,64,64,0x0,0x708db8121400,3.2897705000,99.7167266187,128,0.0000000000,3.4174258598,1736,9536,84096,7616,37424204282248,37424204334532,37424204440132,37424219086381
101760,"void miso::kernels::q4k_gemv_kernel<(miso::kernels::ActFormat)1, 4096u, 256, 4>(miso::kernels::Q4kGemvParams) [clone .kd]",1,1,102064,1059749,1059749,61440,256,0,0,112,0,48,64,0x0,0x708db844afc0,14.5040321550,97.3210883065,960,0.0000000000,1.9850364618,0,16384,451392,0,37424204407516,37424204440132,37424204576292,37424218957244
101761,"void miso::kernels::add_rmsnorm_kernel<2048u, 512>(miso::kernels::AddRmsNormParams, unsigned int) [clone .kd]",1,1,102065,1059749,1059749,512,512,512,0,28,0,32,64,0x0,0x708db8461680,0.0360202163,98.7695312500,8,0.0000000000,0.4404370719,28,96,616,24,37424204535486,37424204576292,37424204689253,37424218835550
101762,"void miso::kernels::moe_router_kernel<256>(miso::kernels::MoeRouterParams) [clone .kd]",1,1,102066,1059749,1059749,16640,256,0,0,36,0,32,64,0x0,0x708daf3e3580,1.5447283780,94.2115461618,260,0.0000000000,0.4888182818,0,3084,25709,0,37424204659575,37424204689253,37424210730870,37424218721160
101763,"void miso::kernels::moe_gate_up_kernel<256>(miso::kernels::MoeGateUpParams) [clone .kd]",1,1,102067,1059749,1059749,30720,256,512,0,64,0,48,64,0x0,0x708daf3e35c0,29.8422093426,83.4132960068,480,0.0000000000,1.2067317969,812,23712,1256456,10593,37424210699693,37424210730870,37424210885270,37424218603392
101764,"void miso::kernels::moe_down_kernel<(miso::kernels::QType)0, 256>(miso::kernels::MoeDownParams) [clone .kd]",1,1,102068,1059749,1059749,30720,256,18944,0,84,0,32,64,0x0,0x708daf3e3600,21.4650054376,97.0485893457,480,7.6702843065,1.7438017799,207531,21168,765880,21840,37424210828190,37424210885270,37424210998230,37424218487157
101765,"void miso::kernels::add_rmsnorm_kernel<2048u, 512>(miso::kernels::AddRmsNormParams, unsigned int) [clone .kd]",1,1,102069,1059749,1059749,512,512,512,0,28,0,32,64,0x0,0x708db8461680,0.0394418972,98.7695312500,8,0.0000000000,0.4912379196,16,96,616,24,37424210952148,37424210998230,37424211142391,37424218368892
101766,"void miso::kernels::q4k_gemv_kernel<(miso::kernels::ActFormat)1, 2048u, 256, 4>(miso::kernels::Q4kGemvParams) [clone .kd]",1,1,102070,1059749,1059749,61440,256,0,0,72,0,48,64,0x0,0x708db844af40,25.7323296328,95.9904522069,960,0.0000000000,10.6108060280,0,32384,1202640,0,37424211115841,37424211142391,37424211402872,37424218250921
101767,"void miso::kernels::deltanet_step_kernel<256>(miso::kernels::DeltaNetStepParams) [clone .kd]",1,1,102071,1059749,1059749,8192,256,3072,0,184,0,64,64,0x0,0x708db8121400,3.2285224864,99.7167266187,128,0.0000000000,2.2579622881,1741,9536,84096,7616,37424211344790,37424211402872,37424211557752,37424218136126
101768,"void miso::kernels::q4k_gemv_kernel<(miso::kernels::ActFormat)1, 4096u, 256, 4>(miso::kernels::Q4kGemvParams) [clone .kd]",1,1,102072,1059749,1059749,61440,256,0,0,112,0,48,64,0x0,0x708db844afc0,13.9293823797,97.3210883065,960,0.0000000000,1.2501603945,0,16384,451392,0,37424211517946,37424211557752,37424211684792,37424218017646
101769,"void miso::kernels::add_rmsnorm_kernel<2048u, 512>(miso::kernels::AddRmsNormParams, unsigned int) [clone .kd]",1,1,102073,1059749,1059749,512,512,512,0,28,0,32,64,0x0,0x708db8461680,0.0443668025,98.7695312500,8,0.0000000000,0.3767632520,20,96,616,24,37424211644259,37424211684792,37424211805433,37424217891755
101770,"void miso::kernels::moe_router_kernel<256>(miso::kernels::MoeRouterParams) [clone .kd]",1,1,102074,1059749,1059749,16640,256,0,0,36,0,32,64,0x0,0x708daf3e3580,1.7642903278,94.2115461618,260,0.0000000000,0.4198402378,0,3084,25709,0,37424211783235,37424211805433,37424211934393,37424217769136
101771,"void miso::kernels::moe_gate_up_kernel<256>(miso::kernels::MoeGateUpParams) [clone .kd]",1,1,102075,1059749,1059749,30720,256,512,0,64,0,48,64,0x0,0x708daf3e35c0,29.3068383182,83.4114514744,480,0.0000000000,1.4498822463,798,23712,1256456,10593,37424211910811,37424211934393,37424212097114,37424217649676
101772,"void miso::kernels::moe_down_kernel<(miso::kernels::QType)0, 256>(miso::kernels::MoeDownParams) [clone .kd]",1,1,102076,1059749,1059749,30720,256,18944,0,84,0,32,64,0x0,0x708daf3e3600,19.6678614098,97.0492165064,480,7.0281400137,0.7154170664,206887,21168,765880,21840,37424212039373,37424212097114,37424212220154,37424217525329
101773,"void miso::kernels::add_rmsnorm_kernel<2048u, 512>(miso::kernels::AddRmsNormParams, unsigned int) [clone .kd]",1,1,102077,1059749,1059749,512,512,512,0,28,0,32,64,0x0,0x708db8461680,0.0424712987,98.7695312500,8,0.0000000000,0.4636694448,19,96,616,24,37424212170910,37424212220154,37424212323354,37424217406550
101774,"void miso::kernels::q6k_gemv_kernel<2048u, 256, 2>(miso::kernels::Q6kGemvParams) [clone .kd]",1,1,102078,1059749,1059749,122880,256,0,0,60,0,32,64,0x0,0x708db844b000,40.9925760571,97.7449224555,1920,0.0000000000,12.5636750241,0,48128,1430784,0,37424212300549,37424212323354,37424212475195,37424217234211
101775,"void miso::kernels::q4k_gemv_kernel<(miso::kernels::ActFormat)1, 2048u, 256, 4>(miso::kernels::Q4kGemvParams) [clone .kd]",1,1,102079,1059749,1059749,61440,256,0,0,72,0,48,64,0x0,0x708db844af40,16.8578000161,96.7238751785,960,0.0000000000,5.0223380491,0,16000,496080,0,37424212427777,37424212475195,37424212587675,37424217043338
101776,"void miso::kernels::deltanet_step_kernel<256>(miso::kernels::DeltaNetStepParams) [clone .kd]",1,1,102080,1059749,1059749,8192,256,3072,0,184,0,64,64,0x0,0x708db8121400,3.5324295777,99.7167266187,128,0.0000000000,1.9679736606,1765,9536,84096,7616,37424212551945,37424212587675,37424212710075,37424217038336
101777,"void miso::kernels::q4k_gemv_kernel<(miso::kernels::ActFormat)1, 4096u, 256, 4>(miso::kernels::Q4kGemvParams) [clone .kd]",1,1,102081,1059749,1059749,61440,256,0,0,112,0,48,64,0x0,0x708db844afc0,15.4191462189,97.3213026928,960,0.0000000000,1.9302665076,0,16384,451392,0,37424212678684,37424212710075,37424212853596,37424236128426
101778,"void miso::kernels::add_rmsnorm_kernel<2048u, 512>(miso::kernels::AddRmsNormParams, unsigned int) [clone .kd]",1,1,102082,1059749,1059749,512,512,512,0,28,0,32,64,0x0,0x708db8461680,0.0428655629,98.7695312500,8,0.0000000000,0.4055167628,20,96,616,24,37424212806065,37424212853596,37424212952636,37424236018737
101779,"void miso::kernels::moe_router_kernel<256>(miso::kernels::MoeRouterParams) [clone .kd]",1,1,102083,1059749,1059749,16640,256,0,0,36,0,32,64,0x0,0x708daf3e3580,1.7672152359,94.2115461618,260,0.0000000000,0.4217229590,0,3084,25709,0,37424212928828,37424212952636,37424213083036,37424235907089
101780,"void miso::kernels::moe_gate_up_kernel<256>(miso::kernels::MoeGateUpParams) [clone .kd]",1,1,102084,1059749,1059749,30720,256,512,0,64,0,48,64,0x0,0x708daf3e35c0,30.3126171533,83.4086833444,480,0.0000000000,2.1255708055,872,23712,1256456,10593,37424213060476,37424213083036,37424213252797,37424235791193
101781,"void miso::kernels::moe_down_kernel<(miso::kernels::QType)1, 256>(miso::kernels::MoeDownParams) [clone .kd]",1,1,102085,1059749,1059749,30720,256,18944,0,108,0,32,64,0x0,0x708daf3e3640,27.6208779296,98.5095318421,480,6.8121341139,1.0326138376,302812,33456,1113176,21840,37424213195899,37424213252797,37424213393437,37424235680440
101782,"void miso::kernels::add_rmsnorm_kernel<2048u, 512>(miso::kernels::AddRmsNormParams, unsigned int) [clone .kd]",1,1,102086,1059749,1059749,512,512,512,0,28,0,32,64,0x0,0x708db8461680,0.0458564407,98.7695312500,8,0.0000000000,0.4303651449,17,96,616,24,37424213339470,37424213393437,37424213560798,37424235567907
101783,"void miso::kernels::q4k_gemv_kernel<(miso::kernels::ActFormat)1, 2048u, 256, 4>(miso::kernels::Q4kGemvParams) [clone .kd]",1,1,102087,1059749,1059749,61440,256,0,0,72,0,48,64,0x0,0x708db844af40,24.5770593446,96.1723834535,960,0.0000000000,7.8363345338,0,25088,888000,0,37424213535674,37424213560798,37424213719358,37424235456537
101784,"void miso::kernels::q6k_gemv_kernel<2048u, 256, 1>(miso::kernels::Q6kGemvParams) [clone .kd]",1,1,102088,1059749,1059749,61440,256,0,0,60,0,32,64,0x0,0x708db844b040,9.4952251023,97.9885057471,960,0.0000000000,0.3301410348,0,6144,149312,0,37424213675276,37424213719358,37424213824638,37424235349420
101785,"void miso::kernels::attn_prep_kernel<256>(miso::kernels::AttnPrepParams) [clone .kd]",1,1,102089,1059749,1059749,4608,256,1536,0,28,0,64,64,0x0,0x708daf3b2400,0.3812110239,97.9857708255,72,0.0000000000,0.7573513857,95,170,4946,288,37424213800179,37424213824638,37424213952639,37424235238689
101786,"void miso::kernels::attn_split_kernel<256>(miso::kernels::AttnSplitParams) [clone .kd]",1,1,102090,1059749,1059749,4608,256,42496,0,96,0,32,64,0x0,0x708daf3b2440,3.2076073455,96.5660814276,72,0.5549400745,0.2258655167,4865,1136,74926,22784,37424213930279,37424213952639,37424214091199,37424235129571
101787,"void miso::kernels::attn_combine_kernel<256>(miso::kernels::AttnCombineParams) [clone .kd]",1,1,102091,1059749,1059749,4096,256,0,0,16,0,32,64,0x0,0x708daf3b2480,0.4826063409,99.4561464088,64,0.0000000000,0.1841588930,0,2368,9152,0,37424214060721,37424214091199,37424214214560,37424235020707
101788,"void miso::kernels::q4k_gemv_kernel<(miso::kernels::ActFormat)1, 4096u, 256, 4>(miso::kernels::Q4kGemvParams) [clone .kd]",1,1,102092,1059749,1059749,61440,256,0,0,112,0,48,64,0x0,0x708db844afc0,14.0559260842,97.3210883065,960,0.0000000000,0.8316582460,0,16384,451392,0,37424214187916,37424214214560,37424214354720,37424234907857
101789,"void miso::kernels::add_rmsnorm_kernel<2048u, 512>(miso::kernels::AddRmsNormParams, unsigned int) [clone .kd]",1,1,102093,1059749,1059749,512,512,512,0,28,0,32,64,0x0,0x708db8461680,0.0425917053,98.7695312500,8,0.0000000000,0.7532146544,22,96,616,24,37424214314534,37424214354720,37424214459840,37424234795929
101790,"void miso::kernels::moe_router_kernel<256>(miso::kernels::MoeRouterParams) [clone .kd]",1,1,102094,1059749,1059749,16640,256,0,0,36,0,32,64,0x0,0x708daf3e3580,1.7213469870,94.2115461618,260,0.0000000000,4.7674272818,0,3084,25709,0,37424214436389,37424214459840,37424214588961,37424234685748
101791,"void miso::kernels::moe_gate_up_kernel<256>(miso::kernels::MoeGateUpParams) [clone .kd]",1,1,102095,1059749,1059749,30720,256,512,0,64,0,48,64,0x0,0x708daf3e35c0,29.9841143401,83.4058821823,480,0.0000000000,1.5751930078,758,23712,1256456,10593,37424214563698,37424214588961,37424214754081,37424234578855
101792,"void miso::kernels::moe_down_kernel<(miso::kernels::QType)1, 256>(miso::kernels::MoeDownParams) [clone .kd]",1,1,102096,1059749,1059749,30720,256,18944,0,108,0,32,64,0x0,0x708daf3e3640,28.3700779431,98.5060170087,480,6.9966595809,0.9056364356,303098,33456,1113176,21840,37424214690326,37424214754081,37424214873761,37424234467674
101793,"void miso::kernels::add_rmsnorm_kernel<2048u, 512>(miso::kernels::AddRmsNormParams, unsigned int) [clone .kd]",1,1,102097,1059749,1059749,512,512,512,0,28,0,32,64,0x0,0x708db8461680,0.0444074382,98.7695312500,8,0.0000000000,0.9740005482,16,96,616,24,37424214821834,37424214873761,37424214967362,37424234355447
101794,"void miso::kernels::q6k_gemv_kernel<2048u, 256, 2>(miso::kernels::Q6kGemvParams) [clone .kd]",1,1,102098,1059749,1059749,122880,256,0,0,60,0,32,64,0x0,0x708db844b000,40.8831693376,97.7416719955,1920,0.0000000000,11.5174908630,0,48128,1430784,0,37424214944043,37424214967362,37424215144002,37424234246705
101795,"void miso::kernels::q4k_gemv_kernel<(miso::kernels::ActFormat)1, 2048u, 256, 4>(miso::kernels::Q4kGemvParams) [clone .kd]",1,1,102099,1059749,1059749,61440,256,0,0,72,0,48,64,0x0,0x708db844af40,16.5241739841,96.7252257554,960,0.0000000000,4.5574100219,0,16000,496080,0,37424215096512,37424215144002,37424215257122,37424234131021
101796,"void miso::kernels::deltanet_step_kernel<256>(miso::kernels::DeltaNetStepParams) [clone .kd]",1,1,102100,1059749,1059749,8192,256,3072,0,184,0,64,64,0x0,0x708db8121400,3.3760654568,99.7167266187,128,0.0000000000,2.3619987085,1349,9536,84096,7616,37424215221602,37424215257122,37424215383843,37424233758887
101797,"void miso::kernels::q4k_gemv_kernel<(miso::kernels::ActFormat)1, 4096u, 256, 4>(miso::kernels::Q4kGemvParams) [clone .kd]",1,1,102101,1059749,1059749,61440,256,0,0,112,0,48,64,0x0,0x708db844afc0,13.7271693640,97.3213026928,960,0.0000000000,1.5444836637,0,16384,451392,0,37424215351068,37424215383843,37424215518243,37424233650535
101798,"void miso::kernels::add_rmsnorm_kernel<2048u, 512>(miso::kernels::AddRmsNormParams, unsigned int) [clone .kd]",1,1,102102,1059749,1059749,512,512,512,0,28,0,32,64,0x0,0x708db8461680,0.0427555983,98.7695312500,8,0.0000000000,0.4184854007,16,96,616,24,37424215477919,37424215518243,37424215628003,37424233538641
101799,"void miso::kernels::moe_router_kernel<256>(miso::kernels::MoeRouterParams) [clone .kd]",1,1,102103,1059749,1059749,16640,256,0,0,36,0,32,64,0x0,0x708daf3e3580,1.6527378611,94.2115461618,260,0.0000000000,0.4239084358,0,3084,25709,0,37424215603490,37424215628003,37424215758564,37424233427771
101800,"void miso::kernels::moe_gate_up_kernel<256>(miso::kernels::MoeGateUpParams) [clone .kd]",1,1,102104,1059749,1059749,30720,256,512,0,64,0,48,64,0x0,0x708daf3e35c0,30.3817376380,83.4082350400,480,0.0000000000,1.9782289472,993,23712,1256456,10593,37424215733604,37424215758564,37424215915524,37424233320584
101801,"void miso::kernels::moe_down_kernel<(miso::kernels::QType)1, 256>(miso::kernels::MoeDownParams) [clone .kd]",1,1,102105,1059749,1059749,30720,256,18944,0,108,0,32,64,0x0,0x708daf3e3640,27.8356548727,98.5052262058,480,6.8648044693,0.6203380552,303486,33456,1113176,21840,37424215858173,37424215915524,37424216050405,37424233183829
101802,"void miso::kernels::add_rmsnorm_kernel<2048u, 512>(miso::kernels::AddRmsNormParams, unsigned int) [clone .kd]",1,1,102106,1059749,1059749,512,512,512,0,28,0,32,64,0x0,0x708db8461680,0.0430715391,98.7695312500,8,0.0000000000,0.4555588904,16,96,616,24,37424215992065,37424216050405,37424216147365,37424233013756
101803,"void miso::kernels::q6k_gemv_kernel<2048u, 256, 2>(miso::kernels::Q6kGemvParams) [clone .kd]",1,1,102107,1059749,1059749,122880,256,0,0,60,0,32,64,0x0,0x708db844b000,39.8184165660,97.7472927189,1920,0.0000000000,13.1205142420,0,48128,1430784,0,37424216123230,37424216147365,37424216297125,37424232895362
101804,"void miso::kernels::q4k_gemv_kernel<(miso::kernels::ActFormat)1, 2048u, 256, 4>(miso::kernels::Q4kGemvParams) [clone .kd]",1,1,102108,1059749,1059749,61440,256,0,0,72,0,48,64,0x0,0x708db844af40,16.6877708762,96.7238751785,960,0.0000000000,6.3658483833,0,16000,496080,0,37424216249214,37424216297125,37424216410246,37424232739875
101805,"void miso::kernels::deltanet_step_kernel<256>(miso::kernels::DeltaNetStepParams) [clone .kd]",1,1,102109,1059749,1059749,8192,256,3072,0,184,0,64,64,0x0,0x708db8121400,3.3067927530,99.7167266187,128,0.0000000000,2.7961297235,1716,9536,84096,7616,37424216372391,37424216410246,37424216536326,37424232528254
101806,"void miso::kernels::q4k_gemv_kernel<(miso::kernels::ActFormat)1, 4096u, 256, 4>(miso::kernels::Q4kGemvParams) [clone .kd]",1,1,102110,1059749,1059749,61440,256,0,0,112,0,48,64,0x0,0x708db844afc0,13.5927908829,97.3210883065,960,0.0000000000,1.2622484171,0,16384,451392,0,37424216503678,37424216536326,37424216674886,37424232317901
101807,"void miso::kernels::add_rmsnorm_kernel<2048u, 512>(miso::kernels::AddRmsNormParams, unsigned int) [clone .kd]",1,1,102111,1059749,1059749,512,512,512,0,28,0,32,64,0x0,0x708db8461680,0.0436193125,98.7695312500,8,0.0000000000,0.4079493608,16,96,616,24,37424216633696,37424216674886,37424216798727,37424232150078
101808,"void miso::kernels::moe_router_kernel<256>(miso::kernels::MoeRouterParams) [clone .kd]",1,1,102112,1059749,1059749,16640,256,0,0,36,0,32,64,0x0,0x708daf3e3580,1.3032263836,94.2115461618,260,0.0000000000,0.4428833232,0,3084,25709,0,37424216769727,37424216798727,37424217018407,37424232029688
101809,"void miso::kernels::moe_gate_up_kernel<256>(miso::kernels::MoeGateUpParams) [clone .kd]",1,1,102113,1059749,1059749,30720,256,512,0,64,0,48,64,0x0,0x708daf3e35c0,25.8041514503,83.3999290087,480,0.0000000000,1.5950416405,810,23712,1256456,10593,37424216985375,37424217018407,37424217370088,37424231907719
101810,"void miso::kernels::moe_down_kernel<(miso::kernels::QType)1, 256>(miso::kernels::MoeDownParams) [clone .kd]",1,1,102114,1059749,1059749,30720,256,18944,0,108,0,32,64,0x0,0x708daf3e3640,24.8724297365,98.5053140721,480,6.1340219909,0.8705679259,304116,33456,1113176,21840,37424217302007,37424217370088,37424219833455,37424231792753
101811,"void miso::kernels::add_rmsnorm_kernel<2048u, 512>(miso::kernels::AddRmsNormParams, unsigned int) [clone .kd]",1,1,102115,1059749,1059749,512,512,512,0,28,0,32,64,0x0,0x708db8461680,0.0349887380,98.7695312500,8,0.0000000000,0.4567164179,16,96,616,24,37424219776323,37424219833455,37424219949296,37424231675847
101812,"void miso::kernels::q6k_gemv_kernel<2048u, 256, 2>(miso::kernels::Q6kGemvParams) [clone .kd]",1,1,102116,1059749,1059749,122880,256,0,0,60,0,32,64,0x0,0x708db844b000,38.9502444869,97.7434326345,1920,0.0000000000,10.9781635533,0,48128,1430784,0,37424219926810,37424219949296,37424223183705,37424231556341
101813,"void miso::kernels::q4k_gemv_kernel<(miso::kernels::ActFormat)1, 2048u, 256, 4>(miso::kernels::Q4kGemvParams) [clone .kd]",1,1,102117,1059749,1059749,61440,256,0,0,72,0,48,64,0x0,0x708db844af40,17.6082497401,96.7231034373,960,0.0000000000,5.8386714869,0,16000,496080,0,37424223131060,37424223183705,37424223293625,37424231439726
101814,"void miso::kernels::deltanet_step_kernel<256>(miso::kernels::DeltaNetStepParams) [clone .kd]",1,1,102118,1059749,1059749,8192,256,3072,0,184,0,64,64,0x0,0x708db8121400,3.3233215284,99.7167266187,128,0.0000000000,1.9822539969,1421,9536,84096,7616,37424223259341,37424223293625,37424223418105,37424231321428
101815,"void miso::kernels::q4k_gemv_kernel<(miso::kernels::ActFormat)1, 4096u, 256, 4>(miso::kernels::Q4kGemvParams) [clone .kd]",1,1,102119,1059749,1059749,61440,256,0,0,112,0,48,64,0x0,0x708db844afc0,13.4597617311,97.3213026928,960,0.0000000000,1.2889494923,0,16384,451392,0,37424223384405,37424223418105,37424223552826,37424231203011
101816,"void miso::kernels::add_rmsnorm_kernel<2048u, 512>(miso::kernels::AddRmsNormParams, unsigned int) [clone .kd]",1,1,102120,1059749,1059749,512,512,512,0,28,0,32,64,0x0,0x708db8461680,0.0415838239,98.7695312500,8,0.0000000000,0.4398318672,20,96,616,24,37424223512162,37424223552826,37424223654586,37424231083797
101817,"void miso::kernels::moe_router_kernel<256>(miso::kernels::MoeRouterParams) [clone .kd]",1,1,102121,1059749,1059749,16640,256,0,0,36,0,32,64,0x0,0x708daf3e3580,1.7280167642,94.2115461618,260,0.0000000000,0.4512842041,0,3084,25709,0,37424223630294,37424223654586,37424223779547,37424230897738
101818,"void miso::kernels::moe_gate_up_kernel<256>(miso::kernels::MoeGateUpParams) [clone .kd]",1,1,102122,1059749,1059749,30720,256,512,0,64,0,48,64,0x0,0x708daf3e35c0,30.7753374965,83.4099547829,480,0.0000000000,1.4565076788,750,23712,1256456,10593,37424223755095,37424223779547,37424223958427,37424230783389
101819,"void miso::kernels::moe_down_kernel<(miso::kernels::QType)1, 256>(miso::kernels::MoeDownParams) [clone .kd]",1,1,102123,1059749,1059749,30720,256,18944,0,108,0,32,64,0x0,0x708daf3e3640,25.9863141351,98.5093560945,480,6.4089903893,0.8727974699,303436,33456,1113176,21840,37424223902634,37424223958427,37424224078747,37424230665109
101820,"void miso::kernels::add_rmsnorm_kernel<2048u, 512>(miso::kernels::AddRmsNormParams, unsigned int) [clone .kd]",1,1,102124,1059749,1059749,512,512,512,0,28,0,32,64,0x0,0x708db8461680,0.0453148675,98.7695312500,8,0.0000000000,0.4561469737,22,96,616,24,37424224025985,37424224078747,37424224175388,37424230543476
101821,"void miso::kernels::q4k_gemv_kernel<(miso::kernels::ActFormat)1, 2048u, 256, 4>(miso::kernels::Q4kGemvParams) [clone .kd]",1,1,102125,1059749,1059749,61440,256,0,0,72,0,48,64,0x0,0x708db844af40,24.8775803863,96.1716346357,960,0.0000000000,8.1747288417,0,25088,888000,0,37424224152422,37424224175388,37424224336828,37424230428526
101822,"void miso::kernels::q6k_gemv_kernel<2048u, 256, 1>(miso::kernels::Q6kGemvParams) [clone .kd]",1,1,102126,1059749,1059749,61440,256,0,0,60,0,32,64,0x0,0x708db844b040,9.1968873880,97.9885057471,960,0.0000000000,0.3619551369,0,6144,149312,0,37424224291300,37424224336828,37424224441308,37424230307766
101823,"void miso::kernels::attn_prep_kernel<256>(miso::kernels::AttnPrepParams) [clone .kd]",1,1,102127,1059749,1059749,4608,256,1536,0,28,0,64,64,0x0,0x708daf3b2400,0.3909519599,97.9857708255,72,0.0000000000,0.7578823815,85,170,4946,288,37424224416095,37424224441308,37424224566269,37424230188651
101824,"void miso::kernels::attn_split_kernel<256>(miso::kernels::AttnSplitParams) [clone .kd]",1,1,102128,1059749,1059749,4608,256,42496,0,96,0,32,64,0x0,0x708daf3b2440,3.0602064266,96.5660814276,72,0.5294386125,0.2395136778,4697,1136,74926,22784,37424224544664,37424224566269,37424224705149,37424230074304
101825,"void miso::kernels::attn_combine_kernel<256>(miso::kernels::AttnCombineParams) [clone .kd]",1,1,102129,1059749,1059749,4096,256,0,0,16,0,32,64,0x0,0x708daf3b2480,0.6698354324,99.4561464088,64,0.0000000000,0.2279582568,0,2368,9152,0,37424224673840,37424224705149,37424224820669,37424229954809
101826,"void miso::kernels::q4k_gemv_kernel<(miso::kernels::ActFormat)1, 4096u, 256, 4>(miso::kernels::Q4kGemvParams) [clone .kd]",1,1,102130,1059749,1059749,61440,256,0,0,112,0,48,64,0x0,0x708db844afc0,14.4113333333,97.3202307708,960,0.0000000000,3.2419905443,0,16384,451392,0,37424224794687,37424224820669,37424224963230,37424229835621
101827,"void miso::kernels::add_rmsnorm_kernel<2048u, 512>(miso::kernels::AddRmsNormParams, unsigned int) [clone .kd]",1,1,102131,1059749,1059749,512,512,512,0,28,0,32,64,0x0,0x708db8461680,0.0450526553,98.7695312500,8,0.0000000000,0.9155448656,17,96,616,24,37424224923931,37424224963230,37424225069470,37424229719432
101828,"void miso::kernels::moe_router_kernel<256>(miso::kernels::MoeRouterParams) [clone .kd]",1,1,102132,1059749,1059749,16640,256,0,0,36,0,32,64,0x0,0x708daf3e3580,1.7074933583,94.2115461618,260,0.0000000000,6.2991371045,0,3084,25709,0,37424225046985,37424225069470,37424225197471,37424229600027
101829,"void miso::kernels::moe_gate_up_kernel<256>(miso::kernels::MoeGateUpParams) [clone .kd]",1,1,102133,1059749,1059749,30720,256,512,0,64,0,48,64,0x0,0x708daf3e35c0,30.2930837508,83.4077613276,480,0.0000000000,1.4192057707,765,23712,1256456,10593,37424225172938,37424225197471,37424225354271,37424229469627
101830,"void miso::kernels::moe_down_kernel<(miso::kernels::QType)1, 256>(miso::kernels::MoeDownParams) [clone .kd]",1,1,102134,1059749,1059749,30720,256,18944,0,108,0,32,64,0x0,0x708daf3e3640,28.7771462896,98.5096197161,480,7.0973107846,1.6279325463,304222,33456,1113176,21840,37424225297056,37424225354271,37424225476671,37424229469169
101831,"void miso::kernels::add_rmsnorm_kernel<2048u, 512>(miso::kernels::AddRmsNormParams, unsigned int) [clone .kd]",1,1,102135,1059749,1059749,512,512,512,0,28,0,32,64,0x0,0x708db8461680,0.0432970720,98.7695312500,8,0.0000000000,0.9397894231,16,96,616,24,37424225424802,37424225476702,37424225572062,37424247667054
101832,"void miso::kernels::q6k_gemv_kernel<2048u, 256, 1>(miso::kernels::Q6kGemvParams) [clone .kd]",1,1,102136,1059749,1059749,491520,256,0,0,60,0,32,64,0x0,0x708db844b040,58.4647797173,95.9644688510,7680,0.0000000000,44.2052101227,0,1054720,35909120,0,37424225548774,37424225572062,37424226391425,37424247547666
101833,"void miso::kernels::argmax_partial_kernel<256>(miso::kernels::ArgmaxParams) [clone .kd]",1,1,102137,1059749,1059749,61440,256,2048,0,12,0,32,64,0x0,0x708db84616c0,5.0935095974,90.2863670689,960,0.0000000000,0.4559755597,2744,4078,61239,10154,37424225678100,37424226391425,37424226422145,37424247427531
101834,"void miso::kernels::argmax_final_kernel<256>(miso::kernels::ArgmaxParams) [clone .kd]",1,1,102138,1059749,1059749,256,256,2048,0,12,0,32,64,0x0,0x708db8461700,0.0114815172,86.9427447552,4,0.0000000000,0.0143986596,4,8,139,42,37424225817795,37424226422145,37424226450785,37424247300186
101835,"void miso::kernels::embed_q4k_kernel<2048u, 256>(miso::kernels::EmbedParams, unsigned int) [clone .kd]",1,1,102139,1059749,1059749,256,256,0,0,24,0,32,64,0x0,0x708db8461740,0.0772753291,100.0000000000,4,0.0000000000,0.4324920363,0,128,972,0,37424225949884,37424226450785,37424226479265,37424247176473
101836,"void miso::kernels::add_rmsnorm_kernel<2048u, 512>(miso::kernels::AddRmsNormParams, unsigned int) [clone .kd]",1,1,102140,1059749,1059749,512,512,512,0,28,0,32,64,0x0,0x708db8461680,0.0443652951,98.6135563380,8,0.0000000000,1.0471204188,30,64,544,24,37424226138510,37424226479265,37424226507585,37424247063481
101837,"void miso::kernels::q6k_gemv_kernel<2048u, 256, 2>(miso::kernels::Q6kGemvParams) [clone .kd]",1,1,102141,1059749,1059749,122880,256,0,0,60,0,32,64,0x0,0x708db844b000,36.7011197901,97.7418074270,1920,0.0000000000,12.9502786388,0,48128,1430784,0,37424226385047,37424226507585,37424226692865,37424246952297
101838,"void miso::kernels::q4k_gemv_kernel<(miso::kernels::ActFormat)1, 2048u, 256, 4>(miso::kernels::Q4kGemvParams) [clone .kd]",1,1,102142,1059749,1059749,61440,256,0,0,72,0,48,64,0x0,0x708db844af40,16.6690274314,96.7244539926,960,0.0000000000,4.6150599160,0,16000,496080,0,37424226642989,37424226692865,37424226862466,37424246845629
101839,"void miso::kernels::deltanet_step_kernel<256>(miso::kernels::DeltaNetStepParams) [clone .kd]",1,1,102143,1059749,1059749,8192,256,3072,0,184,0,64,64,0x0,0x708db8121400,3.4077240724,99.7167266187,128,0.0000000000,3.3606933762,1503,9536,84096,7616,37424226820065,37424226862466,37424227004706,37424246735124
101840,"void miso::kernels::q4k_gemv_kernel<(miso::kernels::ActFormat)1, 4096u, 256, 4>(miso::kernels::Q4kGemvParams) [clone .kd]",1,1,102144,1059749,1059749,61440,256,0,0,112,0,48,64,0x0,0x708db844afc0,13.8638154399,97.3208739211,960,0.0000000000,1.6188668382,0,16384,451392,0,37424226964721,37424227004706,37424227148867,37424246625588
101841,"void miso::kernels::add_rmsnorm_kernel<2048u, 512>(miso::kernels::AddRmsNormParams, unsigned int) [clone .kd]",1,1,102145,1059749,1059749,512,512,512,0,28,0,32,64,0x0,0x708db8461680,0.0432970720,98.7695312500,8,0.0000000000,0.4113559828,14,96,616,24,37424227108789,37424227148867,37424227259587,37424246517249
101842,"void miso::kernels::moe_router_kernel<256>(miso::kernels::MoeRouterParams) [clone .kd]",1,1,102146,1059749,1059749,16640,256,0,0,36,0,32,64,0x0,0x708daf3e3580,1.6585708322,94.2115461618,260,0.0000000000,0.4551942291,0,3084,25709,0,37424227236303,37424227259587,37424227397987,37424246405091
101843,"void miso::kernels::moe_gate_up_kernel<256>(miso::kernels::MoeGateUpParams) [clone .kd]",1,1,102147,1059749,1059749,30720,256,512,0,64,0,48,64,0x0,0x708daf3e35c0,29.5472897382,83.4033023279,480,0.0000000000,1.6317698721,920,23712,1256456,10593,37424227374313,37424227397987,37424227569028,37424246294209
101844,"void miso::kernels::moe_down_kernel<(miso::kernels::QType)1, 256>(miso::kernels::MoeDownParams) [clone .kd]",1,1,102148,1059749,1059749,30720,256,18944,0,108,0,32,64,0x0,0x708daf3e3640,27.7662525511,98.5063684808,480,6.8477679368,0.9608075851,302761,33456,1113176,21840,37424227512966,37424227569028,37424227693188,37424246186241
101845,"void miso::kernels::add_rmsnorm_kernel<2048u, 512>(miso::kernels::AddRmsNormParams, unsigned int) [clone .kd]",1,1,102149,1059749,1059749,512,512,512,0,28,0,32,64,0x0,0x708db8461680,0.0423566162,98.7695312500,8,0.0000000000,0.3962857920,28,96,616,24,37424227639374,37424227693188,37424227788709,37424246077328
101846,"void miso::kernels::q6k_gemv_kernel<2048u, 256, 2>(miso::kernels::Q6kGemvParams) [clone .kd]",1,1,102150,1059749,1059749,122880,256,0,0,60,0,32,64,0x0,0x708db844b000,36.8767053990,97.7446515756,1920,0.0000000000,11.9918549232,0,48128,1430784,0,37424227764609,37424227788709,37424227956069,37424245960702
101847,"void miso::kernels::q4k_gemv_kernel<(miso::kernels::ActFormat)1, 2048u, 256, 4>(miso::kernels::Q4kGemvParams) [clone .kd]",1,1,102151,1059749,1059749,61440,256,0,0,72,0,48,64,0x0,0x708db844af40,18.2799533290,96.7196307540,960,0.0000000000,3.8384996961,0,16000,496080,0,37424227899838,37424227956069,37424228084869,37424245849901
101848,"void miso::kernels::deltanet_step_kernel<256>(miso::kernels::DeltaNetStepParams) [clone .kd]",1,1,102152,1059749,1059749,8192,256,3072,0,184,0,64,64,0x0,0x708db8121400,3.4165975359,99.7167266187,128,0.0000000000,1.7971955849,1514,9536,84096,7616,37424228050428,37424228084869,37424228210150,37424245741399
101849,"void miso::kernels::q4k_gemv_kernel<(miso::kernels::ActFormat)1, 4096u, 256, 4>(miso::kernels::Q4kGemvParams) [clone .kd]",1,1,102153,1059749,1059749,61440,256,0,0,112,0,48,64,0x0,0x708db844afc0,13.6358775645,97.3213026928,960,0.0000000000,1.4749959129,0,16384,451392,0,37424228177845,37424228210150,37424228346630,37424245628070
101850,"void miso::kernels::add_rmsnorm_kernel<2048u, 512>(miso::kernels::AddRmsNormParams, unsigned int) [clone .kd]",1,1,102154,1059749,1059749,512,512,512,0,28,0,32,64,0x0,0x708db8461680,0.0471059295,98.7695312500,8,0.0000000000,0.4294654178,14,96,616,24,37424228305774,37424228346630,37424228449830,37424245511887
101851,"void miso::kernels::moe_router_kernel<256>(miso::kernels::MoeRouterParams) [clone .kd]",1,1,102155,1059749,1059749,16640,256,0,0,36,0,32,64,0x0,0x708daf3e3580,1.6113630498,94.2115461618,260,0.0000000000,0.5040054672,0,3084,25709,0,37424228426685,37424228449830,37424228584071,37424245405630
101852,"void miso::kernels::moe_gate_up_kernel<256>(miso::kernels::MoeGateUpParams) [clone .kd]",1,1,102156,1059749,1059749,30720,256,512,0,64,0,48,64,0x0,0x708daf3e35c0,30.9224660160,83.4120909743,480,0.0000000000,2.2792100933,907,23712,1256456,10593,37424228559261,37424228584071,37424228752871,37424245293622
101853,"void miso::kernels::moe_down_kernel<(miso::kernels::QType)1, 256>(miso::kernels::MoeDownParams) [clone .kd]",1,1,102157,1059749,1059749,30720,256,18944,0,108,0,32,64,0x0,0x708daf3e3640,27.7967290994,98.5052262058,480,6.8552046296,1.1500174034,302884,33456,1113176,21840,37424228697751,37424228752871,37424228874792,37424245179180
101854,"void miso::kernels::add_rmsnorm_kernel<2048u, 512>(miso::kernels::AddRmsNormParams, unsigned int) [clone .kd]",1,1,102158,1059749,1059749,512,512,512,0,28,0,32,64,0x0,0x708db8461680,0.0435925729,98.7695312500,8,0.0000000000,0.9647895535,16,96,616,24,37424228823289,37424228874792,37424228970952,37424245063784
101855,"void miso::kernels::q6k_gemv_kernel<2048u, 256, 2>(miso::kernels::Q6kGemvParams) [clone .kd]",1,1,102159,1059749,1059749,122880,256,0,0,60,0,32,64,0x0,0x708db844b000,39.1622576391,97.7444484166,1920,0.0000000000,11.5836331907,0,48128,1430784,0,37424228948274,37424228970952,37424229139592,37424244948577
101856,"void miso::kernels::q4k_gemv_kernel<(miso::kernels::ActFormat)1, 2048u, 256, 4>(miso::kernels::Q4kGemvParams) [clone .kd]",1,1,102160,1059749,1059749,61440,256,0,0,72,0,48,64,0x0,0x708db844af40,18.4702787541,96.7238751785,960,0.0000000000,4.1464196357,0,16000,496080,0,37424229094747,37424229139592,37424229249513,37424244832153
101857,"void miso::kernels::deltanet_step_kernel<256>(miso::kernels::DeltaNetStepParams) [clone .kd]",1,1,102161,1059749,1059749,8192,256,3072,0,184,0,64,64,0x0,0x708db8121400,3.2245202729,99.7167266187,128,0.0000000000,1.4146642973,1886,9536,84096,7616,37424229215769,37424229249513,37424229391753,37424244719913
101858,"void miso::kernels::q4k_gemv_kernel<(miso::kernels::ActFormat)1, 4096u, 256, 4>(miso::kernels::Q4kGemvParams) [clone .kd]",1,1,102162,1059749,1059749,61440,256,0,0,112,0,48,64,0x0,0x708db844afc0,13.5888547635,97.3213026928,960,0.0000000000,0.9179162777,0,16384,451392,0,37424229353376,37424229391753,37424236571453,37424244605107
101859,"void miso::kernels::add_rmsnorm_kernel<2048u, 512>(miso::kernels::AddRmsNormParams, unsigned int) [clone .kd]",1,1,102163,1059749,1059749,512,512,512,0,28,0,32,64,0x0,0x708db8461680,0.0424510155,98.7695312500,8,0.0000000000,0.4508490288,27,96,616,24,37424236526050,37424236571453,37424236673054,37424244492464
101860,"void miso::kernels::moe_router_kernel<256>(miso::kernels::MoeRouterParams) [clone .kd]",1,1,102164,1059749,1059749,16640,256,0,0,36,0,32,64,0x0,0x708daf3e3580,1.6911081876,94.2115461618,260,0.0000000000,4.0880448101,0,3084,25709,0,37424236650033,37424236673054,37424236803454,37424244378254
101861,"void miso::kernels::moe_gate_up_kernel<256>(miso::kernels::MoeGateUpParams) [clone .kd]",1,1,102165,1059749,1059749,30720,256,512,0,64,0,48,64,0x0,0x708daf3e35c0,29.4487985395,83.4101800270,480,0.0000000000,2.2573863708,889,23712,1256456,10593,37424236778905,37424236803454,37424236963294,37424244253732
101862,"void miso::kernels::moe_down_kernel<(miso::kernels::QType)1, 256>(miso::kernels::MoeDownParams) [clone .kd]",1,1,102166,1059749,1059749,30720,256,18944,0,108,0,32,64,0x0,0x708daf3e3640,27.3593539507,98.5075107823,480,6.7474960464,0.6251073216,303911,33456,1113176,21840,37424236904578,37424236963294,37424237133855,37424244087497
101863,"void miso::kernels::add_rmsnorm_kernel<2048u, 512>(miso::kernels::AddRmsNormParams, unsigned int) [clone .kd]",1,1,102167,1059749,1059749,512,512,512,0,28,0,32,64,0x0,0x708db8461680,0.0372218539,98.7695312500,8,0.0000000000,0.9464412144,13,96,616,24,37424237079472,37424237133855,37424237330015,37424243969907
101864,"void miso::kernels::q4k_gemv_kernel<(miso::kernels::ActFormat)1, 2048u, 256, 4>(miso::kernels::Q4kGemvParams) [clone .kd]",1,1,102168,1059749,1059749,61440,256,0,0,72,0,48,64,0x0,0x708db844af40,24.6816232629,96.1703509752,960,0.0000000000,10.4564591901,0,25088,888000,0,37424237308022,37424237330015,37424237569056,37424243851274
101865,"void miso::kernels::q6k_gemv_kernel<2048u, 256, 1>(miso::kernels::Q6kGemvParams) [clone .kd]",1,1,102169,1059749,1059749,61440,256,0,0,60,0,32,64,0x0,0x708db844b040,9.1673374311,97.9878539548,960,0.0000000000,0.4061072279,0,6144,149312,0,37424237526141,37424237569056,37424237756897,37424243732873
101866,"void miso::kernels::attn_prep_kernel<256>(miso::kernels::AttnPrepParams) [clone .kd]",1,1,102170,1059749,1059749,4608,256,1536,0,28,0,64,64,0x0,0x708daf3b2400,0.3707585667,97.9857708255,72,0.0000000000,0.7759018941,93,170,4946,288,37424237729872,37424237756897,37424237889217,37424243603976
101867,"void miso::kernels::attn_split_kernel<256>(miso::kernels::AttnSplitParams) [clone .kd]",1,1,102171,1059749,1059749,4608,256,42496,0,96,0,32,64,0x0,0x708daf3b2440,3.0146010133,96.7503528674,72,0.5219487980,0.2479683779,5622,1136,75006,22824,37424237867753,37424237889217,37424238030177,37424243434326
101868,"void miso::kernels::attn_combine_kernel<256>(miso::kernels::AttnCombineParams) [clone .kd]",1,1,102172,1059749,1059749,4096,256,0,0,16,0,32,64,0x0,0x708daf3b2480,0.7086835762,99.4561464088,64,0.0000000000,0.1508683163,0,2368,9152,0,37424237999722,37424238030177,37424238162658,37424243193372
101869,"void miso::kernels::q4k_gemv_kernel<(miso::kernels::ActFormat)1, 4096u, 256, 4>(miso::kernels::Q4kGemvParams) [clone .kd]",1,1,102173,1059749,1059749,61440,256,0,0,112,0,48,64,0x0,0x708db844afc0,14.2830982991,97.3208739211,960,0.0000000000,1.1474697064,0,16384,451392,0,37424238136878,37424238162658,37424238303938,37424243005019
101870,"void miso::kernels::add_rmsnorm_kernel<2048u, 512>(miso::kernels::AddRmsNormParams, unsigned int) [clone .kd]",1,1,102174,1059749,1059749,512,512,512,0,28,0,32,64,0x0,0x708db8461680,0.0446902408,98.7695312500,8,0.0000000000,0.3939612655,18,96,616,24,37424238264503,37424238303938,37424238419459,37424243003907
101871,"void miso::kernels::moe_router_kernel<256>(miso::kernels::MoeRouterParams) [clone .kd]",1,1,102175,1059749,1059749,16640,256,0,0,36,0,32,64,0x0,0x708daf3e3580,1.6023243877,94.2115461618,260,0.0000000000,0.3269146434,0,3084,25709,0,37424238388675,37424238419459,37424238540579,37424260633737
101872,"void miso::kernels::moe_gate_up_kernel<256>(miso::kernels::MoeGateUpParams) [clone .kd]",1,1,102176,1059749,1059749,30720,256,512,0,64,0,48,64,0x0,0x708daf3e35c0,30.1531913522,83.4152971883,480,0.0000000000,2.6798544852,1196,23712,1256456,10593,37424238514804,37424238540579,37424238707779,37424260473558
101873,"void miso::kernels::moe_down_kernel<(miso::kernels::QType)1, 256>(miso::kernels::MoeDownParams) [clone .kd]",1,1,102177,1059749,1059749,30720,256,18944,0,108,0,32,64,0x0,0x708daf3e3640,27.1873484275,98.5075986527,480,6.7050811943,0.4818355904,303680,33456,1113176,21840,37424238645664,37424238707779,37424238827460,37424260356118
101874,"void miso::kernels::add_rmsnorm_kernel<2048u, 512>(miso::kernels::AddRmsNormParams, unsigned int) [clone .kd]",1,1,102178,1059749,1059749,512,512,512,0,28,0,32,64,0x0,0x708db8461680,0.0425900047,98.7695312500,8,0.0000000000,0.4067796610,19,96,616,24,37424238775696,37424238827460,37424238925380,37424260235321
101875,"void miso::kernels::q6k_gemv_kernel<2048u, 256, 2>(miso::kernels::Q6kGemvParams) [clone .kd]",1,1,102179,1059749,1059749,122880,256,0,0,60,0,32,64,0x0,0x708db844b000,37.2144186790,97.7431617628,1920,0.0000000000,12.7809626741,0,48128,1430784,0,37424238902059,37424238925380,37424239076580,37424260110573
101876,"void miso::kernels::q4k_gemv_kernel<(miso::kernels::ActFormat)1, 2048u, 256, 4>(miso::kernels::Q4kGemvParams) [clone .kd]",1,1,102180,1059749,1059749,61440,256,0,0,72,0,48,64,0x0,0x708db844af40,18.2065529238,96.7223317083,960,0.0000000000,4.7384150652,0,16000,496080,0,37424239029048,37424239076580,37424239188741,37424259986744
101877,"void miso::kernels::deltanet_step_kernel<256>(miso::kernels::DeltaNetStepParams) [clone .kd]",1,1,102181,1059749,1059749,8192,256,3072,0,184,0,64,64,0x0,0x708db8121400,3.3336331205,99.7167266187,128,0.0000000000,1.5559420290,1528,9536,84096,7616,37424239154622,37424239188741,37424239318981,37424259865818
101878,"void miso::kernels::q4k_gemv_kernel<(miso::kernels::ActFormat)1, 4096u, 256, 4>(miso::kernels::Q4kGemvParams) [clone .kd]",1,1,102182,1059749,1059749,61440,256,0,0,112,0,48,64,0x0,0x708db844afc0,13.8313132606,97.3213026928,960,0.0000000000,2.2490788913,0,16384,451392,0,37424239285733,37424239318981,37424239453861,37424259746373
101879,"void miso::kernels::add_rmsnorm_kernel<2048u, 512>(miso::kernels::AddRmsNormParams, unsigned int) [clone .kd]",1,1,102183,1059749,1059749,512,512,512,0,28,0,32,64,0x0,0x708db8461680,0.0450070323,98.7695312500,8,0.0000000000,0.4615544905,19,96,616,24,37424239413228,37424239453861,37424239566182,37424259628865
101880,"void miso::kernels::moe_router_kernel<256>(miso::kernels::MoeRouterParams) [clone .kd]",1,1,102184,1059749,1059749,16640,256,0,0,36,0,32,64,0x0,0x708daf3e3580,1.7500200208,94.2115461618,260,0.0000000000,0.4666272888,0,3084,25709,0,37424239536999,37424239566182,37424239689222,37424259504468
101881,"void miso::kernels::moe_gate_up_kernel<256>(miso::kernels::MoeGateUpParams) [clone .kd]",1,1,102185,1059749,1059749,30720,256,512,0,64,0,48,64,0x0,0x708daf3e35c0,30.0632295497,83.4083328689,480,0.0000000000,1.5985088853,1075,23712,1256456,10593,37424239665166,37424239689222,37424239848263,37424259388088
101882,"void miso::kernels::moe_down_kernel<(miso::kernels::QType)1, 256>(miso::kernels::MoeDownParams) [clone .kd]",1,1,102186,1059749,1059749,30720,256,18944,0,108,0,32,64,0x0,0x708daf3e3640,26.6744235848,98.5083016219,480,6.5786280248,0.8608857543,303628,33456,1113176,21840,37424239793223,37424239848263,37424239977063,37424259268447
101883,"void miso::kernels::add_rmsnorm_kernel<2048u, 512>(miso::kernels::AddRmsNormParams, unsigned int) [clone .kd]",1,1,102187,1059749,1059749,512,512,512,0,28,0,32,64,0x0,0x708db8461680,0.0437104728,98.7695312500,8,0.0000000000,0.4166135272,30,96,616,24,37424239924525,37424239977063,37424240083463,37424259148105
101884,"void miso::kernels::q4k_gemv_kernel<(miso::kernels::ActFormat)1, 2048u, 256, 4>(miso::kernels::Q4kGemvParams) [clone .kd]",1,1,102188,1059749,1059749,61440,256,0,0,72,0,48,64,0x0,0x708db844af40,29.9424634775,95.9917916727,960,0.0000000000,10.1948717949,0,32384,1202640,0,37424240060173,37424240083463,37424240238504,37424259031603
101885,"void miso::kernels::deltanet_step_kernel<256>(miso::kernels::DeltaNetStepParams) [clone .kd]",1,1,102189,1059749,1059749,8192,256,3072,0,184,0,64,64,0x0,0x708db8121400,3.3252594121,99.7167266187,128,0.0000000000,2.7031877426,1672,9536,84096,7616,37424240186822,37424240238504,37424240347144,37424258908615
101886,"void miso::kernels::q4k_gemv_kernel<(miso::kernels::ActFormat)1, 4096u, 256, 4>(miso::kernels::Q4kGemvParams) [clone .kd]",1,1,102190,1059749,1059749,61440,256,0,0,112,0,48,64,0x0,0x708db844afc0,13.7594643582,97.3206595367,960,0.0000000000,1.5877540678,0,16384,451392,0,37424240314161,37424240347144,37424240471944,37424258792445
101887,"void miso::kernels::add_rmsnorm_kernel<2048u, 512>(miso::kernels::AddRmsNormParams, unsigned int) [clone .kd]",1,1,102191,1059749,1059749,512,512,512,0,28,0,32,64,0x0,0x708db8461680,0.0453264211,98.7695312500,8,0.0000000000,0.4671159148,24,96,616,24,37424240431049,37424240471944,37424240578025,37424258676088
101888,"void miso::kernels::moe_router_kernel<256>(miso::kernels::MoeRouterParams) [clone .kd]",1,1,102192,1059749,1059749,16640,256,0,0,36,0,32,64,0x0,0x708daf3e3580,1.7237231315,94.2115461618,260,0.0000000000,0.4362525902,0,3084,25709,0,37424240554728,37424240578025,37424240705545,37424258561332
101889,"void miso::kernels::moe_gate_up_kernel<256>(miso::kernels::MoeGateUpParams) [clone .kd]",1,1,102193,1059749,1059749,30720,256,512,0,64,0,48,64,0x0,0x708daf3e35c0,29.6869093431,83.4144068010,480,0.0000000000,1.3953708974,806,23712,1256456,10593,37424240679980,37424240705545,37424240863785,37424258442512
101890,"void miso::kernels::moe_down_kernel<(miso::kernels::QType)0, 256>(miso::kernels::MoeDownParams) [clone .kd]",1,1,102194,1059749,1059749,30720,256,18944,0,84,0,32,64,0x0,0x708daf3e3600,21.1047282369,97.0494673729,480,7.5416114303,0.9583830000,201286,21168,765880,21840,37424240808603,37424240863785,37424240982026,37424258326789
101891,"void miso::kernels::add_rmsnorm_kernel<2048u, 512>(miso::kernels::AddRmsNormParams, unsigned int) [clone .kd]",1,1,102195,1059749,1059749,512,512,512,0,28,0,32,64,0x0,0x708db8461680,0.0449766684,98.7695312500,8,0.0000000000,0.4411579345,17,96,616,24,37424240932904,37424240982026,37424241090186,37424258211166
101892,"void miso::kernels::q4k_gemv_kernel<(miso::kernels::ActFormat)1, 2048u, 256, 4>(miso::kernels::Q4kGemvParams) [clone .kd]",1,1,102196,1059749,1059749,61440,256,0,0,72,0,48,64,0x0,0x708db844af40,29.5550703542,95.9929735853,960,0.0000000000,9.2545488411,0,32384,1202640,0,37424241066269,37424241090186,37424241243947,37424258095146
101893,"void miso::kernels::deltanet_step_kernel<256>(miso::kernels::DeltaNetStepParams) [clone .kd]",1,1,102197,1059749,1059749,8192,256,3072,0,184,0,64,64,0x0,0x708db8121400,3.3884876741,99.7167266187,128,0.0000000000,4.0399526056,1885,9536,84096,7616,37424241189657,37424241243947,37424241343147,37424257973615
101894,"void miso::kernels::q4k_gemv_kernel<(miso::kernels::ActFormat)1, 4096u, 256, 4>(miso::kernels::Q4kGemvParams) [clone .kd]",1,1,102198,1059749,1059749,61440,256,0,0,112,0,48,64,0x0,0x708db844afc0,13.8092196122,97.3204451533,960,0.0000000000,2.5015693660,0,16384,451392,0,37424241311505,37424241343147,37424241480267,37424257856892
101895,"void miso::kernels::add_rmsnorm_kernel<2048u, 512>(miso::kernels::AddRmsNormParams, unsigned int) [clone .kd]",1,1,102199,1059749,1059749,512,512,512,0,28,0,32,64,0x0,0x708db8461680,0.0425509281,98.7695312500,8,0.0000000000,0.4716796493,15,96,616,24,37424241440074,37424241480267,37424241686348,37424257740578
101896,"void miso::kernels::moe_router_kernel<256>(miso::kernels::MoeRouterParams) [clone .kd]",1,1,102200,1059749,1059749,16640,256,0,0,36,0,32,64,0x0,0x708daf3e3580,1.7344630526,94.2115461618,260,0.0000000000,4.5989017548,0,3084,25709,0,37424241663508,37424241686348,37424241843628,37424257622930
101897,"void miso::kernels::moe_gate_up_kernel<256>(miso::kernels::MoeGateUpParams) [clone .kd]",1,1,102201,1059749,1059749,30720,256,512,0,64,0,48,64,0x0,0x708daf3e35c0,29.7611874512,83.4069014587,480,0.0000000000,1.9022952577,573,23712,1256456,10593,37424241814722,37424241843628,37424242006349,37424257505349
101898,"void miso::kernels::moe_down_kernel<(miso::kernels::QType)0, 256>(miso::kernels::MoeDownParams) [clone .kd]",1,1,102202,1059749,1059749,30720,256,18944,0,84,0,32,64,0x0,0x708daf3e3600,19.6181659592,97.0493419395,480,7.0103908354,1.2806899607,203945,21168,765880,21840,37424241950951,37424242006349,37424242130509,37424257389240
101899,"void miso::kernels::add_rmsnorm_kernel<2048u, 512>(miso::kernels::AddRmsNormParams, unsigned int) [clone .kd]",1,1,102203,1059749,1059749,512,512,512,0,28,0,32,64,0x0,0x708db8461680,0.0447145951,98.7695312500,8,0.0000000000,1.4545763865,17,96,616,24,37424242083295,37424242130509,37424242245709,37424257274363
101900,"void miso::kernels::q4k_gemv_kernel<(miso::kernels::ActFormat)1, 2048u, 256, 4>(miso::kernels::Q4kGemvParams) [clone .kd]",1,1,102204,1059749,1059749,61440,256,0,0,72,0,48,64,0x0,0x708db844af40,25.5292032986,96.1727043790,960,0.0000000000,7.1497197122,0,25088,888000,0,37424242223198,37424242245709,37424242397230,37424257156484
101901,"void miso::kernels::q6k_gemv_kernel<2048u, 256, 1>(miso::kernels::Q6kGemvParams) [clone .kd]",1,1,102205,1059749,1059749,61440,256,0,0,60,0,32,64,0x0,0x708db844b040,9.3304535637,97.9885057471,960,0.0000000000,0.3151375644,0,6144,149312,0,37424242351527,37424242397230,37424242512430,37424257033684
101902,"void miso::kernels::attn_prep_kernel<256>(miso::kernels::AttnPrepParams) [clone .kd]",1,1,102206,1059749,1059749,4608,256,1536,0,28,0,64,64,0x0,0x708daf3b2400,0.4035287855,97.9857708255,72,0.0000000000,0.9556992442,91,170,4946,288,37424242488125,37424242512430,37424242639630,37424256918641
101903,"void miso::kernels::attn_split_kernel<256>(miso::kernels::AttnSplitParams) [clone .kd]",1,1,102207,1059749,1059749,4608,256,42496,0,96,0,32,64,0x0,0x708daf3b2440,3.0980144463,96.7503528674,72,0.5363910213,0.2282182337,4645,1136,75006,22824,37424242617877,37424242639630,37424242778031,37424256798849
101904,"void miso::kernels::attn_combine_kernel<256>(miso::kernels::AttnCombineParams) [clone .kd]",1,1,102208,1059749,1059749,4096,256,0,0,16,0,32,64,0x0,0x708daf3b2480,0.6371626899,99.4561464088,64,0.0000000000,0.2910794789,0,2368,9152,0,37424242747440,37424242778031,37424242904911,37424256680587
101905,"void miso::kernels::q4k_gemv_kernel<(miso::kernels::ActFormat)1, 4096u, 256, 4>(miso::kernels::Q4kGemvParams) [clone .kd]",1,1,102209,1059749,1059749,61440,256,0,0,112,0,48,64,0x0,0x708db844afc0,12.7395084387,97.3213026928,960,0.0000000000,1.0395569337,0,16384,451392,0,37424242874782,37424242904911,37424243550992,37424256565593
101906,"void miso::kernels::add_rmsnorm_kernel<2048u, 512>(miso::kernels::AddRmsNormParams, unsigned int) [clone .kd]",1,1,102210,1059749,1059749,512,512,512,0,28,0,32,64,0x0,0x708db8461680,0.0396427200,98.7695312500,8,0.0000000000,0.4835916712,18,96,616,24,37424243507038,37424243550992,37424248024285,37424256449221
101907,"void miso::kernels::moe_router_kernel<256>(miso::kernels::MoeRouterParams) [clone .kd]",1,1,102211,1059749,1059749,16640,256,0,0,36,0,32,64,0x0,0x708daf3e3580,1.6502416553,94.2115461618,260,0.0000000000,0.3332954588,0,3084,25709,0,37424247995369,37424248024285,37424248191645,37424256333738
101908,"void miso::kernels::moe_gate_up_kernel<256>(miso::kernels::MoeGateUpParams) [clone .kd]",1,1,102212,1059749,1059749,30720,256,512,0,64,0,48,64,0x0,0x708daf3e35c0,30.4682986058,83.4072519233,480,0.0000000000,1.3357454083,708,23712,1256456,10593,37424248169182,37424248191645,37424248351166,37424256217404
101909,"void miso::kernels::moe_down_kernel<(miso::kernels::QType)1, 256>(miso::kernels::MoeDownParams) [clone .kd]",1,1,102213,1059749,1059749,30720,256,18944,0,108,0,32,64,0x0,0x708daf3e3640,27.5077413814,98.5054898053,480,6.7839528892,0.8685734926,303605,33456,1113176,21840,37424248295148,37424248351166,37424248472606,37424256094234
101910,"void miso::kernels::add_rmsnorm_kernel<2048u, 512>(miso::kernels::AddRmsNormParams, unsigned int) [clone .kd]",1,1,102214,1059749,1059749,512,512,512,0,28,0,32,64,0x0,0x708db8461680,0.0454074610,98.7695312500,8,0.0000000000,0.4814320658,16,96,616,24,37424248419633,37424248472606,37424248568766,37424255976007
101911,"void miso::kernels::q4k_gemv_kernel<(miso::kernels::ActFormat)1, 2048u, 256, 4>(miso::kernels::Q4kGemvParams) [clone .kd]",1,1,102215,1059749,1059749,61440,256,0,0,72,0,48,64,0x0,0x708db844af40,27.1875209212,95.9898218830,960,0.0000000000,12.2304341376,0,32384,1202640,0,37424248545574,37424248568766,37424248766847,37424255857971
101912,"void miso::kernels::deltanet_step_kernel<256>(miso::kernels::DeltaNetStepParams) [clone .kd]",1,1,102216,1059749,1059749,8192,256,3072,0,184,0,64,64,0x0,0x708db8121400,3.3017117237,99.7167266187,128,0.0000000000,1.4140652199,1677,9536,84096,7616,37424248712517,37424248766847,37424248927487,37424255739367
101913,"void miso::kernels::q4k_gemv_kernel<(miso::kernels::ActFormat)1, 4096u, 256, 4>(miso::kernels::Q4kGemvParams) [clone .kd]",1,1,102217,1059749,1059749,61440,256,0,0,112,0,48,64,0x0,0x708db844afc0,13.8640084048,97.3213026928,960,0.0000000000,1.4264671330,0,16384,451392,0,37424248887208,37424248927487,37424249057408,37424255620296
101914,"void miso::kernels::add_rmsnorm_kernel<2048u, 512>(miso::kernels::AddRmsNormParams, unsigned int) [clone .kd]",1,1,102218,1059749,1059749,512,512,512,0,28,0,32,64,0x0,0x708db8461680,0.0435818863,98.7695312500,8,0.0000000000,0.4630593132,17,96,616,24,37424249011764,37424249057408,37424249262048,37424255500028
101915,"void miso::kernels::moe_router_kernel<256>(miso::kernels::MoeRouterParams) [clone .kd]",1,1,102219,1059749,1059749,16640,256,0,0,36,0,32,64,0x0,0x708daf3e3580,1.7395717242,94.2115461618,260,0.0000000000,0.4345361799,0,3084,25709,0,37424249237657,37424249262048,37424249409729,37424255378705
101916,"void miso::kernels::moe_gate_up_kernel<256>(miso::kernels::MoeGateUpParams) [clone .kd]",1,1,102220,1059749,1059749,30720,256,512,0,64,0,48,64,0x0,0x708daf3e35c0,29.3830865859,83.4099868845,480,0.0000000000,1.6816944859,906,23712,1256456,10593,37424249385625,37424249409729,37424249571809,37424255262323
101917,"void miso::kernels::moe_down_kernel<(miso::kernels::QType)0, 256>(miso::kernels::MoeDownParams) [clone .kd]",1,1,102221,1059749,1059749,30720,256,18944,0,84,0,32,64,0x0,0x708daf3e3600,21.4505325726,97.0478367637,480,7.6650531464,0.8418356014,200831,21168,765880,21840,37424249514743,37424249571809,37424249687329,37424255132795
101918,"void miso::kernels::add_rmsnorm_kernel<2048u, 512>(miso::kernels::AddRmsNormParams, unsigned int) [clone .kd]",1,1,102222,1059749,1059749,512,512,512,0,28,0,32,64,0x0,0x708db8461680,0.0425102290,98.7695312500,8,0.0000000000,0.4377494528,19,96,616,24,37424249638745,37424249687329,37424249799490,37424255007404
101919,"void miso::kernels::q4k_gemv_kernel<(miso::kernels::ActFormat)1, 2048u, 256, 4>(miso::kernels::Q4kGemvParams) [clone .kd]",1,1,102223,1059749,1059749,61440,256,0,0,72,0,48,64,0x0,0x708db844af40,30.4232903326,95.9878521741,960,0.0000000000,11.4152814312,0,32384,1202640,0,37424249777121,37424249799490,37424249958690,37424254836464
101920,"void miso::kernels::deltanet_step_kernel<256>(miso::kernels::DeltaNetStepParams) [clone .kd]",1,1,102224,1059749,1059749,8192,256,3072,0,184,0,64,64,0x0,0x708db8121400,3.4316221512,99.7167266187,128,0.0000000000,1.6009366813,1410,9536,84096,7616,37424249908325,37424249958690,37424250085091,37424254637938
101921,"void miso::kernels::q4k_gemv_kernel<(miso::kernels::ActFormat)1, 4096u, 256, 4>(miso::kernels::Q4kGemvParams) [clone .kd]",1,1,102225,1059749,1059749,61440,256,0,0,112,0,48,64,0x0,0x708db844afc0,13.9849969193,97.3210883065,960,0.0000000000,1.5071226100,0,16384,451392,0,37424250049440,37424250085091,37424250217411,37424254637311
101922,"void miso::kernels::add_rmsnorm_kernel<2048u, 512>(miso::kernels::AddRmsNormParams, unsigned int) [clone .kd]",1,1,102226,1059749,1059749,512,512,512,0,28,0,32,64,0x0,0x708db8461680,0.0465143322,98.7695312500,8,0.0000000000,0.4441278753,19,96,616,24,37424250176060,37424250217411,37424250317251,37424272096617
101923,"void miso::kernels::moe_router_kernel<256>(miso::kernels::MoeRouterParams) [clone .kd]",1,1,102227,1059749,1059749,16640,256,0,0,36,0,32,64,0x0,0x708daf3e3580,1.6853694277,94.2115461618,260,0.0000000000,0.4562219063,0,3084,25709,0,37424250294368,37424250317251,37424250445572,37424271975995
101924,"void miso::kernels::moe_gate_up_kernel<256>(miso::kernels::MoeGateUpParams) [clone .kd]",1,1,102228,1059749,1059749,30720,256,512,0,64,0,48,64,0x0,0x708daf3e35c0,30.0770558954,83.4096027299,480,0.0000000000,1.5798384335,843,23712,1256456,10593,37424250421980,37424250445572,37424250604292,37424271852661
101925,"void miso::kernels::moe_down_kernel<(miso::kernels::QType)0, 256>(miso::kernels::MoeDownParams) [clone .kd]",1,1,102229,1059749,1059749,30720,256,18944,0,84,0,32,64,0x0,0x708daf3e3600,21.1328242357,97.0443248685,480,7.5512511676,0.9250449700,200360,21168,765880,21840,37424250546566,37424250604292,37424250721572,37424271731507
101926,"void miso::kernels::add_rmsnorm_kernel<2048u, 512>(miso::kernels::AddRmsNormParams, unsigned int) [clone .kd]",1,1,102230,1059749,1059749,512,512,512,0,28,0,32,64,0x0,0x708db8461680,0.0455918391,98.7695312500,8,0.0000000000,1.4532397440,24,96,616,24,37424250673021,37424250721572,37424250821573,37424271612324
101927,"void miso::kernels::q6k_gemv_kernel<2048u, 256, 2>(miso::kernels::Q6kGemvParams) [clone .kd]",1,1,102231,1059749,1059749,122880,256,0,0,60,0,32,64,0x0,0x708db844b000,36.2048630969,97.7424845902,1920,0.0000000000,13.7383872166,0,48128,1430784,0,37424250798741,37424250821573,37424251000773,37424271493557
101928,"void miso::kernels::q4k_gemv_kernel<(miso::kernels::ActFormat)1, 2048u, 256, 4>(miso::kernels::Q4kGemvParams) [clone .kd]",1,1,102232,1059749,1059749,61440,256,0,0,72,0,48,64,0x0,0x708db844af40,16.9291865059,96.7238751785,960,0.0000000000,4.5338416399,0,16000,496080,0,37424250947861,37424251000773,37424251144774,37424271378833
101929,"void miso::kernels::deltanet_step_kernel<256>(miso::kernels::DeltaNetStepParams) [clone .kd]",1,1,102233,1059749,1059749,8192,256,3072,0,184,0,64,64,0x0,0x708db8121400,3.4624755766,99.7167266187,128,0.0000000000,2.7085781434,2025,9536,84096,7616,37424251107614,37424251144774,37424251260294,37424271254471
101930,"void miso::kernels::q4k_gemv_kernel<(miso::kernels::ActFormat)1, 4096u, 256, 4>(miso::kernels::Q4kGemvParams) [clone .kd]",1,1,102234,1059749,1059749,61440,256,0,0,112,0,48,64,0x0,0x708db844afc0,15.2344468384,97.3210883065,960,0.0000000000,1.9783939770,0,16384,451392,0,37424251227293,37424251260294,37424251404294,37424271134039
101931,"void miso::kernels::add_rmsnorm_kernel<2048u, 512>(miso::kernels::AddRmsNormParams, unsigned int) [clone .kd]",1,1,102235,1059749,1059749,512,512,512,0,28,0,32,64,0x0,0x708db8461680,0.0448895996,98.7695312500,8,0.0000000000,0.9052481951,15,96,616,24,37424251355513,37424251404294,37424251505735,37424271016641
101932,"void miso::kernels::moe_router_kernel<256>(miso::kernels::MoeRouterParams) [clone .kd]",1,1,102236,1059749,1059749,16640,256,0,0,36,0,32,64,0x0,0x708daf3e3580,1.8093562409,94.2115461618,260,0.0000000000,4.2061138360,0,3084,25709,0,37424251481919,37424251505735,37424251636775,37424270897173
101933,"void miso::kernels::moe_gate_up_kernel<256>(miso::kernels::MoeGateUpParams) [clone .kd]",1,1,102237,1059749,1059749,30720,256,512,0,64,0,48,64,0x0,0x708daf3e35c0,29.3088072097,83.4107146538,480,0.0000000000,2.2893858791,648,23712,1256456,10593,37424251611987,37424251636775,37424251795335,37424270779251
101934,"void miso::kernels::moe_down_kernel<(miso::kernels::QType)1, 256>(miso::kernels::MoeDownParams) [clone .kd]",1,1,102238,1059749,1059749,30720,256,18944,0,108,0,32,64,0x0,0x708daf3e3640,27.6432309005,98.5099712139,480,6.8176774327,1.2824741400,304443,33456,1113176,21840,37424251739947,37424251795335,37424251916936,37424270659070
101935,"void miso::kernels::add_rmsnorm_kernel<2048u, 512>(miso::kernels::AddRmsNormParams, unsigned int) [clone .kd]",1,1,102239,1059749,1059749,512,512,512,0,28,0,32,64,0x0,0x708db8461680,0.0437822381,98.7695312500,8,0.0000000000,0.4807493913,20,96,616,24,37424251864947,37424251916936,37424252018696,37424270541735
101936,"void miso::kernels::q4k_gemv_kernel<(miso::kernels::ActFormat)1, 2048u, 256, 4>(miso::kernels::Q4kGemvParams) [clone .kd]",1,1,102240,1059749,1059749,61440,256,0,0,72,0,48,64,0x0,0x708db844af40,25.4359015819,96.1373099539,960,0.0000000000,10.2733809591,0,26112,932160,0,37424251995018,37424252018696,37424252169096,37424270415914
101937,"void miso::kernels::attn_prep_kernel<256>(miso::kernels::AttnPrepParams) [clone .kd]",1,1,102241,1059749,1059749,4608,256,1536,0,28,0,64,64,0x0,0x708daf3b2400,0.4049887037,97.9857708255,72,0.0000000000,1.4656156220,83,170,4946,288,37424252123222,37424252169096,37424252271657,37424270244197
101938,"void miso::kernels::attn_split_kernel<256>(miso::kernels::AttnSplitParams) [clone .kd]",1,1,102242,1059749,1059749,4608,256,42496,0,96,0,32,64,0x0,0x708daf3b2440,3.0494910607,96.7503528674,72,0.5279896698,0.1720397936,4725,1136,75006,22824,37424252249644,37424252271657,37424252421577,37424270075945
101939,"void miso::kernels::attn_combine_kernel<256>(miso::kernels::AttnCombineParams) [clone .kd]",1,1,102243,1059749,1059749,4096,256,0,0,16,0,32,64,0x0,0x708daf3b2480,0.4993576977,99.4561464088,64,0.0000000000,0.1391072186,0,2368,9152,0,37424252389921,37424252421577,37424252538697,37424269946481
101940,"void miso::kernels::q4k_gemv_kernel<(miso::kernels::ActFormat)1, 4096u, 256, 4>(miso::kernels::Q4kGemvParams) [clone .kd]",1,1,102244,1059749,1059749,61440,256,0,0,112,0,48,64,0x0,0x708db844afc0,14.5529182455,97.3206595367,960,0.0000000000,1.4210157101,0,16384,451392,0,37424252512441,37424252538697,37424252681258,37424269834400
101941,"void miso::kernels::add_rmsnorm_kernel<2048u, 512>(miso::kernels::AddRmsNormParams, unsigned int) [clone .kd]",1,1,102245,1059749,1059749,512,512,512,0,28,0,32,64,0x0,0x708db8461680,0.0456718761,98.7695312500,8,0.0000000000,0.3741657781,21,96,616,24,37424252642805,37424252681258,37424252789738,37424269723497
101942,"void miso::kernels::moe_router_kernel<256>(miso::kernels::MoeRouterParams) [clone .kd]",1,1,102246,1059749,1059749,16640,256,0,0,36,0,32,64,0x0,0x708daf3e3580,1.7143921861,94.2115461618,260,0.0000000000,0.3086770443,0,3084,25709,0,37424252767143,37424252789738,37424252935339,37424269612724
101943,"void miso::kernels::moe_gate_up_kernel<256>(miso::kernels::MoeGateUpParams) [clone .kd]",1,1,102247,1059749,1059749,30720,256,512,0,64,0,48,64,0x0,0x708daf3e35c0,30.2305885177,83.4008221562,480,0.0000000000,1.7969897440,681,23712,1256456,10593,37424252910016,37424252935339,37424253087979,37424269501885
101944,"void miso::kernels::moe_down_kernel<(miso::kernels::QType)0, 256>(miso::kernels::MoeDownParams) [clone .kd]",1,1,102248,1059749,1059749,30720,256,18944,0,84,0,32,64,0x0,0x708daf3e3600,20.7355802473,97.0490910736,480,7.4096705205,0.7329039023,206508,21168,765880,21840,37424253032584,37424253087979,37424253207339,37424269395011
101945,"void miso::kernels::add_rmsnorm_kernel<2048u, 512>(miso::kernels::AddRmsNormParams, unsigned int) [clone .kd]",1,1,102249,1059749,1059749,512,512,512,0,28,0,32,64,0x0,0x708db8461680,0.0423364424,98.7695312500,8,0.0000000000,1.0467759301,26,96,616,24,37424253159205,37424253207339,37424253320780,37424269281046
101946,"void miso::kernels::q4k_gemv_kernel<(miso::kernels::ActFormat)1, 2048u, 256, 4>(miso::kernels::Q4kGemvParams) [clone .kd]",1,1,102250,1059749,1059749,61440,256,0,0,72,0,48,64,0x0,0x708db844af40,28.5290563705,95.9912401234,960,0.0000000000,11.2289517887,0,32384,1202640,0,37424253296596,37424253320780,37424253480140,37424269169170
101947,"void miso::kernels::deltanet_step_kernel<256>(miso::kernels::DeltaNetStepParams) [clone .kd]",1,1,102251,1059749,1059749,8192,256,3072,0,184,0,64,64,0x0,0x708db8121400,3.4209332195,99.7167266187,128,0.0000000000,1.6277427886,1893,9536,84096,7616,37424253424918,37424253480140,37424253590220,37424269054173
101948,"void miso::kernels::q4k_gemv_kernel<(miso::kernels::ActFormat)1, 4096u, 256, 4>(miso::kernels::Q4kGemvParams) [clone .kd]",1,1,102252,1059749,1059749,61440,256,0,0,112,0,48,64,0x0,0x708db844afc0,13.7451251120,97.3213026928,960,0.0000000000,1.7573983374,0,16384,451392,0,37424253556963,37424253590220,37424253726221,37424268942510
101949,"void miso::kernels::add_rmsnorm_kernel<2048u, 512>(miso::kernels::AddRmsNormParams, unsigned int) [clone .kd]",1,1,102253,1059749,1059749,512,512,512,0,28,0,32,64,0x0,0x708db8461680,0.0452514282,98.7695312500,8,0.0000000000,0.3636728953,16,96,616,24,37424253685584,37424253726221,37424253847821,37424268832703
101950,"void miso::kernels::moe_router_kernel<256>(miso::kernels::MoeRouterParams) [clone .kd]",1,1,102254,1059749,1059749,16640,256,0,0,36,0,32,64,0x0,0x708daf3e3580,1.6739438508,94.2115461618,260,0.0000000000,0.4674853475,0,3084,25709,0,37424253818013,37424253847821,37424253970541,37424268721963
101951,"void miso::kernels::moe_gate_up_kernel<256>(miso::kernels::MoeGateUpParams) [clone .kd]",1,1,102255,1059749,1059749,30720,256,512,0,64,0,48,64,0x0,0x708daf3e35c0,28.8382624240,83.4060712009,480,0.0000000000,1.5221301471,683,23712,1256456,10593,37424253945318,37424253970541,37424254134382,37424268607635
101952,"void miso::kernels::moe_down_kernel<(miso::kernels::QType)0, 256>(miso::kernels::MoeDownParams) [clone .kd]",1,1,102256,1059749,1059749,30720,256,18944,0,84,0,32,64,0x0,0x708daf3e3600,21.2076035414,97.0488402090,480,7.5783241510,0.6484966668,209176,21168,765880,21840,37424254075590,37424254134382,37424254271342,37424268492176
101953,"void miso::kernels::add_rmsnorm_kernel<2048u, 512>(miso::kernels::AddRmsNormParams, unsigned int) [clone .kd]",1,1,102257,1059749,1059749,512,512,512,0,28,0,32,64,0x0,0x708db8461680,0.0442600277,98.7695312500,8,0.0000000000,0.9864712514,18,96,616,24,37424254222043,37424254271342,37424254367663,37424268375758
101954,"void miso::kernels::q6k_gemv_kernel<2048u, 256, 2>(miso::kernels::Q6kGemvParams) [clone .kd]",1,1,102258,1059749,1059749,122880,256,0,0,60,0,32,64,0x0,0x708db844b000,31.5874641630,97.7475636135,1920,0.0000000000,12.1870862691,0,48128,1430784,0,37424254344511,37424254367663,37424254576943,37424268261709
101955,"void miso::kernels::q4k_gemv_kernel<(miso::kernels::ActFormat)1, 2048u, 256, 4>(miso::kernels::Q4kGemvParams) [clone .kd]",1,1,102259,1059749,1059749,61440,256,0,0,72,0,48,64,0x0,0x708db844af40,15.0725461192,96.7213670645,960,0.0000000000,5.0825908085,0,16000,496080,0,37424254517795,37424254576943,37424254952464,37424268149392
101956,"void miso::kernels::deltanet_step_kernel<256>(miso::kernels::DeltaNetStepParams) [clone .kd]",1,1,102260,1059749,1059749,8192,256,3072,0,184,0,64,64,0x0,0x708db8121400,3.1261420820,99.7167266187,128,0.0000000000,2.5012111006,1746,9536,84096,7616,37424254903828,37424254952464,37424261023361,37424268039754
101957,"void miso::kernels::q4k_gemv_kernel<(miso::kernels::ActFormat)1, 4096u, 256, 4>(miso::kernels::Q4kGemvParams) [clone .kd]",1,1,102261,1059749,1059749,61440,256,0,0,112,0,48,64,0x0,0x708db844afc0,13.7769421733,97.3210883065,960,0.0000000000,1.4301610755,0,16384,451392,0,37424260983421,37424261023361,37424261203522,37424267929359
101958,"void miso::kernels::add_rmsnorm_kernel<2048u, 512>(miso::kernels::AddRmsNormParams, unsigned int) [clone .kd]",1,1,102262,1059749,1059749,512,512,512,0,28,0,32,64,0x0,0x708db8461680,0.0425798039,98.7695312500,8,0.0000000000,0.4798754918,20,96,616,24,37424261163728,37424261203522,37424261304962,37424267821752
101959,"void miso::kernels::moe_router_kernel<256>(miso::kernels::MoeRouterParams) [clone .kd]",1,1,102263,1059749,1059749,16640,256,0,0,36,0,32,64,0x0,0x708daf3e3580,1.5879446281,94.2115461618,260,0.0000000000,0.4894592824,0,3084,25709,0,37424261281084,37424261304962,37424261428483,37424267714159
101960,"void miso::kernels::moe_gate_up_kernel<256>(miso::kernels::MoeGateUpParams) [clone .kd]",1,1,102264,1059749,1059749,30720,256,512,0,64,0,48,64,0x0,0x708daf3e35c0,28.8714554599,83.4140856338,480,0.0000000000,1.3509487727,604,23712,1256456,10593,37424261403868,37424261428483,37424261584003,37424267600513
101961,"void miso::kernels::moe_down_kernel<(miso::kernels::QType)1, 256>(miso::kernels::MoeDownParams) [clone .kd]",1,1,102265,1059749,1059749,30720,256,18944,0,108,0,32,64,0x0,0x708daf3e3640,28.4152257554,98.5035567746,480,7.0076189607,0.7534573200,304096,33456,1113176,21840,37424261526652,37424261584003,37424261703843,37424267478305
101962,"void miso::kernels::add_rmsnorm_kernel<2048u, 512>(miso::kernels::AddRmsNormParams, unsigned int) [clone .kd]",1,1,102266,1059749,1059749,512,512,512,0,28,0,32,64,0x0,0x708db8461680,0.0442453404,98.7695312500,8,0.0000000000,0.4758495810,13,96,616,24,37424261650941,37424261703843,37424261797764,37424267365653
101963,"void miso::kernels::q4k_gemv_kernel<(miso::kernels::ActFormat)1, 2048u, 256, 4>(miso::kernels::Q4kGemvParams) [clone .kd]",1,1,102267,1059749,1059749,61440,256,0,0,72,0,48,64,0x0,0x708db844af40,30.1811664214,95.9899006730,960,0.0000000000,10.2459128907,0,32384,1202640,0,37424261773532,37424261797764,37424261960164,37424267255555
101964,"void miso::kernels::deltanet_step_kernel<256>(miso::kernels::DeltaNetStepParams) [clone .kd]",1,1,102268,1059749,1059749,8192,256,3072,0,184,0,64,64,0x0,0x708db8121400,3.3358832441,99.7167266187,128,0.0000000000,13.7051174754,1778,9536,84096,7616,37424261907675,37424261960164,37424262083364,37424267145660
101965,"void miso::kernels::q4k_gemv_kernel<(miso::kernels::ActFormat)1, 4096u, 256, 4>(miso::kernels::Q4kGemvParams) [clone .kd]",1,1,102269,1059749,1059749,61440,256,0,0,112,0,48,64,0x0,0x708db844afc0,14.1887803262,97.3210883065,960,0.0000000000,1.4456829413,0,16384,451392,0,37424262050410,37424262083364,37424262217925,37424267036435
101966,"void miso::kernels::add_rmsnorm_kernel<2048u, 512>(miso::kernels::AddRmsNormParams, unsigned int) [clone .kd]",1,1,102270,1059749,1059749,512,512,512,0,28,0,32,64,0x0,0x708db8461680,0.0441683920,98.7695312500,8,0.0000000000,1.3377119745,18,96,616,24,37424262177239,37424262217925,37424262321605,37424266923401
101967,"void miso::kernels::moe_router_kernel<256>(miso::kernels::MoeRouterParams) [clone .kd]",1,1,102271,1059749,1059749,16640,256,0,0,36,0,32,64,0x0,0x708daf3e3580,1.7423457184,94.2115461618,260,0.0000000000,3.7252470734,0,3084,25709,0,37424262298239,37424262321605,37424262460325,37424266813190
101968,"void miso::kernels::moe_gate_up_kernel<256>(miso::kernels::MoeGateUpParams) [clone .kd]",1,1,102272,1059749,1059749,30720,256,512,0,64,0,48,64,0x0,0x708daf3e35c0,29.7286753091,83.4083012887,480,0.0000000000,1.5413632446,795,23712,1256456,10593,37424262435473,37424262460325,37424262615206,37424266698652
101969,"void miso::kernels::moe_down_kernel<(miso::kernels::QType)0, 256>(miso::kernels::MoeDownParams) [clone .kd]",1,1,102273,1059749,1059749,30720,256,18944,0,84,0,32,64,0x0,0x708daf3e3600,19.4024404923,97.0490910736,480,6.9332851855,1.1413905035,207252,21168,765880,21840,37424262558262,37424262615206,37424262731846,37424266569131
101970,"void miso::kernels::add_rmsnorm_kernel<2048u, 512>(miso::kernels::AddRmsNormParams, unsigned int) [clone .kd]",1,1,102274,1059749,1059749,512,512,512,0,28,0,32,64,0x0,0x708db8461680,0.0439626867,98.7695312500,8,0.0000000000,1.3934753420,19,96,616,24,37424262684114,37424262731846,37424262858087,37424266568455
101971,"void miso::kernels::q4k_gemv_kernel<(miso::kernels::ActFormat)1, 2048u, 256, 4>(miso::kernels::Q4kGemvParams) [clone .kd]",1,1,102275,1059749,1059749,61440,256,0,0,72,0,48,64,0x0,0x708db844af40,26.4161726757,96.1389396864,960,0.0000000000,8.8548102038,0,26112,932160,0,37424262825950,37424262858087,37424262997447,37424283590829
101972,"void miso::kernels::attn_prep_kernel<256>(miso::kernels::AttnPrepParams) [clone .kd]",1,1,102276,1059749,1059749,4608,256,1536,0,28,0,64,64,0x0,0x708daf3b2400,0.3985099064,97.9857708255,72,0.0000000000,0.7984320198,96,170,4946,288,37424262951302,37424262997447,37424263099367,37424283472902
101973,"void miso::kernels::attn_split_kernel<256>(miso::kernels::AttnSplitParams) [clone .kd]",1,1,102277,1059749,1059749,4608,256,42496,0,96,0,32,64,0x0,0x708daf3b2440,3.1064665952,96.7503528674,72,0.5378544285,0.1546859696,4691,1136,75006,22824,37424263076774,37424263099367,37424263232808,37424283353358
101974,"void miso::kernels::attn_combine_kernel<256>(miso::kernels::AttnCombineParams) [clone .kd]",1,1,102278,1059749,1059749,4096,256,0,0,16,0,32,64,0x0,0x708daf3b2480,0.6892038220,99.4561464088,64,0.0000000000,0.1252513548,0,2368,9152,0,37424263202491,37424263232808,37424263358088,37424283233570
101975,"void miso::kernels::q4k_gemv_kernel<(miso::kernels::ActFormat)1, 4096u, 256, 4>(miso::kernels::Q4kGemvParams) [clone .kd]",1,1,102279,1059749,1059749,61440,256,0,0,112,0,48,64,0x0,0x708db844afc0,13.6758370539,97.3210883065,960,0.0000000000,1.1819871418,0,16384,451392,0,37424263331563,37424263358088,37424263499368,37424283113667
101976,"void miso::kernels::add_rmsnorm_kernel<2048u, 512>(miso::kernels::AddRmsNormParams, unsigned int) [clone .kd]",1,1,102280,1059749,1059749,512,512,512,0,28,0,32,64,0x0,0x708db8461680,0.0447239693,98.7695312500,8,0.0000000000,0.4534279150,16,96,616,24,37424263457875,37424263499368,37424263599369,37424282987669
101977,"void miso::kernels::moe_router_kernel<256>(miso::kernels::MoeRouterParams) [clone .kd]",1,1,102281,1059749,1059749,16640,256,0,0,36,0,32,64,0x0,0x708daf3e3580,1.7051617182,94.2115461618,260,0.0000000000,0.3123645107,0,3084,25709,0,37424263576461,37424263599369,37424263725449,37424282869491
101978,"void miso::kernels::moe_gate_up_kernel<256>(miso::kernels::MoeGateUpParams) [clone .kd]",1,1,102282,1059749,1059749,30720,256,512,0,64,0,48,64,0x0,0x708daf3e35c0,30.2082958576,83.4115151534,480,0.0000000000,1.7140046252,815,23712,1256456,10593,37424263701392,37424263725449,37424263882249,37424282752644
101979,"void miso::kernels::moe_down_kernel<(miso::kernels::QType)0, 256>(miso::kernels::MoeDownParams) [clone .kd]",1,1,102283,1059749,1059749,30720,256,18944,0,84,0,32,64,0x0,0x708daf3e3600,20.6325866667,97.0482130533,480,7.3728000000,0.5871106628,205991,21168,765880,21840,37424263825654,37424263882249,37424264001290,37424282636969
101980,"void miso::kernels::add_rmsnorm_kernel<2048u, 512>(miso::kernels::AddRmsNormParams, unsigned int) [clone .kd]",1,1,102284,1059749,1059749,512,512,512,0,28,0,32,64,0x0,0x708db8461680,0.0437822381,98.7695312500,8,0.0000000000,0.9759491155,17,96,616,24,37424263953275,37424264001290,37424264101290,37424282518977
101981,"void miso::kernels::q6k_gemv_kernel<2048u, 256, 2>(miso::kernels::Q6kGemvParams) [clone .kd]",1,1,102285,1059749,1059749,122880,256,0,0,60,0,32,64,0x0,0x708db844b000,40.1659097487,97.7445838558,1920,0.0000000000,12.2475725942,0,48128,1430784,0,37424264078031,37424264101290,37424264257931,37424282393207
101982,"void miso::kernels::q4k_gemv_kernel<(miso::kernels::ActFormat)1, 2048u, 256, 4>(miso::kernels::Q4kGemvParams) [clone .kd]",1,1,102286,1059749,1059749,61440,256,0,0,72,0,48,64,0x0,0x708db844af40,16.8277880716,96.7246469321,960,0.0000000000,6.0107508496,0,16000,496080,0,37424264210921,37424264257931,37424264375531,37424282269520
101983,"void miso::kernels::deltanet_step_kernel<256>(miso::kernels::DeltaNetStepParams) [clone .kd]",1,1,102287,1059749,1059749,8192,256,3072,0,184,0,64,64,0x0,0x708db8121400,3.3724562521,99.7167266187,128,0.0000000000,1.8567521291,1697,9536,84096,7616,37424264337594,37424264375531,37424264502891,37424282154086
101984,"void miso::kernels::q4k_gemv_kernel<(miso::kernels::ActFormat)1, 4096u, 256, 4>(miso::kernels::Q4kGemvParams) [clone .kd]",1,1,102288,1059749,1059749,61440,256,0,0,112,0,48,64,0x0,0x708db844afc0,14.2825905021,97.3206595367,960,0.0000000000,1.2352042413,0,16384,451392,0,37424264470512,37424264502891,37424264634732,37424282032779
101985,"void miso::kernels::add_rmsnorm_kernel<2048u, 512>(miso::kernels::AddRmsNormParams, unsigned int) [clone .kd]",1,1,102289,1059749,1059749,512,512,512,0,28,0,32,64,0x0,0x708db8461680,0.0424172532,98.7695312500,8,0.0000000000,0.4676597748,20,96,616,24,37424264595141,37424264634732,37424264740332,37424281909184
101986,"void miso::kernels::moe_router_kernel<256>(miso::kernels::MoeRouterParams) [clone .kd]",1,1,102290,1059749,1059749,16640,256,0,0,36,0,32,64,0x0,0x708daf3e3580,1.7838775510,94.2115461618,260,0.0000000000,0.4439171865,0,3084,25709,0,37424264716947,37424264740332,37424264867692,37424281793814
101987,"void miso::kernels::moe_gate_up_kernel<256>(miso::kernels::MoeGateUpParams) [clone .kd]",1,1,102291,1059749,1059749,30720,256,512,0,64,0,48,64,0x0,0x708daf3e35c0,29.5063814067,83.4068999423,480,0.0000000000,1.2385857072,712,23712,1256456,10593,37424264843434,37424264867692,37424265028813,37424281675320
101988,"void miso::kernels::moe_down_kernel<(miso::kernels::QType)1, 256>(miso::kernels::MoeDownParams) [clone .kd]",1,1,102292,1059749,1059749,30720,256,18944,0,108,0,32,64,0x0,0x708daf3e3640,28.3593639326,98.5073350418,480,6.9941108615,0.6578495598,303557,33456,1113176,21840,37424264972210,37424265028813,37424265149133,37424281556499
101989,"void miso::kernels::add_rmsnorm_kernel<2048u, 512>(miso::kernels::AddRmsNormParams, unsigned int) [clone .kd]",1,1,102293,1059749,1059749,512,512,512,0,28,0,32,64,0x0,0x708db8461680,0.0439953255,98.7695312500,8,0.0000000000,0.4912545886,19,96,616,24,37424265096553,37424265149133,37424265244653,37424281437488
101990,"void miso::kernels::q4k_gemv_kernel<(miso::kernels::ActFormat)1, 2048u, 256, 4>(miso::kernels::Q4kGemvParams) [clone .kd]",1,1,102294,1059749,1059749,61440,256,0,0,72,0,48,64,0x0,0x708db844af40,31.3352676091,95.9945495141,960,0.0000000000,11.1729411285,0,32384,1202640,0,37424265221264,37424265244653,37424265394734,37424281319747
101991,"void miso::kernels::deltanet_step_kernel<256>(miso::kernels::DeltaNetStepParams) [clone .kd]",1,1,102295,1059749,1059749,8192,256,3072,0,184,0,64,64,0x0,0x708db8121400,3.3348328085,99.7167266187,128,0.0000000000,2.1349878233,1816,9536,84096,7616,37424265343342,37424265394734,37424265501134,37424281198006
101992,"void miso::kernels::q4k_gemv_kernel<(miso::kernels::ActFormat)1, 4096u, 256, 4>(miso::kernels::Q4kGemvParams) [clone .kd]",1,1,102296,1059749,1059749,61440,256,0,0,112,0,48,64,0x0,0x708db844afc0,13.2409578812,97.3210883065,960,0.0000000000,1.6292469700,0,16384,451392,0,37424265467985,37424265501134,37424265626894,37424281075598
101993,"void miso::kernels::add_rmsnorm_kernel<2048u, 512>(miso::kernels::AddRmsNormParams, unsigned int) [clone .kd]",1,1,102297,1059749,1059749,512,512,512,0,28,0,32,64,0x0,0x708db8461680,0.0453418349,98.7695312500,8,0.0000000000,0.4196850735,16,96,616,24,37424265584547,37424265626894,37424265727695,37424280931133
101994,"void miso::kernels::moe_router_kernel<256>(miso::kernels::MoeRouterParams) [clone .kd]",1,1,102298,1059749,1059749,16640,256,0,0,36,0,32,64,0x0,0x708daf3e3580,1.7465931343,94.2115461618,260,0.0000000000,0.4492844729,0,3084,25709,0,37424265703738,37424265727695,37424265852655,37424280815832
101995,"void miso::kernels::moe_gate_up_kernel<256>(miso::kernels::MoeGateUpParams) [clone .kd]",1,1,102299,1059749,1059749,30720,256,512,0,64,0,48,64,0x0,0x708daf3e35c0,29.7502475495,83.4040357235,480,0.0000000000,1.9202447037,618,23712,1256456,10593,37424265827451,37424265852655,37424266010735,37424280699340
101996,"void miso::kernels::moe_down_kernel<(miso::kernels::QType)0, 256>(miso::kernels::MoeDownParams) [clone .kd]",1,1,102300,1059749,1059749,30720,256,18944,0,84,0,32,64,0x0,0x708daf3e3600,20.8514434168,97.0482130533,480,7.4510057564,0.8383518912,206706,21168,765880,21840,37424265953999,37424266010735,37424266129776,37424280580531
101997,"void miso::kernels::add_rmsnorm_kernel<2048u, 512>(miso::kernels::AddRmsNormParams, unsigned int) [clone .kd]",1,1,102301,1059749,1059749,512,512,512,0,28,0,32,64,0x0,0x708db8461680,0.0457443463,98.7695312500,8,0.0000000000,0.5498274643,19,96,616,24,37424266081160,37424266129776,37424266228016,37424280457116
101998,"void miso::kernels::q4k_gemv_kernel<(miso::kernels::ActFormat)1, 2048u, 256, 4>(miso::kernels::Q4kGemvParams) [clone .kd]",1,1,102302,1059749,1059749,61440,256,0,0,72,0,48,64,0x0,0x708db844af40,28.6169678007,95.9903734159,960,0.0000000000,11.8498002553,0,32384,1202640,0,37424266204074,37424266228016,37424266397937,37424280331787
101999,"void miso::kernels::deltanet_step_kernel<256>(miso::kernels::DeltaNetStepParams) [clone .kd]",1,1,102303,1059749,1059749,8192,256,3072,0,184,0,64,64,0x0,0x708db8121400,3.1945761154,99.7167266187,128,0.0000000000,3.7140289842,1958,9536,84096,7616,37424266335070,37424266397937,37424272549794,37424280216947
102000,"void miso::kernels::q4k_gemv_kernel<(miso::kernels::ActFormat)1, 4096u, 256, 4>(miso::kernels::Q4kGemvParams) [clone .kd]",1,1,102304,1059749,1059749,61440,256,0,0,112,0,48,64,0x0,0x708db844afc0,13.8723971225,97.3213026928,960,0.0000000000,1.4584977336,0,16384,451392,0,37424272514534,37424272549794,37424272685314,37424280098158
102001,"void miso::kernels::add_rmsnorm_kernel<2048u, 512>(miso::kernels::AddRmsNormParams, unsigned int) [clone .kd]",1,1,102305,1059749,1059749,512,512,512,0,28,0,32,64,0x0,0x708db8461680,0.0432251354,98.7695312500,8,0.0000000000,0.4283607340,20,96,616,24,37424272644643,37424272685314,37424272787075,37424279981458
102002,"void miso::kernels::moe_router_kernel<256>(miso::kernels::MoeRouterParams) [clone .kd]",1,1,102306,1059749,1059749,16640,256,0,0,36,0,32,64,0x0,0x708daf3e3580,1.5942584081,94.2115461618,260,0.0000000000,0.4111870343,0,3084,25709,0,37424272764258,37424272787075,37424272912995,37424279859946
102003,"void miso::kernels::moe_gate_up_kernel<256>(miso::kernels::MoeGateUpParams) [clone .kd]",1,1,102307,1059749,1059749,30720,256,512,0,64,0,48,64,0x0,0x708daf3e35c0,30.0660129639,83.4095100970,480,0.0000000000,1.5656869334,797,23712,1256456,10593,37424272887921,37424272912995,37424273076195,37424279742450
102004,"void miso::kernels::moe_down_kernel<(miso::kernels::QType)0, 256>(miso::kernels::MoeDownParams) [clone .kd]",1,1,102308,1059749,1059749,30720,256,18944,0,84,0,32,64,0x0,0x708daf3e3600,20.9679132791,97.0489656411,480,7.4926829268,0.8151520722,203073,21168,765880,21840,37424273020863,37424273076195,37424273212196,37424279626571
102005,"void miso::kernels::add_rmsnorm_kernel<2048u, 512>(miso::kernels::AddRmsNormParams, unsigned int) [clone .kd]",1,1,102309,1059749,1059749,512,512,512,0,28,0,32,64,0x0,0x708db8461680,0.0431586756,98.7695312500,8,0.0000000000,1.5970440943,16,96,616,24,37424273162406,37424273212196,37424273313636,37424279504262
102006,"void miso::kernels::q4k_gemv_kernel<(miso::kernels::ActFormat)1, 2048u, 256, 4>(miso::kernels::Q4kGemvParams) [clone .kd]",1,1,102310,1059749,1059749,61440,256,0,0,72,0,48,64,0x0,0x708db844af40,24.5563203321,96.1684255486,960,0.0000000000,9.3560818948,0,25088,888000,0,37424273289561,37424273313636,37424273461317,37424279385331
102007,"void miso::kernels::q6k_gemv_kernel<2048u, 256, 1>(miso::kernels::Q6kGemvParams) [clone .kd]",1,1,102311,1059749,1059749,61440,256,0,0,60,0,32,64,0x0,0x708db844b040,9.4218620742,97.9865503961,960,0.0000000000,0.3407938713,0,6144,149312,0,37424273415647,37424273461317,37424273575077,37424279186951
102008,"void miso::kernels::attn_prep_kernel<256>(miso::kernels::AttnPrepParams) [clone .kd]",1,1,102312,1059749,1059749,4608,256,1536,0,28,0,64,64,0x0,0x708daf3b2400,0.3948621778,97.9857708255,72,0.0000000000,0.8244310265,86,170,4946,288,37424273551945,37424273575077,37424273748037,37424279020726
102009,"void miso::kernels::attn_split_kernel<256>(miso::kernels::AttnSplitParams) [clone .kd]",1,1,102313,1059749,1059749,4608,256,42496,0,96,0,32,64,0x0,0x708daf3b2440,3.0663556870,96.7503528674,72,0.5309096155,0.1622469070,4957,1136,75006,22824,37424273726086,37424273748037,37424273929638,37424278895488
102010,"void miso::kernels::attn_combine_kernel<256>(miso::kernels::AttnCombineParams) [clone .kd]",1,1,102314,1059749,1059749,4096,256,0,0,16,0,32,64,0x0,0x708daf3b2480,0.4903654035,99.4561464088,64,0.0000000000,0.1367594289,0,2368,9152,0,37424273898329,37424273929638,37424274066918,37424278770137
102011,"void miso::kernels::q4k_gemv_kernel<(miso::kernels::ActFormat)1, 4096u, 256, 4>(miso::kernels::Q4kGemvParams) [clone .kd]",1,1,102315,1059749,1059749,61440,256,0,0,112,0,48,64,0x0,0x708db844afc0,14.1736917697,97.3206595367,960,0.0000000000,1.4799406191,0,16384,451392,0,37424274040437,37424274066918,37424274204039,37424278647081
102012,"void miso::kernels::add_rmsnorm_kernel<2048u, 512>(miso::kernels::AddRmsNormParams, unsigned int) [clone .kd]",1,1,102316,1059749,1059749,512,512,512,0,28,0,32,64,0x0,0x708db8461680,0.0463063454,98.7695312500,8,0.0000000000,0.9866704139,13,96,616,24,37424274164015,37424274204039,37424274321479,37424278522141
102013,"void miso::kernels::moe_router_kernel<256>(miso::kernels::MoeRouterParams) [clone .kd]",1,1,102317,1059749,1059749,16640,256,0,0,36,0,32,64,0x0,0x708daf3e3580,1.6698506094,94.2115461618,260,0.0000000000,0.3278215331,0,3084,25709,0,37424274298216,37424274321479,37424274449639,37424278521502
102014,"void miso::kernels::moe_gate_up_kernel<256>(miso::kernels::MoeGateUpParams) [clone .kd]",1,1,102318,1059749,1059749,30720,256,512,0,64,0,48,64,0x0,0x708daf3e35c0,29.9039642428,83.4046378945,480,0.0000000000,1.2140475858,729,23712,1256456,10593,37424274424651,37424274449639,37424274605960,37424295354133
102015,"void miso::kernels::moe_down_kernel<(miso::kernels::QType)1, 256>(miso::kernels::MoeDownParams) [clone .kd]",1,1,102319,1059749,1059749,30720,256,18944,0,108,0,32,64,0x0,0x708daf3e3640,27.7162663977,98.5068956935,480,6.8354768368,1.2878403749,303756,33456,1113176,21840,37424274548916,37424274605960,37424274745320,37424295234251
102016,"void miso::kernels::add_rmsnorm_kernel<2048u, 512>(miso::kernels::AddRmsNormParams, unsigned int) [clone .kd]",1,1,102320,1059749,1059749,512,512,512,0,28,0,32,64,0x0,0x708db8461680,0.0436800437,98.7695312500,8,0.0000000000,0.4655237934,28,96,616,24,37424274692662,37424274745320,37424274838120,37424295114360
102017,"void miso::kernels::q4k_gemv_kernel<(miso::kernels::ActFormat)1, 2048u, 256, 4>(miso::kernels::Q4kGemvParams) [clone .kd]",1,1,102321,1059749,1059749,61440,256,0,0,72,0,48,64,0x0,0x708db844af40,30.8211772087,95.9913189158,960,0.0000000000,10.9546669652,0,32384,1202640,0,37424274814038,37424274838120,37424274999561,37424294991431
102018,"void miso::kernels::deltanet_step_kernel<256>(miso::kernels::DeltaNetStepParams) [clone .kd]",1,1,102322,1059749,1059749,8192,256,3072,0,184,0,64,64,0x0,0x708db8121400,3.4259130890,99.7167266187,128,0.0000000000,1.4356145342,1532,9536,84096,7616,37424274947669,37424274999561,37424275104841,37424294870938
102019,"void miso::kernels::q4k_gemv_kernel<(miso::kernels::ActFormat)1, 4096u, 256, 4>(miso::kernels::Q4kGemvParams) [clone .kd]",1,1,102323,1059749,1059749,61440,256,0,0,112,0,48,64,0x0,0x708db844afc0,14.0496307713,97.3213026928,960,0.0000000000,1.6246803675,0,16384,451392,0,37424275071372,37424275104841,37424275254602,37424294749019
102020,"void miso::kernels::add_rmsnorm_kernel<2048u, 512>(miso::kernels::AddRmsNormParams, unsigned int) [clone .kd]",1,1,102324,1059749,1059749,512,512,512,0,28,0,32,64,0x0,0x708db8461680,0.0463647165,98.7695312500,8,0.0000000000,0.3812237668,15,96,616,24,37424275214427,37424275254602,37424275355562,37424294620273
102021,"void miso::kernels::moe_router_kernel<256>(miso::kernels::MoeRouterParams) [clone .kd]",1,1,102325,1059749,1059749,16640,256,0,0,36,0,32,64,0x0,0x708daf3e3580,1.7193154996,94.2115461618,260,0.0000000000,0.5074107387,0,3084,25709,0,37424275331778,37424275355562,37424275486122,37424294500755
102022,"void miso::kernels::moe_gate_up_kernel<256>(miso::kernels::MoeGateUpParams) [clone .kd]",1,1,102326,1059749,1059749,30720,256,512,0,64,0,48,64,0x0,0x708daf3e35c0,29.7443564977,83.4063870473,480,0.0000000000,1.5362046410,888,23712,1256456,10593,37424275461586,37424275486122,37424275658923,37424294383562
102023,"void miso::kernels::moe_down_kernel<(miso::kernels::QType)0, 256>(miso::kernels::MoeDownParams) [clone .kd]",1,1,102327,1059749,1059749,30720,256,18944,0,84,0,32,64,0x0,0x708daf3e3600,20.2538428515,97.0493419395,480,7.2375447635,0.5402462194,203396,21168,765880,21840,37424275601716,37424275658923,37424275773963,37424294262040
102024,"void miso::kernels::add_rmsnorm_kernel<2048u, 512>(miso::kernels::AddRmsNormParams, unsigned int) [clone .kd]",1,1,102328,1059749,1059749,512,512,512,0,28,0,32,64,0x0,0x708db8461680,0.0450526553,98.7695312500,8,0.0000000000,0.4913578229,19,96,616,24,37424275727275,37424275773963,37424275886923,37424294141435
102025,"void miso::kernels::q4k_gemv_kernel<(miso::kernels::ActFormat)1, 2048u, 256, 4>(miso::kernels::Q4kGemvParams) [clone .kd]",1,1,102329,1059749,1059749,61440,256,0,0,72,0,48,64,0x0,0x708db844af40,27.6642687158,95.9923432283,960,0.0000000000,9.3586903855,0,32384,1202640,0,37424275863042,37424275886923,37424276042924,37424294020317
102026,"void miso::kernels::deltanet_step_kernel<256>(miso::kernels::DeltaNetStepParams) [clone .kd]",1,1,102330,1059749,1059749,8192,256,3072,0,184,0,64,64,0x0,0x708db8121400,3.3777575274,99.7167266187,128,0.0000000000,1.5359047003,2039,9536,84096,7616,37424275990118,37424276042924,37424276285645,37424293902009
102027,"void miso::kernels::q4k_gemv_kernel<(miso::kernels::ActFormat)1, 4096u, 256, 4>(miso::kernels::Q4kGemvParams) [clone .kd]",1,1,102331,1059749,1059749,61440,256,0,0,112,0,48,64,0x0,0x708db844afc0,13.6145900813,97.3208739211,960,0.0000000000,1.3091909443,0,16384,451392,0,37424276252317,37424276285645,37424276449645,37424293785040
102028,"void miso::kernels::add_rmsnorm_kernel<2048u, 512>(miso::kernels::AddRmsNormParams, unsigned int) [clone .kd]",1,1,102332,1059749,1059749,512,512,512,0,28,0,32,64,0x0,0x708db8461680,0.0432303910,98.7695312500,8,0.0000000000,0.3924759982,13,96,616,24,37424276401711,37424276449645,37424276574925,37424293660190
102029,"void miso::kernels::moe_router_kernel<256>(miso::kernels::MoeRouterParams) [clone .kd]",1,1,102333,1059749,1059749,16640,256,0,0,36,0,32,64,0x0,0x708daf3e3580,1.6398394117,94.2115461618,260,0.0000000000,0.5092611606,0,3084,25709,0,37424276545309,37424276574925,37424276710286,37424293515025
102030,"void miso::kernels::moe_gate_up_kernel<256>(miso::kernels::MoeGateUpParams) [clone .kd]",1,1,102334,1059749,1059749,30720,256,512,0,64,0,48,64,0x0,0x708daf3e35c0,29.7821520162,83.4133547385,480,0.0000000000,1.7015931899,838,23712,1256456,10593,37424276678992,37424276710286,37424276877486,37424293397221
102031,"void miso::kernels::moe_down_kernel<(miso::kernels::QType)0, 256>(miso::kernels::MoeDownParams) [clone .kd]",1,1,102335,1059749,1059749,30720,256,18944,0,84,0,32,64,0x0,0x708daf3e3600,20.9812184420,97.0489656411,480,7.4974373993,0.6462821404,201444,21168,765880,21840,37424276820200,37424276877486,37424276991727,37424293280649
102032,"void miso::kernels::add_rmsnorm_kernel<2048u, 512>(miso::kernels::AddRmsNormParams, unsigned int) [clone .kd]",1,1,102336,1059749,1059749,512,512,512,0,28,0,32,64,0x0,0x708db8461680,0.0446453485,98.7695312500,8,0.0000000000,0.4662028235,29,96,616,24,37424276944846,37424276991727,37424277104047,37424293161788
102033,"void miso::kernels::q6k_gemv_kernel<2048u, 256, 2>(miso::kernels::Q6kGemvParams) [clone .kd]",1,1,102337,1059749,1059749,122880,256,0,0,60,0,32,64,0x0,0x708db844b000,36.8176762884,97.7455319408,1920,0.0000000000,11.3565451709,0,48128,1430784,0,37424277081661,37424277104047,37424277258767,37424293044287
102034,"void miso::kernels::q4k_gemv_kernel<(miso::kernels::ActFormat)1, 2048u, 256, 4>(miso::kernels::Q4kGemvParams) [clone .kd]",1,1,102338,1059749,1059749,61440,256,0,0,72,0,48,64,0x0,0x708db844af40,16.0835948077,96.7254186980,960,0.0000000000,4.2314326597,0,16000,496080,0,37424277210985,37424277258767,37424277382128,37424292923283
102035,"void miso::kernels::deltanet_step_kernel<256>(miso::kernels::DeltaNetStepParams) [clone .kd]",1,1,102339,1059749,1059749,8192,256,3072,0,184,0,64,64,0x0,0x708db8121400,3.4670906993,99.7167266187,128,0.0000000000,1.6806235357,1446,9536,84096,7616,37424277343856,37424277382128,37424277499088,37424292804966
102036,"void miso::kernels::q4k_gemv_kernel<(miso::kernels::ActFormat)1, 4096u, 256, 4>(miso::kernels::Q4kGemvParams) [clone .kd]",1,1,102340,1059749,1059749,61440,256,0,0,112,0,48,64,0x0,0x708db844afc0,14.0978627462,97.3208739211,960,0.0000000000,3.0148867071,0,16384,451392,0,37424277466798,37424277499088,37424277638928,37424292682644
102037,"void miso::kernels::add_rmsnorm_kernel<2048u, 512>(miso::kernels::AddRmsNormParams, unsigned int) [clone .kd]",1,1,102341,1059749,1059749,512,512,512,0,28,0,32,64,0x0,0x708db8461680,0.0424814476,98.7695312500,8,0.0000000000,1.1835216753,20,96,616,24,37424277598579,37424277638928,37424277766929,37424292565294
102038,"void miso::kernels::moe_router_kernel<256>(miso::kernels::MoeRouterParams) [clone .kd]",1,1,102342,1059749,1059749,16640,256,0,0,36,0,32,64,0x0,0x708daf3e3580,1.7445016565,94.2115461618,260,0.0000000000,2.4956051153,0,3084,25709,0,37424277742710,37424277766929,37424277892369,37424292447173
102039,"void miso::kernels::moe_gate_up_kernel<256>(miso::kernels::MoeGateUpParams) [clone .kd]",1,1,102343,1059749,1059749,30720,256,512,0,64,0,48,64,0x0,0x708daf3e35c0,30.0559570514,83.4020903035,480,0.0000000000,1.7519824641,542,23712,1256456,10593,37424277868302,37424277892369,37424278059570,37424292326752
102040,"void miso::kernels::moe_down_kernel<(miso::kernels::QType)1, 256>(miso::kernels::MoeDownParams) [clone .kd]",1,1,102344,1059749,1059749,30720,256,18944,0,108,0,32,64,0x0,0x708daf3e3640,24.6453994258,98.5066320865,480,6.0781132523,1.0240020871,302818,33456,1113176,21840,37424278005946,37424278059570,37424278187250,37424292213277
102041,"void miso::kernels::add_rmsnorm_kernel<2048u, 512>(miso::kernels::AddRmsNormParams, unsigned int) [clone .kd]",1,1,102345,1059749,1059749,512,512,512,0,28,0,32,64,0x0,0x708db8461680,0.0442104972,98.7695312500,8,0.0000000000,1.5476815045,21,96,616,24,37424278133025,37424278187250,37424278292530,37424292091668
102042,"void miso::kernels::q4k_gemv_kernel<(miso::kernels::ActFormat)1, 2048u, 256, 4>(miso::kernels::Q4kGemvParams) [clone .kd]",1,1,102346,1059749,1059749,61440,256,0,0,72,0,48,64,0x0,0x708db844af40,24.5364550025,96.1389396864,960,0.0000000000,8.6047291501,0,26112,932160,0,37424278269064,37424278292530,37424278449971,37424291969664
102043,"void miso::kernels::attn_prep_kernel<256>(miso::kernels::AttnPrepParams) [clone .kd]",1,1,102347,1059749,1059749,4608,256,1536,0,28,0,64,64,0x0,0x708daf3b2400,0.3286507111,97.9857708255,72,0.0000000000,0.8244647289,103,170,4946,288,37424278401516,37424278449971,37424283951906,37424291853911
102044,"void miso::kernels::attn_split_kernel<256>(miso::kernels::AttnSplitParams) [clone .kd]",1,1,102348,1059749,1059749,4608,256,42496,0,96,0,32,64,0x0,0x708daf3b2440,3.1529326444,96.7503528674,72,0.5458995723,0.3191592055,5315,1136,75006,22824,37424283924585,37424283951906,37424284202307,37424291730129
102045,"void miso::kernels::attn_combine_kernel<256>(miso::kernels::AttnCombineParams) [clone .kd]",1,1,102349,1059749,1059749,4096,256,0,0,16,0,32,64,0x0,0x708daf3b2480,0.5029349449,99.4561464088,64,0.0000000000,0.2445082667,0,2368,9152,0,37424284167373,37424284202307,37424284358947,37424291613318
102046,"void miso::kernels::q4k_gemv_kernel<(miso::kernels::ActFormat)1, 4096u, 256, 4>(miso::kernels::Q4kGemvParams) [clone .kd]",1,1,102350,1059749,1059749,61440,256,0,0,112,0,48,64,0x0,0x708db844afc0,13.7826842035,97.3213026928,960,0.0000000000,1.0801437783,0,16384,451392,0,37424284333482,37424284358947,37424284497988,37424291497350
102047,"void miso::kernels::add_rmsnorm_kernel<2048u, 512>(miso::kernels::AddRmsNormParams, unsigned int) [clone .kd]",1,1,102351,1059749,1059749,512,512,512,0,28,0,32,64,0x0,0x708db8461680,0.0427950518,98.7695312500,8,0.0000000000,0.4769743785,19,96,616,24,37424284456758,37424284497988,37424284598148,37424291377872
102048,"void miso::kernels::moe_router_kernel<256>(miso::kernels::MoeRouterParams) [clone .kd]",1,1,102352,1059749,1059749,16640,256,0,0,36,0,32,64,0x0,0x708daf3e3580,1.7189097774,94.2115461618,260,0.0000000000,0.2634782940,0,3084,25709,0,37424284574978,37424284598148,37424284730628,37424291261422
102049,"void miso::kernels::moe_gate_up_kernel<256>(miso::kernels::MoeGateUpParams) [clone .kd]",1,1,102353,1059749,1059749,30720,256,512,0,64,0,48,64,0x0,0x708daf3e35c0,26.9094632960,83.4134848444,480,0.0000000000,2.0083253282,1260,23712,1256456,10593,37424284705549,37424284730628,37424284890149,37424291139195
102050,"void miso::kernels::moe_down_kernel<(miso::kernels::QType)0, 256>(miso::kernels::MoeDownParams) [clone .kd]",1,1,102354,1059749,1059749,30720,256,18944,0,84,0,32,64,0x0,0x708daf3e3600,20.2433727879,97.0477113345,480,7.2336818310,1.1264988641,203128,21168,765880,21840,37424284832912,37424284890149,37424285033509,37424290973052
102051,"void miso::kernels::add_rmsnorm_kernel<2048u, 512>(miso::kernels::AddRmsNormParams, unsigned int) [clone .kd]",1,1,102355,1059749,1059749,512,512,512,0,28,0,32,64,0x0,0x708db8461680,0.0433957147,98.7695312500,8,0.0000000000,0.4932338434,13,96,616,24,37424284985568,37424285033509,37424285149830,37424290856083
102052,"void miso::kernels::q4k_gemv_kernel<(miso::kernels::ActFormat)1, 2048u, 256, 4>(miso::kernels::Q4kGemvParams) [clone .kd]",1,1,102356,1059749,1059749,61440,256,0,0,72,0,48,64,0x0,0x708db844af40,29.9794272102,95.9937615432,960,0.0000000000,12.0272126247,0,32384,1202640,0,37424285126777,37424285149830,37424285314310,37424290726968
102053,"void miso::kernels::deltanet_step_kernel<256>(miso::kernels::DeltaNetStepParams) [clone .kd]",1,1,102357,1059749,1059749,8192,256,3072,0,184,0,64,64,0x0,0x708db8121400,3.4234608665,99.7167266187,128,0.0000000000,2.2562270268,1758,9536,84096,7616,37424285261999,37424285314310,37424285419750,37424290608327
102054,"void miso::kernels::q4k_gemv_kernel<(miso::kernels::ActFormat)1, 4096u, 256, 4>(miso::kernels::Q4kGemvParams) [clone .kd]",1,1,102358,1059749,1059749,61440,256,0,0,112,0,48,64,0x0,0x708db844afc0,13.9620279639,97.3210883065,960,0.0000000000,1.4624929600,0,16384,451392,0,37424285386967,37424285419750,37424285564391,37424290486713
102055,"void miso::kernels::add_rmsnorm_kernel<2048u, 512>(miso::kernels::AddRmsNormParams, unsigned int) [clone .kd]",1,1,102359,1059749,1059749,512,512,512,0,28,0,32,64,0x0,0x708db8461680,0.0417776385,98.7695312500,8,0.0000000000,0.4152234695,13,96,616,24,37424285524690,37424285564391,37424285676871,37424290364042
102056,"void miso::kernels::moe_router_kernel<256>(miso::kernels::MoeRouterParams) [clone .kd]",1,1,102360,1059749,1059749,16640,256,0,0,36,0,32,64,0x0,0x708daf3e3580,1.7552208835,94.2115461618,260,0.0000000000,0.4271781285,0,3084,25709,0,37424285653324,37424285676871,37424285813831,37424290238265
102057,"void miso::kernels::moe_gate_up_kernel<256>(miso::kernels::MoeGateUpParams) [clone .kd]",1,1,102361,1059749,1059749,30720,256,512,0,64,0,48,64,0x0,0x708daf3e35c0,29.5237708871,83.4062622142,480,0.0000000000,1.7466110532,1020,23712,1256456,10593,37424285789289,37424285813831,37424285981192,37424290237774
102058,"void miso::kernels::moe_down_kernel<(miso::kernels::QType)0, 256>(miso::kernels::MoeDownParams) [clone .kd]",1,1,102362,1059749,1059749,30720,256,18944,0,84,0,32,64,0x0,0x708daf3e3600,21.1047647104,97.0477113345,480,7.5414880037,0.5582100872,207059,21168,765880,21840,37424285923978,37424285981192,37424286100712,37424307307522
102059,"void miso::kernels::add_rmsnorm_kernel<2048u, 512>(miso::kernels::AddRmsNormParams, unsigned int) [clone .kd]",1,1,102363,1059749,1059749,512,512,512,0,28,0,32,64,0x0,0x708db8461680,0.0449633970,98.7695312500,8,0.0000000000,0.4748007144,18,96,616,24,37424286051936,37424286100712,37424286201513,37424307191378
102060,"void miso::kernels::q6k_gemv_kernel<2048u, 256, 2>(miso::kernels::Q6kGemvParams) [clone .kd]",1,1,102364,1059749,1059749,122880,256,0,0,60,0,32,64,0x0,0x708db844b000,38.7222803488,97.7443806972,1920,0.0000000000,10.9973225226,0,48128,1430784,0,37424286177974,37424286201513,37424286352713,37424307070224
102061,"void miso::kernels::q4k_gemv_kernel<(miso::kernels::ActFormat)1, 2048u, 256, 4>(miso::kernels::Q4kGemvParams) [clone .kd]",1,1,102365,1059749,1059749,61440,256,0,0,72,0,48,64,0x0,0x708db844af40,17.9848899029,96.7215599917,960,0.0000000000,4.7930259454,0,16000,496080,0,37424286304036,37424286352713,37424286463273,37424306949267
102062,"void miso::kernels::deltanet_step_kernel<256>(miso::kernels::DeltaNetStepParams) [clone .kd]",1,1,102366,1059749,1059749,8192,256,3072,0,184,0,64,64,0x0,0x708db8121400,3.4153383089,99.7167266187,128,0.0000000000,1.6629284760,1863,9536,84096,7616,37424286428228,37424286463273,37424286590474,37424306826493
102063,"void miso::kernels::q4k_gemv_kernel<(miso::kernels::ActFormat)1, 4096u, 256, 4>(miso::kernels::Q4kGemvParams) [clone .kd]",1,1,102367,1059749,1059749,61440,256,0,0,112,0,48,64,0x0,0x708db844afc0,13.6079485842,97.3210883065,960,0.0000000000,1.4781171796,0,16384,451392,0,37424286557880,37424286590474,37424286727434,37424306707639
102064,"void miso::kernels::add_rmsnorm_kernel<2048u, 512>(miso::kernels::AddRmsNormParams, unsigned int) [clone .kd]",1,1,102368,1059749,1059749,512,512,512,0,28,0,32,64,0x0,0x708db8461680,0.0432847732,98.7695312500,8,0.0000000000,0.4506556793,15,96,616,24,37424286686519,37424286727434,37424286835754,37424306592172
102065,"void miso::kernels::moe_router_kernel<256>(miso::kernels::MoeRouterParams) [clone .kd]",1,1,102369,1059749,1059749,16640,256,0,0,36,0,32,64,0x0,0x708daf3e3580,1.6659678280,94.2115461618,260,0.0000000000,0.4118551216,0,3084,25709,0,37424286811949,37424286835754,37424286968395,37424306474435
102066,"void miso::kernels::moe_gate_up_kernel<256>(miso::kernels::MoeGateUpParams) [clone .kd]",1,1,102370,1059749,1059749,30720,256,512,0,64,0,48,64,0x0,0x708daf3e35c0,30.3716480959,83.4114760656,480,0.0000000000,1.5353218210,877,23712,1256456,10593,37424286937389,37424286968395,37424287126475,37424306340324
102067,"void miso::kernels::moe_down_kernel<(miso::kernels::QType)1, 256>(miso::kernels::MoeDownParams) [clone .kd]",1,1,102371,1059749,1059749,30720,256,18944,0,108,0,32,64,0x0,0x708daf3e3640,26.8631453847,98.5010966634,480,6.6246873113,1.7528580710,303567,33456,1113176,21840,37424287069387,37424287126475,37424287249995,37424306222219
102068,"void miso::kernels::add_rmsnorm_kernel<2048u, 512>(miso::kernels::AddRmsNormParams, unsigned int) [clone .kd]",1,1,102372,1059749,1059749,512,512,512,0,28,0,32,64,0x0,0x708db8461680,0.0458741900,98.7695312500,8,0.0000000000,0.4654595552,13,96,616,24,37424287195650,37424287249995,37424287355916,37424306106482
102069,"void miso::kernels::q4k_gemv_kernel<(miso::kernels::ActFormat)1, 2048u, 256, 4>(miso::kernels::Q4kGemvParams) [clone .kd]",1,1,102373,1059749,1059749,61440,256,0,0,72,0,48,64,0x0,0x708db844af40,30.8625424330,95.9923432283,960,0.0000000000,11.6417139907,0,32384,1202640,0,37424287326459,37424287355916,37424287505996,37424305985080
102070,"void miso::kernels::deltanet_step_kernel<256>(miso::kernels::DeltaNetStepParams) [clone .kd]",1,1,102374,1059749,1059749,8192,256,3072,0,184,0,64,64,0x0,0x708db8121400,3.3913553985,99.7167266187,128,0.0000000000,1.6115551077,1808,9536,84096,7616,37424287453843,37424287505996,37424287610477,37424305864000
102071,"void miso::kernels::q4k_gemv_kernel<(miso::kernels::ActFormat)1, 4096u, 256, 4>(miso::kernels::Q4kGemvParams) [clone .kd]",1,1,102375,1059749,1059749,61440,256,0,0,112,0,48,64,0x0,0x708db844afc0,13.5584148716,97.3213026928,960,0.0000000000,2.7042099095,0,16384,451392,0,37424287578319,37424287610477,37424287785517,37424305747453
102072,"void miso::kernels::add_rmsnorm_kernel<2048u, 512>(miso::kernels::AddRmsNormParams, unsigned int) [clone .kd]",1,1,102376,1059749,1059749,512,512,512,0,28,0,32,64,0x0,0x708db8461680,0.0456367033,98.7695312500,8,0.0000000000,1.3404069450,19,96,616,24,37424287745766,37424287785517,37424287933357,37424305632125
102073,"void miso::kernels::moe_router_kernel<256>(miso::kernels::MoeRouterParams) [clone .kd]",1,1,102377,1059749,1059749,16640,256,0,0,36,0,32,64,0x0,0x708daf3e3580,1.7021069440,94.2115461618,260,0.0000000000,4.1556399340,0,3084,25709,0,37424287910336,37424287933357,37424288099438,37424305514860
102074,"void miso::kernels::moe_gate_up_kernel<256>(miso::kernels::MoeGateUpParams) [clone .kd]",1,1,102378,1059749,1059749,30720,256,512,0,64,0,48,64,0x0,0x708daf3e35c0,30.6176025130,83.4061022865,480,0.0000000000,1.5374687058,633,23712,1256456,10593,37424288074686,37424288099438,37424288270958,37424305394425
102075,"void miso::kernels::moe_down_kernel<(miso::kernels::QType)0, 256>(miso::kernels::MoeDownParams) [clone .kd]",1,1,102379,1059749,1059749,30720,256,18944,0,84,0,32,64,0x0,0x708daf3e3600,20.4912788080,97.0482130533,480,7.3223053821,0.5971959696,201619,21168,765880,21840,37424288214575,37424288270958,37424288402799,37424305280803
102076,"void miso::kernels::add_rmsnorm_kernel<2048u, 512>(miso::kernels::AddRmsNormParams, unsigned int) [clone .kd]",1,1,102380,1059749,1059749,512,512,512,0,28,0,32,64,0x0,0x708db8461680,0.0443631121,98.7695312500,8,0.0000000000,1.5928088629,19,96,616,24,37424288346987,37424288402799,37424288518159,37424305163085
102077,"void miso::kernels::q4k_gemv_kernel<(miso::kernels::ActFormat)1, 2048u, 256, 4>(miso::kernels::Q4kGemvParams) [clone .kd]",1,1,102381,1059749,1059749,61440,256,0,0,72,0,48,64,0x0,0x708db844af40,25.0763046447,96.1386341074,960,0.0000000000,9.1644673420,0,26112,932160,0,37424288494541,37424288518159,37424288670479,37424305038260
102078,"void miso::kernels::attn_prep_kernel<256>(miso::kernels::AttnPrepParams) [clone .kd]",1,1,102382,1059749,1059749,4608,256,1536,0,28,0,64,64,0x0,0x708daf3b2400,0.4077711686,97.9857708255,72,0.0000000000,0.7804043815,88,170,4946,288,37424288624676,37424288670479,37424288790800,37424304916403
102079,"void miso::kernels::attn_split_kernel<256>(miso::kernels::AttnSplitParams) [clone .kd]",1,1,102383,1059749,1059749,4608,256,42496,0,96,0,32,64,0x0,0x708daf3b2440,3.0331715980,96.7503528674,72,0.5251641138,0.1631244237,4691,1136,75006,22824,37424288764463,37424288790800,37424288936400,37424304801446
102080,"void miso::kernels::attn_combine_kernel<256>(miso::kernels::AttnCombineParams) [clone .kd]",1,1,102384,1059749,1059749,4096,256,0,0,16,0,32,64,0x0,0x708daf3b2480,0.5015891161,99.4561464088,64,0.0000000000,0.1201773394,0,2368,9152,0,37424288898419,37424288936400,37424289055121,37424304687478
102081,"void miso::kernels::q4k_gemv_kernel<(miso::kernels::ActFormat)1, 4096u, 256, 4>(miso::kernels::Q4kGemvParams) [clone .kd]",1,1,102385,1059749,1059749,61440,256,0,0,112,0,48,64,0x0,0x708db844afc0,13.7488718070,97.3213026928,960,0.0000000000,1.1234092709,0,16384,451392,0,37424289029163,37424289055121,37424289211121,37424304566879
102082,"void miso::kernels::add_rmsnorm_kernel<2048u, 512>(miso::kernels::AddRmsNormParams, unsigned int) [clone .kd]",1,1,102386,1059749,1059749,512,512,512,0,28,0,32,64,0x0,0x708db8461680,0.0443945006,98.7695312500,8,0.0000000000,0.4703284119,16,96,616,24,37424289169454,37424289211121,37424289313521,37424304452272
102083,"void miso::kernels::moe_router_kernel<256>(miso::kernels::MoeRouterParams) [clone .kd]",1,1,102387,1059749,1059749,16640,256,0,0,36,0,32,64,0x0,0x708daf3e3580,1.6791532196,94.2115461618,260,0.0000000000,0.3254639997,0,3084,25709,0,37424289289322,37424289313521,37424289449522,37424304332074
102084,"void miso::kernels::moe_gate_up_kernel<256>(miso::kernels::MoeGateUpParams) [clone .kd]",1,1,102388,1059749,1059749,30720,256,512,0,64,0,48,64,0x0,0x708daf3e35c0,29.7147594679,83.4007891645,480,0.0000000000,1.4399085772,941,23712,1256456,10593,37424289425347,37424289449522,37424289613842,37424304212149
102085,"void miso::kernels::moe_down_kernel<(miso::kernels::QType)0, 256>(miso::kernels::MoeDownParams) [clone .kd]",1,1,102389,1059749,1059749,30720,256,18944,0,84,0,32,64,0x0,0x708daf3e3600,19.2354201783,97.0492165064,480,6.8736108832,0.5244413723,202155,21168,765880,21840,37424289556291,37424289613842,37424289735603,37424304084347
102086,"void miso::kernels::add_rmsnorm_kernel<2048u, 512>(miso::kernels::AddRmsNormParams, unsigned int) [clone .kd]",1,1,102390,1059749,1059749,512,512,512,0,28,0,32,64,0x0,0x708db8461680,0.0465123040,98.7695312500,8,0.0000000000,0.4660761023,22,96,616,24,37424289687438,37424289735603,37424289847443,37424303955434
102087,"void miso::kernels::q6k_gemv_kernel<2048u, 256, 2>(miso::kernels::Q6kGemvParams) [clone .kd]",1,1,102391,1059749,1059749,122880,256,0,0,60,0,32,64,0x0,0x708db844b000,37.7110376037,97.7488503832,1920,0.0000000000,11.6093384402,0,48128,1430784,0,37424289817299,37424289847443,37424290040723,37424303834578
102088,"void miso::kernels::q4k_gemv_kernel<(miso::kernels::ActFormat)1, 2048u, 256, 4>(miso::kernels::Q4kGemvParams) [clone .kd]",1,1,102392,1059749,1059749,61440,256,0,0,72,0,48,64,0x0,0x708db844af40,12.5658320174,96.7209812123,960,0.0000000000,5.6957939078,0,16000,496080,0,37424289991682,37424290040723,37424290174164,37424303716833
102089,"void miso::kernels::deltanet_step_kernel<256>(miso::kernels::DeltaNetStepParams) [clone .kd]",1,1,102393,1059749,1059749,8192,256,3072,0,184,0,64,64,0x0,0x708db8121400,3.1041509645,99.7167266187,128,0.0000000000,1.6494304043,1648,9536,84096,7616,37424290124058,37424290174164,37424295741219,37424303601235
102090,"void miso::kernels::q4k_gemv_kernel<(miso::kernels::ActFormat)1, 4096u, 256, 4>(miso::kernels::Q4kGemvParams) [clone .kd]",1,1,102394,1059749,1059749,61440,256,0,0,112,0,48,64,0x0,0x708db844afc0,13.8316270567,97.3208739211,960,0.0000000000,1.7297292441,0,16384,451392,0,37424295708820,37424295741219,37424295879620,37424303483166
102091,"void miso::kernels::add_rmsnorm_kernel<2048u, 512>(miso::kernels::AddRmsNormParams, unsigned int) [clone .kd]",1,1,102395,1059749,1059749,512,512,512,0,28,0,32,64,0x0,0x708db8461680,0.0440407377,98.7695312500,8,0.0000000000,0.4676556314,16,96,616,24,37424295839479,37424295879620,37424295980740,37424303357779
102092,"void miso::kernels::moe_router_kernel<256>(miso::kernels::MoeRouterParams) [clone .kd]",1,1,102396,1059749,1059749,16640,256,0,0,36,0,32,64,0x0,0x708daf3e3580,1.6942549232,94.2115461618,260,0.0000000000,0.4172488011,0,3084,25709,0,37424295957102,37424295980740,37424296330661,37424303227336
102093,"void miso::kernels::moe_gate_up_kernel<256>(miso::kernels::MoeGateUpParams) [clone .kd]",1,1,102397,1059749,1059749,30720,256,512,0,64,0,48,64,0x0,0x708daf3e35c0,29.6827360560,83.4036828839,480,0.0000000000,1.5640661815,611,23712,1256456,10593,37424296305841,37424296330661,37424296521702,37424302997478
102094,"void miso::kernels::moe_down_kernel<(miso::kernels::QType)1, 256>(miso::kernels::MoeDownParams) [clone .kd]",1,1,102398,1059749,1059749,30720,256,18944,0,108,0,32,64,0x0,0x708daf3e3640,27.2226673659,98.4973188746,480,6.7130911104,0.6009269289,303715,33456,1113176,21840,37424296464617,37424296521702,37424296642342,37424302876545
102095,"void miso::kernels::add_rmsnorm_kernel<2048u, 512>(miso::kernels::AddRmsNormParams, unsigned int) [clone .kd]",1,1,102399,1059749,1059749,512,512,512,0,28,0,32,64,0x0,0x708db8461680,0.0446154704,98.7695312500,8,0.0000000000,0.4912502635,16,96,616,24,37424296588980,37424296642342,37424296743142,37424302755001
102096,"void miso::kernels::q4k_gemv_kernel<(miso::kernels::ActFormat)1, 2048u, 256, 4>(miso::kernels::Q4kGemvParams) [clone .kd]",1,1,102400,1059749,1059749,61440,256,0,0,72,0,48,64,0x0,0x708db844af40,29.6073199183,95.9912401234,960,0.0000000000,11.5450380048,0,32384,1202640,0,37424296719796,37424296743142,37424296900903,37424302636919
102097,"void miso::kernels::deltanet_step_kernel<256>(miso::kernels::DeltaNetStepParams) [clone .kd]",1,1,102401,1059749,1059749,8192,256,3072,0,184,0,64,64,0x0,0x708db8121400,3.3749127439,99.7167266187,128,0.0000000000,3.8314308774,2138,9536,84096,7616,37424296848142,37424296900903,37424297005703,37424302515420
102098,"void miso::kernels::q4k_gemv_kernel<(miso::kernels::ActFormat)1, 4096u, 256, 4>(miso::kernels::Q4kGemvParams) [clone .kd]",1,1,102402,1059749,1059749,61440,256,0,0,112,0,48,64,0x0,0x708db844afc0,14.0784503452,97.3208739211,960,0.0000000000,1.3402876277,0,16384,451392,0,37424296974272,37424297005703,37424297144903,37424302395605
102099,"void miso::kernels::add_rmsnorm_kernel<2048u, 512>(miso::kernels::AddRmsNormParams, unsigned int) [clone .kd]",1,1,102403,1059749,1059749,512,512,512,0,28,0,32,64,0x0,0x708db8461680,0.0443317679,98.7695312500,8,0.0000000000,0.4265901096,15,96,616,24,37424297103794,37424297144903,37424297250344,37424302278293
102100,"void miso::kernels::moe_router_kernel<256>(miso::kernels::MoeRouterParams) [clone .kd]",1,1,102404,1059749,1059749,16640,256,0,0,36,0,32,64,0x0,0x708daf3e3580,1.7798094152,94.2115461618,260,0.0000000000,0.4534924811,0,3084,25709,0,37424297227206,37424297250344,37424297381864,37424302161238
102101,"void miso::kernels::moe_gate_up_kernel<256>(miso::kernels::MoeGateUpParams) [clone .kd]",1,1,102405,1059749,1059749,30720,256,512,0,64,0,48,64,0x0,0x708daf3e35c0,28.4273183773,83.4029208035,480,0.0000000000,2.5580365615,833,23712,1256456,10593,37424297357535,37424297381864,37424297542505,37424302029943
102102,"void miso::kernels::moe_down_kernel<(miso::kernels::QType)0, 256>(miso::kernels::MoeDownParams) [clone .kd]",1,1,102406,1059749,1059749,30720,256,18944,0,84,0,32,64,0x0,0x708daf3e3600,20.5717833365,97.0493419395,480,7.3511581903,1.3605982247,211222,21168,765880,21840,37424297485612,37424297542505,37424297658185,37424301898080
102103,"void miso::kernels::add_rmsnorm_kernel<2048u, 512>(miso::kernels::AddRmsNormParams, unsigned int) [clone .kd]",1,1,102407,1059749,1059749,512,512,512,0,28,0,32,64,0x0,0x708db8461680,0.0424679168,98.7695312500,8,0.0000000000,1.1575709714,19,96,616,24,37424297611387,37424297658185,37424297758985,37424301897665
102104,"void miso::kernels::q4k_gemv_kernel<(miso::kernels::ActFormat)1, 2048u, 256, 4>(miso::kernels::Q4kGemvParams) [clone .kd]",1,1,102408,1059749,1059749,61440,256,0,0,72,0,48,64,0x0,0x708db844af40,29.3068285149,95.9914765009,960,0.0000000000,11.2726502762,0,32384,1202640,0,37424297735981,37424297759048,37424297928329,37424319132211
102105,"void miso::kernels::deltanet_step_kernel<256>(miso::kernels::DeltaNetStepParams) [clone .kd]",1,1,102409,1059749,1059749,8192,256,3072,0,184,0,64,64,0x0,0x708db8121400,3.3181153582,99.7167266187,128,0.0000000000,3.3805047831,2056,9536,84096,7616,37424297867496,37424297928329,37424298031209,37424319018516
102106,"void miso::kernels::q4k_gemv_kernel<(miso::kernels::ActFormat)1, 4096u, 256, 4>(miso::kernels::Q4kGemvParams) [clone .kd]",1,1,102410,1059749,1059749,61440,256,0,0,112,0,48,64,0x0,0x708db844afc0,14.1664638218,97.3210883065,960,0.0000000000,1.7269483636,0,16384,451392,0,37424297997851,37424298031209,37424298212649,37424318907939
102107,"void miso::kernels::add_rmsnorm_kernel<2048u, 512>(miso::kernels::AddRmsNormParams, unsigned int) [clone .kd]",1,1,102411,1059749,1059749,512,512,512,0,28,0,32,64,0x0,0x708db8461680,0.0435072263,98.7695312500,8,0.0000000000,0.4415552557,17,96,616,24,37424298172907,37424298212649,37424298439850,37424318795081
102108,"void miso::kernels::moe_router_kernel<256>(miso::kernels::MoeRouterParams) [clone .kd]",1,1,102412,1059749,1059749,16640,256,0,0,36,0,32,64,0x0,0x708daf3e3580,1.6617870722,94.2115461618,260,0.0000000000,4.3655743282,0,3084,25709,0,37424298415989,37424298439850,37424298568970,37424318687398
102109,"void miso::kernels::moe_gate_up_kernel<256>(miso::kernels::MoeGateUpParams) [clone .kd]",1,1,102413,1059749,1059749,30720,256,512,0,64,0,48,64,0x0,0x708daf3e35c0,29.5710809212,83.4141842033,480,0.0000000000,1.3998440075,796,23712,1256456,10593,37424298543713,37424298568970,37424298732331,37424318578205
102110,"void miso::kernels::moe_down_kernel<(miso::kernels::QType)0, 256>(miso::kernels::MoeDownParams) [clone .kd]",1,1,102414,1059749,1059749,30720,256,18944,0,84,0,32,64,0x0,0x708daf3e3600,20.6056683871,97.0492165064,480,7.3632572186,0.6963829883,201501,21168,765880,21840,37424298675472,37424298732331,37424298853611,37424318470193
102111,"void miso::kernels::add_rmsnorm_kernel<2048u, 512>(miso::kernels::AddRmsNormParams, unsigned int) [clone .kd]",1,1,102415,1059749,1059749,512,512,512,0,28,0,32,64,0x0,0x708db8461680,0.0420941857,98.7695312500,8,0.0000000000,1.0124365382,19,96,616,24,37424298805273,37424298853611,37424298953932,37424318351460
102112,"void miso::kernels::q4k_gemv_kernel<(miso::kernels::ActFormat)1, 2048u, 256, 4>(miso::kernels::Q4kGemvParams) [clone .kd]",1,1,102416,1059749,1059749,61440,256,0,0,72,0,48,64,0x0,0x708db844af40,24.3284624127,96.1707788582,960,0.0000000000,8.7372358391,0,25088,888000,0,37424298930104,37424298953932,37424299106572,37424318236748
102113,"void miso::kernels::q6k_gemv_kernel<2048u, 256, 1>(miso::kernels::Q6kGemvParams) [clone .kd]",1,1,102417,1059749,1059749,61440,256,0,0,60,0,32,64,0x0,0x708db844b040,9.1948623853,97.9885057471,960,0.0000000000,0.2786321694,0,6144,149312,0,37424299062669,37424299106572,37424299227532,37424318126064
102114,"void miso::kernels::attn_prep_kernel<256>(miso::kernels::AttnPrepParams) [clone .kd]",1,1,102418,1059749,1059749,4608,256,1536,0,28,0,64,64,0x0,0x708daf3b2400,0.3933167289,97.9857708255,72,0.0000000000,1.4245886033,92,170,4946,288,37424299195524,37424299227532,37424299349133,37424318010155
102115,"void miso::kernels::attn_split_kernel<256>(miso::kernels::AttnSplitParams) [clone .kd]",1,1,102419,1059749,1059749,4608,256,42496,0,96,0,32,64,0x0,0x708daf3b2440,3.2508263445,96.7503528674,72,0.5628489128,0.2194451503,4927,1136,75006,22824,37424299327662,37424299349133,37424299483693,37424317895590
102116,"void miso::kernels::attn_combine_kernel<256>(miso::kernels::AttnCombineParams) [clone .kd]",1,1,102420,1059749,1059749,4096,256,0,0,16,0,32,64,0x0,0x708daf3b2480,0.4920400292,99.4561464088,64,0.0000000000,0.2049693889,0,2368,9152,0,37424299454126,37424299483693,37424299624973,37424317785078
102117,"void miso::kernels::q4k_gemv_kernel<(miso::kernels::ActFormat)1, 4096u, 256, 4>(miso::kernels::Q4kGemvParams) [clone .kd]",1,1,102421,1059749,1059749,61440,256,0,0,112,0,48,64,0x0,0x708db844afc0,13.8114883778,97.3204451533,960,0.0000000000,1.5063137835,0,16384,451392,0,37424299592283,37424299624973,37424299762894,37424317676229
102118,"void miso::kernels::add_rmsnorm_kernel<2048u, 512>(miso::kernels::AddRmsNormParams, unsigned int) [clone .kd]",1,1,102422,1059749,1059749,512,512,512,0,28,0,32,64,0x0,0x708db8461680,0.0433692485,98.7695312500,8,0.0000000000,0.3981686412,16,96,616,24,37424299723009,37424299762894,37424299874094,37424317559291
102119,"void miso::kernels::moe_router_kernel<256>(miso::kernels::MoeRouterParams) [clone .kd]",1,1,102423,1059749,1059749,16640,256,0,0,36,0,32,64,0x0,0x708daf3e3580,1.7535307334,94.2115461618,260,0.0000000000,0.2843394576,0,3084,25709,0,37424299851155,37424299874094,37424300000495,37424317438572
102120,"void miso::kernels::moe_gate_up_kernel<256>(miso::kernels::MoeGateUpParams) [clone .kd]",1,1,102424,1059749,1059749,30720,256,512,0,64,0,48,64,0x0,0x708daf3e35c0,29.6105316932,83.4012041552,480,0.0000000000,1.9193459864,1038,23712,1256456,10593,37424299975220,37424300000495,37424300216815,37424317322203
102121,"void miso::kernels::moe_down_kernel<(miso::kernels::QType)1, 256>(miso::kernels::MoeDownParams) [clone .kd]",1,1,102425,1059749,1059749,30720,256,18944,0,108,0,32,64,0x0,0x708daf3e3640,25.2937486744,98.5102348389,480,6.2382389971,0.8506519270,302462,33456,1113176,21840,37424300159850,37424300216815,37424300337455,37424317212900
102122,"void miso::kernels::add_rmsnorm_kernel<2048u, 512>(miso::kernels::AddRmsNormParams, unsigned int) [clone .kd]",1,1,102426,1059749,1059749,512,512,512,0,28,0,32,64,0x0,0x708db8461680,0.0446584328,98.7695312500,8,0.0000000000,0.4718761797,18,96,616,24,37424300284784,37424300337455,37424300728817,37424317069338
102123,"void miso::kernels::q4k_gemv_kernel<(miso::kernels::ActFormat)1, 2048u, 256, 4>(miso::kernels::Q4kGemvParams) [clone .kd]",1,1,102427,1059749,1059749,61440,256,0,0,72,0,48,64,0x0,0x708db844af40,29.1382287660,95.9913189158,960,0.0000000000,10.2471588222,0,32384,1202640,0,37424300705505,37424300728817,37424300886577,37424316947113
102124,"void miso::kernels::deltanet_step_kernel<256>(miso::kernels::DeltaNetStepParams) [clone .kd]",1,1,102428,1059749,1059749,8192,256,3072,0,184,0,64,64,0x0,0x708db8121400,3.5630747541,99.7167266187,128,0.0000000000,2.7662082065,1459,9536,84096,7616,37424300835532,37424300886577,37424300995857,37424316789394
102125,"void miso::kernels::q4k_gemv_kernel<(miso::kernels::ActFormat)1, 4096u, 256, 4>(miso::kernels::Q4kGemvParams) [clone .kd]",1,1,102429,1059749,1059749,61440,256,0,0,112,0,48,64,0x0,0x708db844afc0,13.7571217301,97.3213026928,960,0.0000000000,1.6674480247,0,16384,451392,0,37424300964546,37424300995857,37424301130738,37424316616464
102126,"void miso::kernels::add_rmsnorm_kernel<2048u, 512>(miso::kernels::AddRmsNormParams, unsigned int) [clone .kd]",1,1,102430,1059749,1059749,512,512,512,0,28,0,32,64,0x0,0x708db8461680,0.0453379805,98.7695312500,8,0.0000000000,0.4145607953,21,96,616,24,37424301089700,37424301130738,37424301249618,37424316505929
102127,"void miso::kernels::moe_router_kernel<256>(miso::kernels::MoeRouterParams) [clone .kd]",1,1,102431,1059749,1059749,16640,256,0,0,36,0,32,64,0x0,0x708daf3e3580,1.7295896157,94.2115461618,260,0.0000000000,0.4270852345,0,3084,25709,0,37424301225918,37424301249618,37424301384498,37424316389298
102128,"void miso::kernels::moe_gate_up_kernel<256>(miso::kernels::MoeGateUpParams) [clone .kd]",1,1,102432,1059749,1059749,30720,256,512,0,64,0,48,64,0x0,0x708daf3e35c0,29.6308510783,83.4097279793,480,0.0000000000,1.4587187861,859,23712,1256456,10593,37424301359738,37424301384498,37424301550419,37424316278103
102129,"void miso::kernels::moe_down_kernel<(miso::kernels::QType)0, 256>(miso::kernels::MoeDownParams) [clone .kd]",1,1,102433,1059749,1059749,30720,256,18944,0,84,0,32,64,0x0,0x708daf3e3600,21.1522373860,97.0490910736,480,7.5585591497,1.8401196435,203172,21168,765880,21840,37424301486525,37424301550419,37424301667699,37424316164161
102130,"void miso::kernels::add_rmsnorm_kernel<2048u, 512>(miso::kernels::AddRmsNormParams, unsigned int) [clone .kd]",1,1,102434,1059749,1059749,512,512,512,0,28,0,32,64,0x0,0x708db8461680,0.0459690858,98.7695312500,8,0.0000000000,0.5197233941,18,96,616,24,37424301618782,37424301667699,37424301767540,37424316043227
102131,"void miso::kernels::q4k_gemv_kernel<(miso::kernels::ActFormat)1, 2048u, 256, 4>(miso::kernels::Q4kGemvParams) [clone .kd]",1,1,102435,1059749,1059749,61440,256,0,0,72,0,48,64,0x0,0x708db844af40,26.2586863932,95.9932887669,960,0.0000000000,11.2643555508,0,32384,1202640,0,37424301743684,37424301767540,37424307722916,37424315935234
102132,"void miso::kernels::deltanet_step_kernel<256>(miso::kernels::DeltaNetStepParams) [clone .kd]",1,1,102436,1059749,1059749,8192,256,3072,0,184,0,64,64,0x0,0x708db8121400,3.2397392476,99.7167266187,128,0.0000000000,1.7784099998,1978,9536,84096,7616,37424307669214,37424307722916,37424307872037,37424315825438
102133,"void miso::kernels::q4k_gemv_kernel<(miso::kernels::ActFormat)1, 4096u, 256, 4>(miso::kernels::Q4kGemvParams) [clone .kd]",1,1,102437,1059749,1059749,61440,256,0,0,112,0,48,64,0x0,0x708db844afc0,13.5579289418,97.3213026928,960,0.0000000000,1.9073188340,0,16384,451392,0,37424307838113,37424307872037,37424308004037,37424315717404
102134,"void miso::kernels::add_rmsnorm_kernel<2048u, 512>(miso::kernels::AddRmsNormParams, unsigned int) [clone .kd]",1,1,102438,1059749,1059749,512,512,512,0,28,0,32,64,0x0,0x708db8461680,0.0456992702,98.7695312500,8,0.0000000000,0.4454366327,17,96,616,24,37424307963568,37424308004037,37424308117477,37424315606615
102135,"void miso::kernels::moe_router_kernel<256>(miso::kernels::MoeRouterParams) [clone .kd]",1,1,102439,1059749,1059749,16640,256,0,0,36,0,32,64,0x0,0x708daf3e3580,1.6089901705,94.2115461618,260,0.0000000000,0.4460058331,0,3084,25709,0,37424308094000,37424308117477,37424308247718,37424315492501
102136,"void miso::kernels::moe_gate_up_kernel<256>(miso::kernels::MoeGateUpParams) [clone .kd]",1,1,102440,1059749,1059749,30720,256,512,0,64,0,48,64,0x0,0x708daf3e35c0,30.1921179768,83.4140596192,480,0.0000000000,1.3638551470,720,23712,1256456,10593,37424308222151,37424308247718,37424308406918,37424315381155
102137,"void miso::kernels::moe_down_kernel<(miso::kernels::QType)0, 256>(miso::kernels::MoeDownParams) [clone .kd]",1,1,102441,1059749,1059749,30720,256,18944,0,84,0,32,64,0x0,0x708daf3e3600,21.1251085301,97.0479621932,480,7.5487770916,0.7115883006,207721,21168,765880,21840,37424308350096,37424308406918,37424308541479,37424315267031
102138,"void miso::kernels::add_rmsnorm_kernel<2048u, 512>(miso::kernels::AddRmsNormParams, unsigned int) [clone .kd]",1,1,102442,1059749,1059749,512,512,512,0,28,0,32,64,0x0,0x708db8461680,0.0458722172,98.7695312500,8,0.0000000000,0.5273156033,20,96,616,24,37424308493618,37424308541479,37424308640199,37424315151090
102139,"void miso::kernels::q6k_gemv_kernel<2048u, 256, 2>(miso::kernels::Q6kGemvParams) [clone .kd]",1,1,102443,1059749,1059749,122880,256,0,0,60,0,32,64,0x0,0x708db844b000,39.5166951398,97.7445161362,1920,0.0000000000,12.1321522871,0,48128,1430784,0,37424308616865,37424308640199,37424308801959,37424314977693
102140,"void miso::kernels::q4k_gemv_kernel<(miso::kernels::ActFormat)1, 2048u, 256, 4>(miso::kernels::Q4kGemvParams) [clone .kd]",1,1,102444,1059749,1059749,61440,256,0,0,72,0,48,64,0x0,0x708db844af40,18.0943409846,96.7173157704,960,0.0000000000,5.0711800738,0,16000,496080,0,37424308754564,37424308801959,37424308916520,37424314862074
102141,"void miso::kernels::deltanet_step_kernel<256>(miso::kernels::DeltaNetStepParams) [clone .kd]",1,1,102445,1059749,1059749,8192,256,3072,0,184,0,64,64,0x0,0x708db8121400,3.2683052280,99.7167266187,128,0.0000000000,1.8156394992,1717,9536,84096,7616,37424308881283,37424308916520,37424309037480,37424314695594
102142,"void miso::kernels::q4k_gemv_kernel<(miso::kernels::ActFormat)1, 4096u, 256, 4>(miso::kernels::Q4kGemvParams) [clone .kd]",1,1,102446,1059749,1059749,61440,256,0,0,112,0,48,64,0x0,0x708db844afc0,13.4402145915,97.3208739211,960,0.0000000000,2.3561806592,0,16384,451392,0,37424309007752,37424309037480,37424309198121,37424314467513
102143,"void miso::kernels::add_rmsnorm_kernel<2048u, 512>(miso::kernels::AddRmsNormParams, unsigned int) [clone .kd]",1,1,102447,1059749,1059749,512,512,512,0,28,0,32,64,0x0,0x708db8461680,0.0429052197,98.7695312500,8,0.0000000000,1.3419518650,18,96,616,24,37424309151263,37424309198121,37424309302601,37424314243687
102144,"void miso::kernels::moe_router_kernel<256>(miso::kernels::MoeRouterParams) [clone .kd]",1,1,102448,1059749,1059749,16640,256,0,0,36,0,32,64,0x0,0x708daf3e3580,1.6935983880,94.2115461618,260,0.0000000000,4.9283958325,0,3084,25709,0,37424309279791,37424309302601,37424309441961,37424313958219
102145,"void miso::kernels::moe_gate_up_kernel<256>(miso::kernels::MoeGateUpParams) [clone .kd]",1,1,102449,1059749,1059749,30720,256,512,0,64,0,48,64,0x0,0x708daf3e35c0,29.4525839584,83.4104647275,480,0.0000000000,1.3501147033,797,23712,1256456,10593,37424309417103,37424309441961,37424309604842,37424313780927
102146,"void miso::kernels::moe_down_kernel<(miso::kernels::QType)1, 256>(miso::kernels::MoeDownParams) [clone .kd]",1,1,102450,1059749,1059749,30720,256,18944,0,108,0,32,64,0x0,0x708daf3e3640,27.1649219734,98.5086531102,480,6.6996219831,1.4415971799,303604,33456,1113176,21840,37424309547737,37424309604842,37424309726922,37424313779995
102147,"void miso::kernels::add_rmsnorm_kernel<2048u, 512>(miso::kernels::AddRmsNormParams, unsigned int) [clone .kd]",1,1,102451,1059749,1059749,512,512,512,0,28,0,32,64,0x0,0x708db8461680,0.0443188743,98.7695312500,8,0.0000000000,0.9597498714,18,96,616,24,37424309673513,37424309726922,37424309821962,37424330360298
102148,"void miso::kernels::q4k_gemv_kernel<(miso::kernels::ActFormat)1, 2048u, 256, 4>(miso::kernels::Q4kGemvParams) [clone .kd]",1,1,102452,1059749,1059749,61440,256,0,0,72,0,48,64,0x0,0x708db844af40,24.6565360714,96.1668210853,960,0.0000000000,9.4286784220,0,25088,888000,0,37424309799140,37424309821962,37424309971883,37424330244508
102149,"void miso::kernels::q6k_gemv_kernel<2048u, 256, 1>(miso::kernels::Q6kGemvParams) [clone .kd]",1,1,102453,1059749,1059749,61440,256,0,0,60,0,32,64,0x0,0x708db844b040,9.5469613260,97.9885057471,960,0.0000000000,0.2598675693,0,6144,149312,0,37424309927054,37424309971883,37424310081483,37424330127873
102150,"void miso::kernels::attn_prep_kernel<256>(miso::kernels::AttnPrepParams) [clone .kd]",1,1,102454,1059749,1059749,4608,256,1536,0,28,0,64,64,0x0,0x708daf3b2400,0.3880356882,97.9857708255,72,0.0000000000,0.8802737119,87,170,4946,288,37424310057906,37424310081483,37424310207403,37424330011675
102151,"void miso::kernels::attn_split_kernel<256>(miso::kernels::AttnSplitParams) [clone .kd]",1,1,102455,1059749,1059749,4608,256,42496,0,96,0,32,64,0x0,0x708daf3b2440,3.0764900769,96.7503528674,72,0.5326642864,0.2491470090,4688,1136,75006,22824,37424310184641,37424310207403,37424310341644,37424329894457
102152,"void miso::kernels::attn_combine_kernel<256>(miso::kernels::AttnCombineParams) [clone .kd]",1,1,102456,1059749,1059749,4096,256,0,0,16,0,32,64,0x0,0x708daf3b2480,0.7181203893,99.4561464088,64,0.0000000000,0.1064239005,0,2368,9152,0,37424310310961,37424310341644,37424310466604,37424329783795
102153,"void miso::kernels::q4k_gemv_kernel<(miso::kernels::ActFormat)1, 4096u, 256, 4>(miso::kernels::Q4kGemvParams) [clone .kd]",1,1,102457,1059749,1059749,61440,256,0,0,112,0,48,64,0x0,0x708db844afc0,13.0360568363,97.3213026928,960,0.0000000000,1.4947749410,0,16384,451392,0,37424310441195,37424310466604,37424310608205,37424329672202
102154,"void miso::kernels::add_rmsnorm_kernel<2048u, 512>(miso::kernels::AddRmsNormParams, unsigned int) [clone .kd]",1,1,102458,1059749,1059749,512,512,512,0,28,0,32,64,0x0,0x708db8461680,0.0466220843,98.7695312500,8,0.0000000000,0.3884195780,15,96,616,24,37424310566778,37424310608205,37424310714605,37424329559950
102155,"void miso::kernels::moe_router_kernel<256>(miso::kernels::MoeRouterParams) [clone .kd]",1,1,102459,1059749,1059749,16640,256,0,0,36,0,32,64,0x0,0x708daf3e3580,1.7225681854,94.2115461618,260,0.0000000000,0.2676114734,0,3084,25709,0,37424310692128,37424310714605,37424310839245,37424329443649
102156,"void miso::kernels::moe_gate_up_kernel<256>(miso::kernels::MoeGateUpParams) [clone .kd]",1,1,102460,1059749,1059749,30720,256,512,0,64,0,48,64,0x0,0x708daf3e35c0,27.3317350826,83.4053723112,480,0.0000000000,2.0948922718,911,23712,1256456,10593,37424310814248,37424310839245,37424311038606,37424329330133
102157,"void miso::kernels::moe_down_kernel<(miso::kernels::QType)1, 256>(miso::kernels::MoeDownParams) [clone .kd]",1,1,102461,1059749,1059749,30720,256,18944,0,108,0,32,64,0x0,0x708daf3e3640,25.6154289083,98.5080380073,480,6.3174346390,0.9795885459,303368,33456,1113176,21840,37424310980243,37424311038606,37424311490767,37424329207091
102158,"void miso::kernels::add_rmsnorm_kernel<2048u, 512>(miso::kernels::AddRmsNormParams, unsigned int) [clone .kd]",1,1,102462,1059749,1059749,512,512,512,0,28,0,32,64,0x0,0x708db8461680,0.0444351871,98.7695312500,8,0.0000000000,0.4335642734,16,96,616,24,37424311432318,37424311490767,37424311629807,37424329091791
102159,"void miso::kernels::q6k_gemv_kernel<2048u, 256, 2>(miso::kernels::Q6kGemvParams) [clone .kd]",1,1,102463,1059749,1059749,122880,256,0,0,60,0,32,64,0x0,0x708db844b000,39.7836908168,97.7420105750,1920,0.0000000000,12.0961151384,0,48128,1430784,0,37424311606444,37424311629807,37424311790928,37424328973704
102160,"void miso::kernels::q4k_gemv_kernel<(miso::kernels::ActFormat)1, 2048u, 256, 4>(miso::kernels::Q4kGemvParams) [clone .kd]",1,1,102464,1059749,1059749,61440,256,0,0,72,0,48,64,0x0,0x708db844af40,16.6860705062,96.7202095172,960,0.0000000000,5.3409166648,0,16000,496080,0,37424311742776,37424311790928,37424311906448,37424328855962
102161,"void miso::kernels::deltanet_step_kernel<256>(miso::kernels::DeltaNetStepParams) [clone .kd]",1,1,102465,1059749,1059749,8192,256,3072,0,184,0,64,64,0x0,0x708db8121400,3.3216835439,99.7167266187,128,0.0000000000,1.5009317677,1376,9536,84096,7616,37424311869296,37424311906448,37424312030449,37424328703607
102162,"void miso::kernels::q4k_gemv_kernel<(miso::kernels::ActFormat)1, 4096u, 256, 4>(miso::kernels::Q4kGemvParams) [clone .kd]",1,1,102466,1059749,1059749,61440,256,0,0,112,0,48,64,0x0,0x708db844afc0,14.0638573402,97.3204451533,960,0.0000000000,1.7662513694,0,16384,451392,0,37424311997407,37424312030449,37424312175729,37424328543127
102163,"void miso::kernels::add_rmsnorm_kernel<2048u, 512>(miso::kernels::AddRmsNormParams, unsigned int) [clone .kd]",1,1,102467,1059749,1059749,512,512,512,0,28,0,32,64,0x0,0x708db8461680,0.0450697877,98.7695312500,8,0.0000000000,0.4079921469,16,96,616,24,37424312135779,37424312175729,37424312291889,37424328416314
102164,"void miso::kernels::moe_router_kernel<256>(miso::kernels::MoeRouterParams) [clone .kd]",1,1,102468,1059749,1059749,16640,256,0,0,36,0,32,64,0x0,0x708daf3e3580,1.7540233575,94.2115461618,260,0.0000000000,0.4746523811,0,3084,25709,0,37424312268593,37424312291889,37424312436850,37424328291081
102165,"void miso::kernels::moe_gate_up_kernel<256>(miso::kernels::MoeGateUpParams) [clone .kd]",1,1,102469,1059749,1059749,30720,256,512,0,64,0,48,64,0x0,0x708daf3e35c0,28.8877494310,83.4110704707,480,0.0000000000,2.0937805678,735,23712,1256456,10593,37424312405986,37424312436850,37424312593490,37424328122658
102166,"void miso::kernels::moe_down_kernel<(miso::kernels::QType)1, 256>(miso::kernels::MoeDownParams) [clone .kd]",1,1,102470,1059749,1059749,30720,256,18944,0,108,0,32,64,0x0,0x708daf3e3640,28.1847779085,98.5045232805,480,6.9508552810,0.9971812099,301435,33456,1113176,21840,37424312534492,37424312593490,37424312718290,37424327978912
102167,"void miso::kernels::add_rmsnorm_kernel<2048u, 512>(miso::kernels::AddRmsNormParams, unsigned int) [clone .kd]",1,1,102471,1059749,1059749,512,512,512,0,28,0,32,64,0x0,0x708db8461680,0.0458091762,98.7695312500,8,0.0000000000,0.4186578442,20,96,616,24,37424312665892,37424312718290,37424312814611,37424327853589
102168,"void miso::kernels::q6k_gemv_kernel<2048u, 256, 2>(miso::kernels::Q6kGemvParams) [clone .kd]",1,1,102472,1059749,1059749,122880,256,0,0,60,0,32,64,0x0,0x708db844b000,36.0320681805,97.7434326345,1920,0.0000000000,10.5238340824,0,48128,1430784,0,37424312791533,37424312814611,37424312973171,37424327744585
102169,"void miso::kernels::q4k_gemv_kernel<(miso::kernels::ActFormat)1, 2048u, 256, 4>(miso::kernels::Q4kGemvParams) [clone .kd]",1,1,102473,1059749,1059749,61440,256,0,0,72,0,48,64,0x0,0x708db844af40,17.2426743706,96.7192449157,960,0.0000000000,4.5775824268,0,16000,496080,0,37424312923158,37424312973171,37424313089332,37424327634046
102170,"void miso::kernels::deltanet_step_kernel<256>(miso::kernels::DeltaNetStepParams) [clone .kd]",1,1,102474,1059749,1059749,8192,256,3072,0,184,0,64,64,0x0,0x708db8121400,3.3859340626,99.7167266187,128,0.0000000000,3.2062371693,1787,9536,84096,7616,37424313054792,37424313089332,37424313216692,37424327532038
102171,"void miso::kernels::q4k_gemv_kernel<(miso::kernels::ActFormat)1, 4096u, 256, 4>(miso::kernels::Q4kGemvParams) [clone .kd]",1,1,102475,1059749,1059749,61440,256,0,0,112,0,48,64,0x0,0x708db844afc0,13.2464925182,97.3213026928,960,0.0000000000,1.7370126963,0,16384,451392,0,37424313183347,37424313216692,37424313387252,37424327430555
102172,"void miso::kernels::add_rmsnorm_kernel<2048u, 512>(miso::kernels::AddRmsNormParams, unsigned int) [clone .kd]",1,1,102476,1059749,1059749,512,512,512,0,28,0,32,64,0x0,0x708db8461680,0.0443372960,98.7695312500,8,0.0000000000,0.4262287970,15,96,616,24,37424313346062,37424313387252,37424313530613,37424327323249
102173,"void miso::kernels::moe_router_kernel<256>(miso::kernels::MoeRouterParams) [clone .kd]",1,1,102477,1059749,1059749,16640,256,0,0,36,0,32,64,0x0,0x708daf3e3580,1.6879731191,94.2115461618,260,0.0000000000,0.4586535862,0,3084,25709,0,37424313500206,37424313530613,37424313655573,37424327207238
102174,"void miso::kernels::moe_gate_up_kernel<256>(miso::kernels::MoeGateUpParams) [clone .kd]",1,1,102478,1059749,1059749,30720,256,512,0,64,0,48,64,0x0,0x708daf3e35c0,28.4141331320,83.4046408339,480,0.0000000000,1.3921934281,783,23712,1256456,10593,37424313630526,37424313655573,37424314090453,37424327098060
102175,"void miso::kernels::moe_down_kernel<(miso::kernels::QType)1, 256>(miso::kernels::MoeDownParams) [clone .kd]",1,1,102479,1059749,1059749,30720,256,18944,0,108,0,32,64,0x0,0x708daf3e3640,24.0712469832,98.5057534063,480,5.9364613125,1.0532962530,303175,33456,1113176,21840,37424314027142,37424314090453,37424314825175,37424326919554
102176,"void miso::kernels::add_rmsnorm_kernel<2048u, 512>(miso::kernels::AddRmsNormParams, unsigned int) [clone .kd]",1,1,102480,1059749,1059749,512,512,512,0,28,0,32,64,0x0,0x708db8461680,0.0414014387,98.7695312500,8,0.0000000000,0.4174052851,20,96,616,24,37424314759628,37424314825175,37424319710309,37424326814934
102177,"void miso::kernels::q6k_gemv_kernel<2048u, 256, 2>(miso::kernels::Q6kGemvParams) [clone .kd]",1,1,102481,1059749,1059749,122880,256,0,0,60,0,32,64,0x0,0x708db844b000,39.2427949973,97.7459382686,1920,0.0000000000,12.5898250953,0,48128,1430784,0,37424319693929,37424319710309,37424319924070,37424326714452
102178,"void miso::kernels::q4k_gemv_kernel<(miso::kernels::ActFormat)1, 2048u, 256, 4>(miso::kernels::Q4kGemvParams) [clone .kd]",1,1,102482,1059749,1059749,61440,256,0,0,72,0,48,64,0x0,0x708db844af40,18.3655353820,96.7259975305,960,0.0000000000,5.1128474135,0,16000,496080,0,37424319870935,37424319924070,37424320034470,37424326608450
102179,"void miso::kernels::deltanet_step_kernel<256>(miso::kernels::DeltaNetStepParams) [clone .kd]",1,1,102483,1059749,1059749,8192,256,3072,0,184,0,64,64,0x0,0x708db8121400,3.1923750467,99.7167266187,128,0.0000000000,4.1044611551,1639,9536,84096,7616,37424320004940,37424320034470,37424320165191,37424326495755
102180,"void miso::kernels::q4k_gemv_kernel<(miso::kernels::ActFormat)1, 4096u, 256, 4>(miso::kernels::Q4kGemvParams) [clone .kd]",1,1,102484,1059749,1059749,61440,256,0,0,112,0,48,64,0x0,0x708db844afc0,13.5266896704,97.3210883065,960,0.0000000000,2.1656316861,0,16384,451392,0,37424320131762,37424320165191,37424320304391,37424326394424
102181,"void miso::kernels::add_rmsnorm_kernel<2048u, 512>(miso::kernels::AddRmsNormParams, unsigned int) [clone .kd]",1,1,102485,1059749,1059749,512,512,512,0,28,0,32,64,0x0,0x708db8461680,0.0427813206,98.7695312500,8,0.0000000000,0.9770233906,19,96,616,24,37424320264590,37424320304391,37424320420231,37424326235401
102182,"void miso::kernels::moe_router_kernel<256>(miso::kernels::MoeRouterParams) [clone .kd]",1,1,102486,1059749,1059749,16640,256,0,0,36,0,32,64,0x0,0x708daf3e3580,1.6720866172,94.2115461618,260,0.0000000000,5.8314230294,0,3084,25709,0,37424320398879,37424320420231,37424320562952,37424326126514
102183,"void miso::kernels::moe_gate_up_kernel<256>(miso::kernels::MoeGateUpParams) [clone .kd]",1,1,102487,1059749,1059749,30720,256,512,0,64,0,48,64,0x0,0x708daf3e35c0,28.7223070042,83.4059127718,480,0.0000000000,1.5422046944,795,23712,1256456,10593,37424320538221,37424320562952,37424320724232,37424326016838
102184,"void miso::kernels::moe_down_kernel<(miso::kernels::QType)1, 256>(miso::kernels::MoeDownParams) [clone .kd]",1,1,102488,1059749,1059749,30720,256,18944,0,108,0,32,64,0x0,0x708daf3e3640,28.3203229604,98.5100590887,480,6.9846755491,0.7000040230,302622,33456,1113176,21840,37424320667468,37424320724232,37424320863433,37424325899748
102185,"void miso::kernels::add_rmsnorm_kernel<2048u, 512>(miso::kernels::AddRmsNormParams, unsigned int) [clone .kd]",1,1,102489,1059749,1059749,512,512,512,0,28,0,32,64,0x0,0x708db8461680,0.0456503752,98.7695312500,8,0.0000000000,0.4762318967,20,96,616,24,37424320812334,37424320863433,37424320960873,37424325790973
102186,"void miso::kernels::q4k_gemv_kernel<(miso::kernels::ActFormat)1, 2048u, 256, 4>(miso::kernels::Q4kGemvParams) [clone .kd]",1,1,102490,1059749,1059749,61440,256,0,0,72,0,48,64,0x0,0x708db844af40,24.9403830576,96.1721695044,960,0.0000000000,8.8135750382,0,25088,888000,0,37424320937494,37424320960873,37424321113833,37424325686060
102187,"void miso::kernels::q6k_gemv_kernel<2048u, 256, 1>(miso::kernels::Q6kGemvParams) [clone .kd]",1,1,102491,1059749,1059749,61440,256,0,0,60,0,32,64,0x0,0x708db844b040,9.5096402004,97.9885057471,960,0.0000000000,0.2745810620,0,6144,149312,0,37424321067732,37424321113833,37424321215754,37424325554980
102188,"void miso::kernels::attn_prep_kernel<256>(miso::kernels::AttnPrepParams) [clone .kd]",1,1,102492,1059749,1059749,4608,256,1536,0,28,0,64,64,0x0,0x708daf3b2400,0.3988693940,97.9857708255,72,0.0000000000,0.7105550832,85,170,4946,288,37424321192010,37424321215754,37424321349194,37424325351835
102189,"void miso::kernels::attn_split_kernel<256>(miso::kernels::AttnSplitParams) [clone .kd]",1,1,102493,1059749,1059749,4608,256,42496,0,96,0,32,64,0x0,0x708daf3b2440,3.0980144463,96.7503528674,72,0.5363910213,0.1653200746,4493,1136,75006,22824,37424321326942,37424321349194,37424321485674,37424325351316
102190,"void miso::kernels::attn_combine_kernel<256>(miso::kernels::AttnCombineParams) [clone .kd]",1,1,102494,1059749,1059749,4096,256,0,0,16,0,32,64,0x0,0x708daf3b2480,0.6919208209,99.4561464088,64,0.0000000000,0.2031087387,0,2368,9152,0,37424321453530,37424321485674,37424321613835,37424336191824
102191,"void miso::kernels::q4k_gemv_kernel<(miso::kernels::ActFormat)1, 4096u, 256, 4>(miso::kernels::Q4kGemvParams) [clone .kd]",1,1,102495,1059749,1059749,61440,256,0,0,112,0,48,64,0x0,0x708db844afc0,14.0330458438,97.3206595367,960,0.0000000000,0.8597049306,0,16384,451392,0,37424321588309,37424321613835,37424321758315,37424336356752
102192,"void miso::kernels::add_rmsnorm_kernel<2048u, 512>(miso::kernels::AddRmsNormParams, unsigned int) [clone .kd]",1,1,102496,1059749,1059749,512,512,512,0,28,0,32,64,0x0,0x708db8461680,0.0453553307,98.7695312500,8,0.0000000000,0.3745215965,16,96,616,24,37424321719085,37424321758315,37424321874315,37424336471998
102193,"void miso::kernels::moe_router_kernel<256>(miso::kernels::MoeRouterParams) [clone .kd]",1,1,102497,1059749,1059749,16640,256,0,0,36,0,32,64,0x0,0x708daf3e3580,1.6641282413,94.2115461618,260,0.0000000000,0.2834305289,0,3084,25709,0,37424321851305,37424321874315,37424322010316,37424336589301
102194,"void miso::kernels::moe_gate_up_kernel<256>(miso::kernels::MoeGateUpParams) [clone .kd]",1,1,102498,1059749,1059749,30720,256,512,0,64,0,48,64,0x0,0x708daf3e35c0,29.8906033928,83.4082070615,480,0.0000000000,1.8094040703,691,23712,1256456,10593,37424321986781,37424322010316,37424322179116,37424336705979
102195,"void miso::kernels::moe_down_kernel<(miso::kernels::QType)1, 256>(miso::kernels::MoeDownParams) [clone .kd]",1,1,102499,1059749,1059749,30720,256,18944,0,108,0,32,64,0x0,0x708daf3e3640,27.1490915784,98.5102348389,480,6.6958252808,1.2452223708,303878,33456,1113176,21840,37424322121918,37424322179116,37424322302957,37424336822809
102196,"void miso::kernels::add_rmsnorm_kernel<2048u, 512>(miso::kernels::AddRmsNormParams, unsigned int) [clone .kd]",1,1,102500,1059749,1059749,512,512,512,0,28,0,32,64,0x0,0x708db8461680,0.0451862521,98.7695312500,8,0.0000000000,0.3895558880,17,96,616,24,37424322251539,37424322302957,37424322415757,37424336941484
102197,"void miso::kernels::q6k_gemv_kernel<2048u, 256, 1>(miso::kernels::Q6kGemvParams) [clone .kd]",1,1,102501,1059749,1059749,491520,256,0,0,60,0,32,64,0x0,0x708db844b040,58.3436612333,95.9637888249,7680,0.0000000000,44.0178429837,0,1054720,35909120,0,37424322392759,37424322415757,37424323234319,37424337060415
102198,"void miso::kernels::argmax_partial_kernel<256>(miso::kernels::ArgmaxParams) [clone .kd]",1,1,102502,1059749,1059749,61440,256,2048,0,12,0,32,64,0x0,0x708db84616c0,5.0273453623,90.2667614761,960,0.0000000000,0.5590812934,2978,4078,61249,10158,37424322519690,37424323234319,37424323267759,37424337170415
