Index,KernelName,gpu-id,queue-id,queue-index,pid,tid,grd,wgr,lds,scr,arch_vgpr,accum_vgpr,sgpr,wave_size,sig,obj,VALUBusy,VALUUtilization,SQ_WAVES,LDSBankConflict,MemUnitStalled,SQ_WAIT_INST_LDS,SQ_INSTS_VMEM_RD,SQ_INSTS_VALU,SQ_INSTS_LDS,DispatchNs,BeginNs,EndNs,CompleteNs
101105,"void miso::kernels::embed_q4k_kernel<2048u, 256>(miso::kernels::EmbedParams, unsigned int) [clone .kd]",1,1,101407,1553930,1553930,256,256,0,0,24,0,32,64,0x0,0x73c6a508d740,0.0510043448,100.0000000000,4,0.0000000000,0.2809434621,0,128,972,0,48298370409738,48298370051886,48298392035051,48298392757198
101106,"void miso::kernels::add_rmsnorm_kernel<2048u, 512>(miso::kernels::AddRmsNormParams, unsigned int) [clone .kd]",1,1,101408,1553930,1553930,512,512,512,0,28,0,32,64,0x0,0x73c6a508d680,0.0301899629,98.6135563380,8,0.0000000000,0.2002831312,28,64,544,24,48298391937936,48298392035051,48298392250410,48298402775171
101107,"void miso::kernels::q6k_gemv_kernel<2048u, 256, 2>(miso::kernels::Q6kGemvParams) [clone .kd]",1,1,101409,1553930,1553930,122880,256,0,0,60,0,32,64,0x0,0x73c6a5073000,22.3928437332,97.7508821938,1920,0.0000000000,11.6861313869,0,48128,1430784,0,48298392223072,48298392250410,48298392564490,48298402664862
101108,"void miso::kernels::q4k_gemv_kernel<(miso::kernels::ActFormat)1, 2048u, 256, 4>(miso::kernels::Q4kGemvParams) [clone .kd]",1,1,101410,1553930,1553930,61440,256,0,0,72,0,48,64,0x0,0x73c6a5072f40,12.9184962995,96.7265763699,960,0.0000000000,4.9642548346,0,16000,496080,0,48298392484516,48298392564490,48298392737450,48298402557640
101109,"void miso::kernels::deltanet_step_kernel<256>(miso::kernels::DeltaNetStepParams) [clone .kd]",1,1,101411,1553930,1553930,8192,256,3072,0,184,0,64,64,0x0,0x73c6a5051400,2.0173982457,99.7167266187,128,0.0000000000,1.5376220563,1082,9536,84096,7616,48298392685269,48298392737450,48298392916969,48298402449744
101110,"void miso::kernels::q4k_gemv_kernel<(miso::kernels::ActFormat)1, 4096u, 256, 4>(miso::kernels::Q4kGemvParams) [clone .kd]",1,1,101412,1553930,1553930,61440,256,0,0,112,0,48,64,0x0,0x73c6a5072fc0,13.5169933123,97.3213026928,960,0.0000000000,1.8818564638,0,16384,451392,0,48298392862328,48298392916969,48298393068649,48298402342258
101111,"void miso::kernels::add_rmsnorm_kernel<2048u, 512>(miso::kernels::AddRmsNormParams, unsigned int) [clone .kd]",1,1,101413,1553930,1553930,512,512,512,0,28,0,32,64,0x0,0x73c6a508d680,0.0444629707,98.7695312500,8,0.0000000000,0.3880847493,19,96,616,24,48298393026823,48298393068649,48298393217609,48298402231875
101112,"void miso::kernels::moe_router_kernel<256>(miso::kernels::MoeRouterParams) [clone .kd]",1,1,101414,1553930,1553930,16640,256,0,0,36,0,32,64,0x0,0x73c6a4de3580,1.6267167901,94.2115461618,260,0.0000000000,0.4653485121,0,3084,25709,0,48298393193594,48298393217609,48298393364969,48298402122681
101113,"void miso::kernels::moe_gate_up_kernel<256>(miso::kernels::MoeGateUpParams) [clone .kd]",1,1,101415,1553930,1553930,30720,256,512,0,64,0,48,64,0x0,0x73c6a4de35c0,29.7037455273,83.4142140978,480,0.0000000000,1.7676283893,757,23712,1256456,10593,48298393338214,48298393364969,48298393551848,48298402006985
101114,"void miso::kernels::moe_down_kernel<(miso::kernels::QType)1, 256>(miso::kernels::MoeDownParams) [clone .kd]",1,1,101416,1553930,1553930,30720,256,9728,0,108,0,32,64,0x0,0x73c6a4de3640,28.5379441235,98.3566889913,480,1.2861090178,0.7346788928,2225,26976,1014536,9600,48298393486121,48298393551848,48298393794248,48298401884881
101115,"void miso::kernels::add_rmsnorm_kernel<2048u, 512>(miso::kernels::AddRmsNormParams, unsigned int) [clone .kd]",1,1,101417,1553930,1553930,512,512,512,0,28,0,32,64,0x0,0x73c6a508d680,0.0412860608,98.7695312500,8,0.0000000000,0.4358719510,19,96,616,24,48298393748920,48298393794248,48298393962248,48298401767393
101116,"void miso::kernels::q6k_gemv_kernel<2048u, 256, 2>(miso::kernels::Q6kGemvParams) [clone .kd]",1,1,101418,1553930,1553930,122880,256,0,0,60,0,32,64,0x0,0x73c6a5073000,37.1400892347,97.7422137238,1920,0.0000000000,12.5284181937,0,48128,1430784,0,48298393936699,48298393962248,48298394237287,48298401599496
101117,"void miso::kernels::q4k_gemv_kernel<(miso::kernels::ActFormat)1, 2048u, 256, 4>(miso::kernels::Q4kGemvParams) [clone .kd]",1,1,101419,1553930,1553930,61440,256,0,0,72,0,48,64,0x0,0x73c6a5072f40,16.3652596873,96.7252257554,960,0.0000000000,4.9757060431,0,16000,496080,0,48298394187161,48298394237287,48298394532167,48298401485791
101118,"void miso::kernels::deltanet_step_kernel<256>(miso::kernels::DeltaNetStepParams) [clone .kd]",1,1,101420,1553930,1553930,8192,256,3072,0,184,0,64,64,0x0,0x73c6a5051400,3.2690979112,99.7167266187,128,0.0000000000,1.6435169577,1125,9536,84096,7616,48298394494285,48298394532167,48298394734407,48298401335587
101119,"void miso::kernels::q4k_gemv_kernel<(miso::kernels::ActFormat)1, 4096u, 256, 4>(miso::kernels::Q4kGemvParams) [clone .kd]",1,1,101421,1553930,1553930,61440,256,0,0,112,0,48,64,0x0,0x73c6a5072fc0,13.5966693623,97.3213026928,960,0.0000000000,1.1897802218,0,16384,451392,0,48298394698674,48298394734407,48298395030406,48298401157846
101120,"void miso::kernels::add_rmsnorm_kernel<2048u, 512>(miso::kernels::AddRmsNormParams, unsigned int) [clone .kd]",1,1,101422,1553930,1553930,512,512,512,0,28,0,32,64,0x0,0x73c6a508d680,0.0414916239,98.7695312500,8,0.0000000000,0.3962225416,16,96,616,24,48298394987253,48298395030406,48298395230086,48298400956203
101121,"void miso::kernels::moe_router_kernel<256>(miso::kernels::MoeRouterParams) [clone .kd]",1,1,101423,1553930,1553930,16640,256,0,0,36,0,32,64,0x0,0x73c6a4de3580,1.7284951552,94.2115461618,260,0.0000000000,0.4826998743,0,3084,25709,0,48298395207486,48298395230086,48298395411526,48298400768390
101122,"void miso::kernels::moe_gate_up_kernel<256>(miso::kernels::MoeGateUpParams) [clone .kd]",1,1,101424,1553930,1553930,30720,256,512,0,64,0,48,64,0x0,0x73c6a4de35c0,29.3224864918,83.4010735640,480,0.0000000000,1.2679773802,987,23712,1256456,10593,48298395390030,48298395411526,48298395626405,48298400767322
101123,"void miso::kernels::moe_down_kernel<(miso::kernels::QType)1, 256>(miso::kernels::MoeDownParams) [clone .kd]",1,1,101425,1553930,1553930,30720,256,9728,0,108,0,32,64,0x0,0x73c6a4de3640,28.6543689429,98.3622685412,480,1.2914291480,0.6359869103,2268,26976,1014536,9600,48298395565453,48298395626405,48298395765605,48298416284256
101124,"void miso::kernels::add_rmsnorm_kernel<2048u, 512>(miso::kernels::AddRmsNormParams, unsigned int) [clone .kd]",1,1,101426,1553930,1553930,512,512,512,0,28,0,32,64,0x0,0x73c6a508d680,0.0435925729,98.7695312500,8,0.0000000000,1.0478269498,17,96,616,24,48298395720657,48298395765605,48298395871365,48298416171438
101125,"void miso::kernels::q6k_gemv_kernel<2048u, 256, 2>(miso::kernels::Q6kGemvParams) [clone .kd]",1,1,101427,1553930,1553930,122880,256,0,0,60,0,32,64,0x0,0x73c6a5073000,37.3174647494,97.7393697171,1920,0.0000000000,11.5089981490,0,48128,1430784,0,48298395845772,48298395871365,48298396027045,48298416051314
101126,"void miso::kernels::q4k_gemv_kernel<(miso::kernels::ActFormat)1, 2048u, 256, 4>(miso::kernels::Q4kGemvParams) [clone .kd]",1,1,101428,1553930,1553930,61440,256,0,0,72,0,48,64,0x0,0x73c6a5072f40,15.9808609390,96.7234893064,960,0.0000000000,4.5730863409,0,16000,496080,0,48298395978069,48298396027045,48298396169764,48298415942032
101127,"void miso::kernels::deltanet_step_kernel<256>(miso::kernels::DeltaNetStepParams) [clone .kd]",1,1,101429,1553930,1553930,8192,256,3072,0,184,0,64,64,0x0,0x73c6a5051400,3.3633524639,99.7167266187,128,0.0000000000,1.7741492551,1555,9536,84096,7616,48298396124887,48298396169764,48298396304644,48298415660611
101128,"void miso::kernels::q4k_gemv_kernel<(miso::kernels::ActFormat)1, 4096u, 256, 4>(miso::kernels::Q4kGemvParams) [clone .kd]",1,1,101430,1553930,1553930,61440,256,0,0,112,0,48,64,0x0,0x73c6a5072fc0,13.4475608167,97.3213026928,960,0.0000000000,1.5142150803,0,16384,451392,0,48298396270458,48298396304644,48298396460004,48298415407779
101129,"void miso::kernels::add_rmsnorm_kernel<2048u, 512>(miso::kernels::AddRmsNormParams, unsigned int) [clone .kd]",1,1,101431,1553930,1553930,512,512,512,0,28,0,32,64,0x0,0x73c6a508d680,0.0432689707,98.7695312500,8,0.0000000000,0.4306010929,20,96,616,24,48298396417169,48298396460004,48298396665924,48298415289494
101130,"void miso::kernels::moe_router_kernel<256>(miso::kernels::MoeRouterParams) [clone .kd]",1,1,101432,1553930,1553930,16640,256,0,0,36,0,32,64,0x0,0x73c6a4de3580,1.6155921928,94.2115461618,260,0.0000000000,0.4573110113,0,3084,25709,0,48298396638097,48298396665924,48298396840803,48298415160650
101131,"void miso::kernels::moe_gate_up_kernel<256>(miso::kernels::MoeGateUpParams) [clone .kd]",1,1,101433,1553930,1553930,30720,256,512,0,64,0,48,64,0x0,0x73c6a4de35c0,27.0784291839,83.4016484171,480,0.0000000000,1.6009990634,746,23712,1256456,10593,48298396811439,48298396840803,48298397061763,48298415027953
101132,"void miso::kernels::moe_down_kernel<(miso::kernels::QType)1, 256>(miso::kernels::MoeDownParams) [clone .kd]",1,1,101434,1553930,1553930,30720,256,9728,0,108,0,32,64,0x0,0x73c6a4de3640,27.6002321564,98.3627495665,480,1.2439261419,0.5899055172,2358,26976,1014536,9600,48298396998432,48298397061763,48298397228003,48298414903794
101133,"void miso::kernels::add_rmsnorm_kernel<2048u, 512>(miso::kernels::AddRmsNormParams, unsigned int) [clone .kd]",1,1,101435,1553930,1553930,512,512,512,0,28,0,32,64,0x0,0x73c6a508d680,0.0453302735,98.7695312500,8,0.0000000000,0.4503016691,16,96,616,24,48298397178556,48298397228003,48298397435523,48298414763676
101134,"void miso::kernels::q4k_gemv_kernel<(miso::kernels::ActFormat)1, 2048u, 256, 4>(miso::kernels::Q4kGemvParams) [clone .kd]",1,1,101436,1553930,1553930,61440,256,0,0,72,0,48,64,0x0,0x73c6a5072f40,24.5329589364,96.1717416090,960,0.0000000000,8.6212691046,0,25088,888000,0,48298397409132,48298397435523,48298397682402,48298414599135
101135,"void miso::kernels::q6k_gemv_kernel<2048u, 256, 1>(miso::kernels::Q6kGemvParams) [clone .kd]",1,1,101437,1553930,1553930,61440,256,0,0,60,0,32,64,0x0,0x73c6a5073040,9.4408440090,97.9885057471,960,0.0000000000,0.3916176749,0,6144,149312,0,48298397636656,48298397682402,48298397812002,48298414434239
101136,"void miso::kernels::attn_prep_kernel<256>(miso::kernels::AttnPrepParams) [clone .kd]",1,1,101438,1553930,1553930,4608,256,1536,0,28,0,64,64,0x0,0x73c6a5032400,0.3644931718,97.9857708255,72,0.0000000000,0.2069518003,99,170,4946,288,48298397786902,48298397812002,48298397980322,48298414314698
101137,"void miso::kernels::attn_split_kernel<256>(miso::kernels::AttnSplitParams) [clone .kd]",1,1,101439,1553930,1553930,4608,256,26112,0,96,0,48,64,0x0,0x73c6a5032440,3.0083295972,96.3820691819,72,0.5191250383,0.2390686309,5774,1136,74914,22744,48298397956850,48298397980322,48298398140801,48298414199875
101138,"void miso::kernels::attn_combine_kernel<256>(miso::kernels::AttnCombineParams) [clone .kd]",1,1,101440,1553930,1553930,4096,256,0,0,16,0,32,64,0x0,0x73c6a5032480,0.6395265384,99.4561464088,64,0.0000000000,0.1780742669,0,2368,9152,0,48298398107214,48298398140801,48298398262561,48298414083814
101139,"void miso::kernels::q4k_gemv_kernel<(miso::kernels::ActFormat)1, 4096u, 256, 4>(miso::kernels::Q4kGemvParams) [clone .kd]",1,1,101441,1553930,1553930,61440,256,0,0,112,0,48,64,0x0,0x73c6a5072fc0,14.6910032362,97.3213026928,960,0.0000000000,1.3852614569,0,16384,451392,0,48298398235214,48298398262561,48298398457601,48298413964221
101140,"void miso::kernels::add_rmsnorm_kernel<2048u, 512>(miso::kernels::AddRmsNormParams, unsigned int) [clone .kd]",1,1,101442,1553930,1553930,512,512,512,0,28,0,32,64,0x0,0x73c6a508d680,0.0430576299,98.7695312500,8,0.0000000000,0.3832925869,16,96,616,24,48298398408625,48298398457601,48298398556481,48298413854269
101141,"void miso::kernels::moe_router_kernel<256>(miso::kernels::MoeRouterParams) [clone .kd]",1,1,101443,1553930,1553930,16640,256,0,0,36,0,32,64,0x0,0x73c6a4de3580,1.7406802613,94.2115461618,260,0.0000000000,0.3251690879,0,3084,25709,0,48298398532321,48298398556481,48298398706081,48298413738692
101142,"void miso::kernels::moe_gate_up_kernel<256>(miso::kernels::MoeGateUpParams) [clone .kd]",1,1,101444,1553930,1553930,30720,256,512,0,64,0,48,64,0x0,0x73c6a4de35c0,29.4479812966,83.4049256315,480,0.0000000000,2.0241534513,601,23712,1256456,10593,48298398681101,48298398706081,48298398871840,48298413621728
101143,"void miso::kernels::moe_down_kernel<(miso::kernels::QType)1, 256>(miso::kernels::MoeDownParams) [clone .kd]",1,1,101445,1553930,1553930,30720,256,9728,0,108,0,32,64,0x0,0x73c6a4de3640,27.9381981332,98.3581319177,480,1.2590989573,0.6594506094,2307,26976,1014536,9600,48298398813648,48298398871840,48298398988000,48298413507060
101144,"void miso::kernels::add_rmsnorm_kernel<2048u, 512>(miso::kernels::AddRmsNormParams, unsigned int) [clone .kd]",1,1,101446,1553930,1553930,512,512,512,0,28,0,32,64,0x0,0x73c6a508d680,0.0433392925,98.7695312500,8,0.0000000000,0.3929391851,16,96,616,24,48298398942369,48298398988000,48298399105120,48298413396791
101145,"void miso::kernels::q6k_gemv_kernel<2048u, 256, 2>(miso::kernels::Q6kGemvParams) [clone .kd]",1,1,101447,1553930,1553930,122880,256,0,0,60,0,32,64,0x0,0x73c6a5073000,36.7994431952,97.7416042799,1920,0.0000000000,12.6122260889,0,48128,1430784,0,48298399076410,48298399105120,48298399297760,48298413288201
101146,"void miso::kernels::q4k_gemv_kernel<(miso::kernels::ActFormat)1, 2048u, 256, 4>(miso::kernels::Q4kGemvParams) [clone .kd]",1,1,101448,1553930,1553930,61440,256,0,0,72,0,48,64,0x0,0x73c6a5072f40,15.9378616208,96.7217529197,960,0.0000000000,4.1095422899,0,16000,496080,0,48298399251383,48298399297760,48298399413920,48298413177026
101147,"void miso::kernels::deltanet_step_kernel<256>(miso::kernels::DeltaNetStepParams) [clone .kd]",1,1,101449,1553930,1553930,8192,256,3072,0,184,0,64,64,0x0,0x73c6a5051400,3.3656428998,99.7167266187,128,0.0000000000,2.1471613603,923,9536,84096,7616,48298399377096,48298399413920,48298399556319,48298413063726
101148,"void miso::kernels::q4k_gemv_kernel<(miso::kernels::ActFormat)1, 4096u, 256, 4>(miso::kernels::Q4kGemvParams) [clone .kd]",1,1,101450,1553930,1553930,61440,256,0,0,112,0,48,64,0x0,0x73c6a5072fc0,13.1648976277,97.3213026928,960,0.0000000000,1.3075757302,0,16384,451392,0,48298399523781,48298399556319,48298399696799,48298412951636
101149,"void miso::kernels::add_rmsnorm_kernel<2048u, 512>(miso::kernels::AddRmsNormParams, unsigned int) [clone .kd]",1,1,101451,1553930,1553930,512,512,512,0,28,0,32,64,0x0,0x73c6a508d680,0.0443446689,98.7695312500,8,0.0000000000,0.3879007964,17,96,616,24,48298399653792,48298399696799,48298399807839,48298412834087
101150,"void miso::kernels::moe_router_kernel<256>(miso::kernels::MoeRouterParams) [clone .kd]",1,1,101452,1553930,1553930,16640,256,0,0,36,0,32,64,0x0,0x73c6a4de3580,1.5728012092,94.2115461618,260,0.0000000000,0.4629807139,0,3084,25709,0,48298399779546,48298399807839,48298399942559,48298412717158
101151,"void miso::kernels::moe_gate_up_kernel<256>(miso::kernels::MoeGateUpParams) [clone .kd]",1,1,101453,1553930,1553930,30720,256,512,0,64,0,48,64,0x0,0x73c6a4de35c0,29.4489035176,83.4098626861,480,0.0000000000,1.2269105968,1240,23712,1256456,10593,48298399916922,48298399942559,48298400112478,48298412606194
101152,"void miso::kernels::moe_down_kernel<(miso::kernels::QType)1, 256>(miso::kernels::MoeDownParams) [clone .kd]",1,1,101454,1553930,1553930,30720,256,9728,0,108,0,32,64,0x0,0x73c6a4de3640,27.9576702215,98.3638078387,480,1.2600492207,0.6481682565,2352,26976,1014536,9600,48298400054175,48298400112478,48298400231198,48298412489685
101153,"void miso::kernels::add_rmsnorm_kernel<2048u, 512>(miso::kernels::AddRmsNormParams, unsigned int) [clone .kd]",1,1,101455,1553930,1553930,512,512,512,0,28,0,32,64,0x0,0x73c6a508d680,0.0442050007,98.7695312500,8,0.0000000000,0.4870200461,19,96,616,24,48298400185137,48298400231198,48298400330558,48298412375912
101154,"void miso::kernels::q4k_gemv_kernel<(miso::kernels::ActFormat)1, 2048u, 256, 4>(miso::kernels::Q4kGemvParams) [clone .kd]",1,1,101456,1553930,1553930,61440,256,0,0,72,0,48,64,0x0,0x73c6a5072f40,30.6529834785,95.9963618961,960,0.0000000000,11.2466306327,0,32384,1202640,0,48298400307449,48298400330558,48298400498078,48298412263811
101155,"void miso::kernels::deltanet_step_kernel<256>(miso::kernels::DeltaNetStepParams) [clone .kd]",1,1,101457,1553930,1553930,8192,256,3072,0,184,0,64,64,0x0,0x73c6a5051400,3.4052196014,99.7167266187,128,0.0000000000,10.4684938162,1443,9536,84096,7616,48298400439551,48298400498078,48298400597918,48298412148717
101156,"void miso::kernels::q4k_gemv_kernel<(miso::kernels::ActFormat)1, 4096u, 256, 4>(miso::kernels::Q4kGemvParams) [clone .kd]",1,1,101458,1553930,1553930,61440,256,0,0,112,0,48,64,0x0,0x73c6a5072fc0,14.4304469451,97.3210883065,960,0.0000000000,2.8565861263,0,16384,451392,0,48298400563522,48298400597918,48298401072317,48298412033633
101157,"void miso::kernels::add_rmsnorm_kernel<2048u, 512>(miso::kernels::AddRmsNormParams, unsigned int) [clone .kd]",1,1,101459,1553930,1553930,512,512,512,0,28,0,32,64,0x0,0x73c6a508d680,0.0400460530,98.7695312500,8,0.0000000000,0.8773481445,14,96,616,24,48298401026602,48298401072317,48298403146554,48298411886034
101158,"void miso::kernels::moe_router_kernel<256>(miso::kernels::MoeRouterParams) [clone .kd]",1,1,101460,1553930,1553930,16640,256,0,0,36,0,32,64,0x0,0x73c6a4de3580,1.5188531712,94.2115461618,260,0.0000000000,6.0533159948,0,3084,25709,0,48298403124105,48298403146554,48298403363833,48298411774808
101159,"void miso::kernels::moe_gate_up_kernel<256>(miso::kernels::MoeGateUpParams) [clone .kd]",1,1,101461,1553930,1553930,30720,256,512,0,64,0,48,64,0x0,0x73c6a4de35c0,29.0819212803,83.4178771530,480,0.0000000000,1.5987205296,704,23712,1256456,10593,48298403334287,48298403363833,48298403528793,48298411665673
101160,"void miso::kernels::moe_down_kernel<(miso::kernels::QType)0, 256>(miso::kernels::MoeDownParams) [clone .kd]",1,1,101462,1553930,1553930,30720,256,9728,0,84,0,32,64,0x0,0x73c6a4de3600,19.4869530077,96.6134762541,480,3.9903013509,1.0411844384,977,14688,667240,9600,48298403470300,48298403528793,48298403639353,48298411558297
101161,"void miso::kernels::add_rmsnorm_kernel<2048u, 512>(miso::kernels::AddRmsNormParams, unsigned int) [clone .kd]",1,1,101463,1553930,1553930,512,512,512,0,28,0,32,64,0x0,0x73c6a508d680,0.0427247724,98.7695312500,8,0.0000000000,0.9866682925,16,96,616,24,48298403595114,48298403639353,48298403742393,48298411449260
101162,"void miso::kernels::q4k_gemv_kernel<(miso::kernels::ActFormat)1, 2048u, 256, 4>(miso::kernels::Q4kGemvParams) [clone .kd]",1,1,101464,1553930,1553930,61440,256,0,0,72,0,48,64,0x0,0x73c6a5072f40,29.0545658343,95.9908461635,960,0.0000000000,11.5726479489,0,32384,1202640,0,48298403718497,48298403742393,48298403902073,48298411340290
101163,"void miso::kernels::deltanet_step_kernel<256>(miso::kernels::DeltaNetStepParams) [clone .kd]",1,1,101465,1553930,1553930,8192,256,3072,0,184,0,64,64,0x0,0x73c6a5051400,3.2472604890,99.7167266187,128,0.0000000000,3.1706400937,1705,9536,84096,7616,48298403849192,48298403902073,48298404186232,48298411226975
101164,"void miso::kernels::q4k_gemv_kernel<(miso::kernels::ActFormat)1, 4096u, 256, 4>(miso::kernels::Q4kGemvParams) [clone .kd]",1,1,101466,1553930,1553930,61440,256,0,0,112,0,48,64,0x0,0x73c6a5072fc0,13.4492637691,97.3210883065,960,0.0000000000,1.6654374481,0,16384,451392,0,48298404150455,48298404186232,48298404379512,48298411109610
101165,"void miso::kernels::add_rmsnorm_kernel<2048u, 512>(miso::kernels::AddRmsNormParams, unsigned int) [clone .kd]",1,1,101467,1553930,1553930,512,512,512,0,28,0,32,64,0x0,0x73c6a508d680,0.0423734424,98.7695312500,8,0.0000000000,0.3792925603,19,96,616,24,48298404336842,48298404379512,48298404544952,48298410990840
101166,"void miso::kernels::moe_router_kernel<256>(miso::kernels::MoeRouterParams) [clone .kd]",1,1,101468,1553930,1553930,16640,256,0,0,36,0,32,64,0x0,0x73c6a4de3580,1.6041475500,94.2115461618,260,0.0000000000,0.4834442240,0,3084,25709,0,48298404518396,48298404544952,48298404807511,48298410880227
101167,"void miso::kernels::moe_gate_up_kernel<256>(miso::kernels::MoeGateUpParams) [clone .kd]",1,1,101469,1553930,1553930,30720,256,512,0,64,0,48,64,0x0,0x73c6a4de35c0,28.2710893559,83.4051196001,480,0.0000000000,1.5842703687,883,23712,1256456,10593,48298404781442,48298404807511,48298405010711,48298410765365
101168,"void miso::kernels::moe_down_kernel<(miso::kernels::QType)0, 256>(miso::kernels::MoeDownParams) [clone .kd]",1,1,101470,1553930,1553930,30720,256,9728,0,84,0,32,64,0x0,0x73c6a4de3600,19.7282030602,96.6133331457,480,4.0396956202,1.1380191004,959,14688,667240,9600,48298404951187,48298405010711,48298405145271,48298410658140
101169,"void miso::kernels::add_rmsnorm_kernel<2048u, 512>(miso::kernels::AddRmsNormParams, unsigned int) [clone .kd]",1,1,101471,1553930,1553930,512,512,512,0,28,0,32,64,0x0,0x73c6a508d680,0.0427247724,98.7695312500,8,0.0000000000,1.0183004517,34,96,616,24,48298405103248,48298405145271,48298405341590,48298410541179
101170,"void miso::kernels::q4k_gemv_kernel<(miso::kernels::ActFormat)1, 2048u, 256, 4>(miso::kernels::Q4kGemvParams) [clone .kd]",1,1,101472,1553930,1553930,61440,256,0,0,72,0,48,64,0x0,0x73c6a5072f40,23.1564103357,96.1698161267,960,0.0000000000,8.3444271577,0,25088,888000,0,48298405315248,48298405341590,48298405511830,48298410427626
101171,"void miso::kernels::q6k_gemv_kernel<2048u, 256, 1>(miso::kernels::Q6kGemvParams) [clone .kd]",1,1,101473,1553930,1553930,61440,256,0,0,60,0,32,64,0x0,0x73c6a5073040,9.3120749247,97.9885057471,960,0.0000000000,0.6164584326,0,6144,149312,0,48298405466220,48298405511830,48298405618870,48298410309522
101172,"void miso::kernels::attn_prep_kernel<256>(miso::kernels::AttnPrepParams) [clone .kd]",1,1,101474,1553930,1553930,4608,256,1536,0,28,0,64,64,0x0,0x73c6a5032400,0.3474514118,97.9857708255,72,0.0000000000,0.8473157873,76,170,4946,288,48298405592533,48298405618870,48298405762550,48298410308753
101173,"void miso::kernels::attn_split_kernel<256>(miso::kernels::AttnSplitParams) [clone .kd]",1,1,101475,1553930,1553930,4608,256,26112,0,96,0,48,64,0x0,0x73c6a5032440,2.9244850209,96.3820691819,72,0.5046566041,0.2276211817,5627,1136,74914,22744,48298405734796,48298405762550,48298405974069,48298429811772
101174,"void miso::kernels::attn_combine_kernel<256>(miso::kernels::AttnCombineParams) [clone .kd]",1,1,101476,1553930,1553930,4096,256,0,0,16,0,32,64,0x0,0x73c6a5032480,0.6275733541,99.4561464088,64,0.0000000000,0.1800076599,0,2368,9152,0,48298405940790,48298405974069,48298406140309,48298429687415
101175,"void miso::kernels::q4k_gemv_kernel<(miso::kernels::ActFormat)1, 4096u, 256, 4>(miso::kernels::Q4kGemvParams) [clone .kd]",1,1,101477,1553930,1553930,61440,256,0,0,112,0,48,64,0x0,0x73c6a5072fc0,13.9685338355,97.3206595367,960,0.0000000000,1.7101825291,0,16384,451392,0,48298406112180,48298406140309,48298406402549,48298429569612
101176,"void miso::kernels::add_rmsnorm_kernel<2048u, 512>(miso::kernels::AddRmsNormParams, unsigned int) [clone .kd]",1,1,101478,1553930,1553930,512,512,512,0,28,0,32,64,0x0,0x73c6a508d680,0.0419749200,98.7695312500,8,0.0000000000,0.4549997918,16,96,616,24,48298406359564,48298406402549,48298406623828,48298429412198
101177,"void miso::kernels::moe_router_kernel<256>(miso::kernels::MoeRouterParams) [clone .kd]",1,1,101479,1553930,1553930,16640,256,0,0,36,0,32,64,0x0,0x73c6a4de3580,1.7166142969,94.2115461618,260,0.0000000000,0.3314991020,0,3084,25709,0,48298406597455,48298406623828,48298406762388,48298429191600
101178,"void miso::kernels::moe_gate_up_kernel<256>(miso::kernels::MoeGateUpParams) [clone .kd]",1,1,101480,1553930,1553930,30720,256,512,0,64,0,48,64,0x0,0x73c6a4de35c0,29.5092354823,83.3991013967,480,0.0000000000,1.7023267419,698,23712,1256456,10593,48298406737014,48298406762388,48298406940308,48298429082091
101179,"void miso::kernels::moe_down_kernel<(miso::kernels::QType)1, 256>(miso::kernels::MoeDownParams) [clone .kd]",1,1,101481,1553930,1553930,30720,256,9728,0,108,0,32,64,0x0,0x73c6a4de3640,28.4785333489,98.3609216953,480,1.2834868058,0.5743739606,2423,26976,1014536,9600,48298406874858,48298406940308,48298407062548,48298428972970
101180,"void miso::kernels::add_rmsnorm_kernel<2048u, 512>(miso::kernels::AddRmsNormParams, unsigned int) [clone .kd]",1,1,101482,1553930,1553930,512,512,512,0,28,0,32,64,0x0,0x73c6a508d680,0.0410430054,98.7695312500,8,0.0000000000,0.4924669254,20,96,616,24,48298407013416,48298407062548,48298407166228,48298428860844
101181,"void miso::kernels::q4k_gemv_kernel<(miso::kernels::ActFormat)1, 2048u, 256, 4>(miso::kernels::Q4kGemvParams) [clone .kd]",1,1,101483,1553930,1553930,61440,256,0,0,72,0,48,64,0x0,0x73c6a5072f40,29.9460462601,95.9902158344,960,0.0000000000,9.9782322705,0,32384,1202640,0,48298407140420,48298407166228,48298407326387,48298428750995
101182,"void miso::kernels::deltanet_step_kernel<256>(miso::kernels::DeltaNetStepParams) [clone .kd]",1,1,101484,1553930,1553930,8192,256,3072,0,184,0,64,64,0x0,0x73c6a5051400,3.2841595416,99.7167266187,128,0.0000000000,1.7747739540,1655,9536,84096,7616,48298407272272,48298407326387,48298407430547,48298428640421
101183,"void miso::kernels::q4k_gemv_kernel<(miso::kernels::ActFormat)1, 4096u, 256, 4>(miso::kernels::Q4kGemvParams) [clone .kd]",1,1,101485,1553930,1553930,61440,256,0,0,112,0,48,64,0x0,0x73c6a5072fc0,14.3713672454,97.3202307708,960,0.0000000000,1.4183294621,0,16384,451392,0,48298407395406,48298407430547,48298407575987,48298428524753
101184,"void miso::kernels::add_rmsnorm_kernel<2048u, 512>(miso::kernels::AddRmsNormParams, unsigned int) [clone .kd]",1,1,101486,1553930,1553930,512,512,512,0,28,0,32,64,0x0,0x73c6a508d680,0.0436532297,98.7695312500,8,0.0000000000,0.3907081719,17,96,616,24,48298407526882,48298407575987,48298407684147,48298428408436
101185,"void miso::kernels::moe_router_kernel<256>(miso::kernels::MoeRouterParams) [clone .kd]",1,1,101487,1553930,1553930,16640,256,0,0,36,0,32,64,0x0,0x73c6a4de3580,1.7252881731,94.2115461618,260,0.0000000000,0.4656911212,0,3084,25709,0,48298407652137,48298407684147,48298407807507,48298427932746
101186,"void miso::kernels::moe_gate_up_kernel<256>(miso::kernels::MoeGateUpParams) [clone .kd]",1,1,101488,1553930,1553930,30720,256,512,0,64,0,48,64,0x0,0x73c6a4de35c0,29.1874668556,83.4119897764,480,0.0000000000,2.4777896793,970,23712,1256456,10593,48298407781007,48298407807507,48298407972786,48298427825046
101187,"void miso::kernels::moe_down_kernel<(miso::kernels::QType)0, 256>(miso::kernels::MoeDownParams) [clone .kd]",1,1,101489,1553930,1553930,30720,256,9728,0,84,0,32,64,0x0,0x73c6a4de3600,20.1477303250,96.6157660460,480,4.1257050766,2.2437172458,1016,14688,667240,9600,48298407912591,48298407972786,48298408086226,48298427715625
101188,"void miso::kernels::add_rmsnorm_kernel<2048u, 512>(miso::kernels::AddRmsNormParams, unsigned int) [clone .kd]",1,1,101490,1553930,1553930,512,512,512,0,28,0,32,64,0x0,0x73c6a508d680,0.0431848853,98.7695312500,8,0.0000000000,0.4697883202,21,96,616,24,48298408041972,48298408086226,48298408192146,48298427605789
101189,"void miso::kernels::q4k_gemv_kernel<(miso::kernels::ActFormat)1, 2048u, 256, 4>(miso::kernels::Q4kGemvParams) [clone .kd]",1,1,101491,1553930,1553930,61440,256,0,0,72,0,48,64,0x0,0x73c6a5072f40,30.5215082049,95.9925008167,960,0.0000000000,9.7357273515,0,32384,1202640,0,48298408166129,48298408192146,48298408358386,48298427498083
101190,"void miso::kernels::deltanet_step_kernel<256>(miso::kernels::DeltaNetStepParams) [clone .kd]",1,1,101492,1553930,1553930,8192,256,3072,0,184,0,64,64,0x0,0x73c6a5051400,3.2391730205,99.7167266187,128,0.0000000000,1.4373074518,1742,9536,84096,7616,48298408297270,48298408358386,48298408461426,48298427379635
101191,"void miso::kernels::q4k_gemv_kernel<(miso::kernels::ActFormat)1, 4096u, 256, 4>(miso::kernels::Q4kGemvParams) [clone .kd]",1,1,101493,1553930,1553930,61440,256,0,0,112,0,48,64,0x0,0x73c6a5072fc0,13.5896169367,97.3210883065,960,0.0000000000,2.2852150186,0,16384,451392,0,48298408426431,48298408461426,48298408665265,48298427269589
101192,"void miso::kernels::add_rmsnorm_kernel<2048u, 512>(miso::kernels::AddRmsNormParams, unsigned int) [clone .kd]",1,1,101494,1553930,1553930,512,512,512,0,28,0,32,64,0x0,0x73c6a508d680,0.0427127965,98.7695312500,8,0.0000000000,0.4860961414,16,96,616,24,48298408621170,48298408665265,48298408848305,48298427160678
101193,"void miso::kernels::moe_router_kernel<256>(miso::kernels::MoeRouterParams) [clone .kd]",1,1,101495,1553930,1553930,16640,256,0,0,36,0,32,64,0x0,0x73c6a4de3580,1.6595785077,94.2115461618,260,0.0000000000,0.4449065228,0,3084,25709,0,48298408821587,48298408848305,48298409017585,48298427045016
101194,"void miso::kernels::moe_gate_up_kernel<256>(miso::kernels::MoeGateUpParams) [clone .kd]",1,1,101496,1553930,1553930,30720,256,512,0,64,0,48,64,0x0,0x73c6a4de35c0,27.1209598940,83.4137744387,480,0.0000000000,1.7964981702,702,23712,1256456,10593,48298408992101,48298409017585,48298409315984,48298426930646
101195,"void miso::kernels::moe_down_kernel<(miso::kernels::QType)0, 256>(miso::kernels::MoeDownParams) [clone .kd]",1,1,101497,1553930,1553930,30720,256,9728,0,84,0,32,64,0x0,0x73c6a4de3600,20.0066680892,96.6170541017,480,4.0968739998,0.7284779950,964,14688,667240,9600,48298409255091,48298409315984,48298409531184,48298426791215
101196,"void miso::kernels::add_rmsnorm_kernel<2048u, 512>(miso::kernels::AddRmsNormParams, unsigned int) [clone .kd]",1,1,101498,1553930,1553930,512,512,512,0,28,0,32,64,0x0,0x73c6a508d680,0.0402865380,98.7695312500,8,0.0000000000,1.0375196043,15,96,616,24,48298409486293,48298409531184,48298409752944,48298426677268
101197,"void miso::kernels::q6k_gemv_kernel<2048u, 256, 2>(miso::kernels::Q6kGemvParams) [clone .kd]",1,1,101499,1553930,1553930,122880,256,0,0,60,0,32,64,0x0,0x73c6a5073000,37.7069715922,97.7455996619,1920,0.0000000000,11.2489506220,0,48128,1430784,0,48298409727895,48298409752944,48298409957103,48298426564079
101198,"void miso::kernels::q4k_gemv_kernel<(miso::kernels::ActFormat)1, 2048u, 256, 4>(miso::kernels::Q4kGemvParams) [clone .kd]",1,1,101500,1553930,1553930,61440,256,0,0,72,0,48,64,0x0,0x73c6a5072f40,17.8179401332,96.7242610538,960,0.0000000000,4.9675303306,0,16000,496080,0,48298409902543,48298409957103,48298410101263,48298426446918
101199,"void miso::kernels::deltanet_step_kernel<256>(miso::kernels::DeltaNetStepParams) [clone .kd]",1,1,101501,1553930,1553930,8192,256,3072,0,184,0,64,64,0x0,0x73c6a5051400,3.2233986274,99.7167266187,128,0.0000000000,1.9543158504,1753,9536,84096,7616,48298410059898,48298410101263,48298410247023,48298426326633
101200,"void miso::kernels::q4k_gemv_kernel<(miso::kernels::ActFormat)1, 4096u, 256, 4>(miso::kernels::Q4kGemvParams) [clone .kd]",1,1,101502,1553930,1553930,61440,256,0,0,112,0,48,64,0x0,0x73c6a5072fc0,12.2592466567,97.3206595367,960,0.0000000000,1.3311553526,0,16384,451392,0,48298410205147,48298410247023,48298415947334,48298426177325
101201,"void miso::kernels::add_rmsnorm_kernel<2048u, 512>(miso::kernels::AddRmsNormParams, unsigned int) [clone .kd]",1,1,101503,1553930,1553930,512,512,512,0,28,0,32,64,0x0,0x73c6a508d680,0.0369497945,98.7695312500,8,0.0000000000,0.4516855843,19,96,616,24,48298415917126,48298415947334,48298416583653,48298425971283
101202,"void miso::kernels::moe_router_kernel<256>(miso::kernels::MoeRouterParams) [clone .kd]",1,1,101504,1553930,1553930,16640,256,0,0,36,0,32,64,0x0,0x73c6a4de3580,1.5131738393,94.2115461618,260,0.0000000000,4.2788060439,0,3084,25709,0,48298416556326,48298416583653,48298416763013,48298425858530
101203,"void miso::kernels::moe_gate_up_kernel<256>(miso::kernels::MoeGateUpParams) [clone .kd]",1,1,101505,1553930,1553930,30720,256,512,0,64,0,48,64,0x0,0x73c6a4de35c0,28.9986984009,83.4000879375,480,0.0000000000,1.7829198763,831,23712,1256456,10593,48298416737595,48298416763013,48298416929413,48298425748821
101204,"void miso::kernels::moe_down_kernel<(miso::kernels::QType)1, 256>(miso::kernels::MoeDownParams) [clone .kd]",1,1,101506,1553930,1553930,30720,256,9728,0,108,0,32,64,0x0,0x73c6a4de3640,27.4535105383,98.3547651554,480,1.2372130487,1.3873964722,2396,26976,1014536,9600,48298416871859,48298416929413,48298417045092,48298425636707
101205,"void miso::kernels::add_rmsnorm_kernel<2048u, 512>(miso::kernels::AddRmsNormParams, unsigned int) [clone .kd]",1,1,101507,1553930,1553930,512,512,512,0,28,0,32,64,0x0,0x73c6a508d680,0.0399530552,98.7695312500,8,0.0000000000,1.4622089732,16,96,616,24,48298417004135,48298417045092,48298417160452,48298425529209
101206,"void miso::kernels::q4k_gemv_kernel<(miso::kernels::ActFormat)1, 2048u, 256, 4>(miso::kernels::Q4kGemvParams) [clone .kd]",1,1,101508,1553930,1553930,61440,256,0,0,72,0,48,64,0x0,0x73c6a5072f40,24.2000882011,96.1376155246,960,0.0000000000,8.7576204448,0,26112,932160,0,48298417137018,48298417160452,48298417314212,48298425364314
101207,"void miso::kernels::attn_prep_kernel<256>(miso::kernels::AttnPrepParams) [clone .kd]",1,1,101509,1553930,1553930,4608,256,1536,0,28,0,64,64,0x0,0x73c6a5032400,0.3720062819,97.9857708255,72,0.0000000000,0.7620503077,104,170,4946,288,48298417267320,48298417314212,48298417434532,48298425172844
101208,"void miso::kernels::attn_split_kernel<256>(miso::kernels::AttnSplitParams) [clone .kd]",1,1,101510,1553930,1553930,4608,256,26112,0,96,0,48,64,0x0,0x73c6a5032440,2.9099333516,96.3820691819,72,0.5021455309,0.1629594386,5550,1136,74914,22744,48298417411905,48298417434532,48298417587652,48298424999061
101209,"void miso::kernels::attn_combine_kernel<256>(miso::kernels::AttnCombineParams) [clone .kd]",1,1,101511,1553930,1553930,4096,256,0,0,16,0,32,64,0x0,0x73c6a5032480,0.5162624453,99.4561464088,64,0.0000000000,0.1036287631,0,2368,9152,0,48298417554993,48298417587652,48298417703171,48298424845582
101210,"void miso::kernels::q4k_gemv_kernel<(miso::kernels::ActFormat)1, 4096u, 256, 4>(miso::kernels::Q4kGemvParams) [clone .kd]",1,1,101512,1553930,1553930,61440,256,0,0,112,0,48,64,0x0,0x73c6a5072fc0,13.2044457631,97.3210883065,960,0.0000000000,1.5054026171,0,16384,451392,0,48298417676543,48298417703171,48298417858371,48298424723292
101211,"void miso::kernels::add_rmsnorm_kernel<2048u, 512>(miso::kernels::AddRmsNormParams, unsigned int) [clone .kd]",1,1,101513,1553930,1553930,512,512,512,0,28,0,32,64,0x0,0x73c6a508d680,0.0404116941,98.7695312500,8,0.0000000000,0.3892118207,16,96,616,24,48298417814555,48298417858371,48298417978691,48298424606753
101212,"void miso::kernels::moe_router_kernel<256>(miso::kernels::MoeRouterParams) [clone .kd]",1,1,101514,1553930,1553930,16640,256,0,0,36,0,32,64,0x0,0x73c6a4de3580,1.5536241157,94.2115461618,260,0.0000000000,0.2991980259,0,3084,25709,0,48298417955426,48298417978691,48298418141891,48298424495678
101213,"void miso::kernels::moe_gate_up_kernel<256>(miso::kernels::MoeGateUpParams) [clone .kd]",1,1,101515,1553930,1553930,30720,256,512,0,64,0,48,64,0x0,0x73c6a4de35c0,27.3318520373,83.3978922829,480,0.0000000000,1.3922980071,714,23712,1256456,10593,48298418114305,48298418141891,48298418390690,48298424383870
101214,"void miso::kernels::moe_down_kernel<(miso::kernels::QType)0, 256>(miso::kernels::MoeDownParams) [clone .kd]",1,1,101516,1553930,1553930,30720,256,9728,0,84,0,32,64,0x0,0x73c6a4de3600,19.1965661770,96.6141918024,480,3.9308685786,1.5690487559,1111,14688,667240,9600,48298418325732,48298418390690,48298418537090,48298424262255
101215,"void miso::kernels::add_rmsnorm_kernel<2048u, 512>(miso::kernels::AddRmsNormParams, unsigned int) [clone .kd]",1,1,101517,1553930,1553930,512,512,512,0,28,0,32,64,0x0,0x73c6a508d680,0.0426700803,98.7695312500,8,0.0000000000,1.0309067897,21,96,616,24,48298418487847,48298418537090,48298418669890,48298424144850
101216,"void miso::kernels::q4k_gemv_kernel<(miso::kernels::ActFormat)1, 2048u, 256, 4>(miso::kernels::Q4kGemvParams) [clone .kd]",1,1,101518,1553930,1553930,61440,256,0,0,72,0,48,64,0x0,0x73c6a5072f40,30.2611276701,95.9887976243,960,0.0000000000,11.5994644065,0,32384,1202640,0,48298418638382,48298418669890,48298418839650,48298424027009
101217,"void miso::kernels::deltanet_step_kernel<256>(miso::kernels::DeltaNetStepParams) [clone .kd]",1,1,101519,1553930,1553930,8192,256,3072,0,184,0,64,64,0x0,0x73c6a5051400,3.3941502797,99.7167266187,128,0.0000000000,1.9307451307,1593,9536,84096,7616,48298418780745,48298418839650,48298418973090,48298423918134
101218,"void miso::kernels::q4k_gemv_kernel<(miso::kernels::ActFormat)1, 4096u, 256, 4>(miso::kernels::Q4kGemvParams) [clone .kd]",1,1,101520,1553930,1553930,61440,256,0,0,112,0,48,64,0x0,0x73c6a5072fc0,14.1778789696,97.3210883065,960,0.0000000000,1.6835401400,0,16384,451392,0,48298418932512,48298418973090,48298419131969,48298423792861
101219,"void miso::kernels::add_rmsnorm_kernel<2048u, 512>(miso::kernels::AddRmsNormParams, unsigned int) [clone .kd]",1,1,101521,1553930,1553930,512,512,512,0,28,0,32,64,0x0,0x73c6a508d680,0.0453881395,98.7695312500,8,0.0000000000,0.4137536043,15,96,616,24,48298419081983,48298419131969,48298419256609,48298423792110
101220,"void miso::kernels::moe_router_kernel<256>(miso::kernels::MoeRouterParams) [clone .kd]",1,1,101522,1553930,1553930,16640,256,0,0,36,0,32,64,0x0,0x73c6a4de3580,1.5915877640,94.2115461618,260,0.0000000000,0.4554320265,0,3084,25709,0,48298419225715,48298419256609,48298419418849,48298441824463
101221,"void miso::kernels::moe_gate_up_kernel<256>(miso::kernels::MoeGateUpParams) [clone .kd]",1,1,101523,1553930,1553930,30720,256,512,0,64,0,48,64,0x0,0x73c6a4de35c0,29.3931275271,83.4027321862,480,0.0000000000,1.4557998866,728,23712,1256456,10593,48298419386771,48298419418849,48298419650208,48298441716470
101222,"void miso::kernels::moe_down_kernel<(miso::kernels::QType)0, 256>(miso::kernels::MoeDownParams) [clone .kd]",1,1,101524,1553930,1553930,30720,256,9728,0,84,0,32,64,0x0,0x73c6a4de3600,18.9811284681,96.6146211365,480,3.8867708087,0.7324517675,1032,14688,667240,9600,48298419590116,48298419650208,48298419791488,48298441603501
101223,"void miso::kernels::add_rmsnorm_kernel<2048u, 512>(miso::kernels::AddRmsNormParams, unsigned int) [clone .kd]",1,1,101525,1553930,1553930,512,512,512,0,28,0,32,64,0x0,0x73c6a508d680,0.0419336662,98.7695312500,8,0.0000000000,1.0402314687,18,96,616,24,48298419744607,48298419791488,48298419969728,48298441494093
101224,"void miso::kernels::q6k_gemv_kernel<2048u, 256, 2>(miso::kernels::Q6kGemvParams) [clone .kd]",1,1,101526,1553930,1553930,122880,256,0,0,60,0,32,64,0x0,0x73c6a5073000,35.3756396683,97.7418074270,1920,0.0000000000,12.2372655978,0,48128,1430784,0,48298419942339,48298419969728,48298420159808,48298441377308
101225,"void miso::kernels::q4k_gemv_kernel<(miso::kernels::ActFormat)1, 2048u, 256, 4>(miso::kernels::Q4kGemvParams) [clone .kd]",1,1,101527,1553930,1553930,61440,256,0,0,72,0,48,64,0x0,0x73c6a5072f40,17.5785243936,96.7215599917,960,0.0000000000,4.5632804166,0,16000,496080,0,48298420106232,48298420159808,48298420309087,48298441263567
101226,"void miso::kernels::deltanet_step_kernel<256>(miso::kernels::DeltaNetStepParams) [clone .kd]",1,1,101528,1553930,1553930,8192,256,3072,0,184,0,64,64,0x0,0x73c6a5051400,3.2447732014,99.7167266187,128,0.0000000000,1.9635026335,1652,9536,84096,7616,48298420268446,48298420309087,48298420466527,48298441153963
101227,"void miso::kernels::q4k_gemv_kernel<(miso::kernels::ActFormat)1, 4096u, 256, 4>(miso::kernels::Q4kGemvParams) [clone .kd]",1,1,101529,1553930,1553930,61440,256,0,0,112,0,48,64,0x0,0x73c6a5072fc0,13.6701538202,97.3210883065,960,0.0000000000,1.4694862281,0,16384,451392,0,48298420427160,48298420466527,48298420624767,48298441044549
101228,"void miso::kernels::add_rmsnorm_kernel<2048u, 512>(miso::kernels::AddRmsNormParams, unsigned int) [clone .kd]",1,1,101530,1553930,1553930,512,512,512,0,28,0,32,64,0x0,0x73c6a508d680,0.0406535051,98.7695312500,8,0.0000000000,0.5192107996,19,96,616,24,48298420574542,48298420624767,48298420753567,48298440934166
101229,"void miso::kernels::moe_router_kernel<256>(miso::kernels::MoeRouterParams) [clone .kd]",1,1,101531,1553930,1553930,16640,256,0,0,36,0,32,64,0x0,0x73c6a4de3580,1.6770913277,94.2115461618,260,0.0000000000,0.4804095294,0,3084,25709,0,48298420722777,48298420753567,48298420936926,48298440824628
101230,"void miso::kernels::moe_gate_up_kernel<256>(miso::kernels::MoeGateUpParams) [clone .kd]",1,1,101532,1553930,1553930,30720,256,512,0,64,0,48,64,0x0,0x73c6a4de35c0,29.3958448343,83.4148841151,480,0.0000000000,1.2888903086,651,23712,1256456,10593,48298420904672,48298420936926,48298421139966,48298440710122
101231,"void miso::kernels::moe_down_kernel<(miso::kernels::QType)1, 256>(miso::kernels::MoeDownParams) [clone .kd]",1,1,101533,1553930,1553930,30720,256,9728,0,108,0,32,64,0x0,0x73c6a4de3640,30.6774021267,98.3610178974,480,1.3825880320,1.2352099316,2244,26976,1014536,9600,48298421075835,48298421139966,48298421283486,48298440598226
101232,"void miso::kernels::add_rmsnorm_kernel<2048u, 512>(miso::kernels::AddRmsNormParams, unsigned int) [clone .kd]",1,1,101534,1553930,1553930,512,512,512,0,28,0,32,64,0x0,0x73c6a508d680,0.0421440801,98.7695312500,8,0.0000000000,0.4950169030,16,96,616,24,48298421230141,48298421283486,48298421413886,48298440480950
101233,"void miso::kernels::q4k_gemv_kernel<(miso::kernels::ActFormat)1, 2048u, 256, 4>(miso::kernels::Q4kGemvParams) [clone .kd]",1,1,101535,1553930,1553930,61440,256,0,0,72,0,48,64,0x0,0x73c6a5072f40,29.8990330339,95.9925008167,960,0.0000000000,10.9870523070,0,32384,1202640,0,48298421383089,48298421413886,48298421596925,48298440373116
101234,"void miso::kernels::deltanet_step_kernel<256>(miso::kernels::DeltaNetStepParams) [clone .kd]",1,1,101536,1553930,1553930,8192,256,3072,0,184,0,64,64,0x0,0x73c6a5051400,3.3300392298,99.7167266187,128,0.0000000000,1.7741489386,1526,9536,84096,7616,48298421535934,48298421596925,48298421714845,48298440260126
101235,"void miso::kernels::q4k_gemv_kernel<(miso::kernels::ActFormat)1, 4096u, 256, 4>(miso::kernels::Q4kGemvParams) [clone .kd]",1,1,101537,1553930,1553930,61440,256,0,0,112,0,48,64,0x0,0x73c6a5072fc0,15.0846691655,97.3213026928,960,0.0000000000,1.3820666250,0,16384,451392,0,48298421674459,48298421714845,48298421865885,48298440133855
101236,"void miso::kernels::add_rmsnorm_kernel<2048u, 512>(miso::kernels::AddRmsNormParams, unsigned int) [clone .kd]",1,1,101538,1553930,1553930,512,512,512,0,28,0,32,64,0x0,0x73c6a508d680,0.0418809795,98.7695312500,8,0.0000000000,0.3834449178,21,96,616,24,48298421818216,48298421865885,48298421990205,48298440024026
101237,"void miso::kernels::moe_router_kernel<256>(miso::kernels::MoeRouterParams) [clone .kd]",1,1,101539,1553930,1553930,16640,256,0,0,36,0,32,64,0x0,0x73c6a4de3580,1.7236551507,94.2115461618,260,0.0000000000,0.4289607375,0,3084,25709,0,48298421959067,48298421990205,48298422199325,48298439912644
101238,"void miso::kernels::moe_gate_up_kernel<256>(miso::kernels::MoeGateUpParams) [clone .kd]",1,1,101540,1553930,1553930,30720,256,512,0,64,0,48,64,0x0,0x73c6a4de35c0,28.8017720907,83.4066417250,480,0.0000000000,1.6221432323,882,23712,1256456,10593,48298422166495,48298422199325,48298422401564,48298439795864
101239,"void miso::kernels::moe_down_kernel<(miso::kernels::QType)0, 256>(miso::kernels::MoeDownParams) [clone .kd]",1,1,101541,1553930,1553930,30720,256,9728,0,84,0,32,64,0x0,0x73c6a4de3600,21.4180293022,96.6154798161,480,4.3858146308,1.2961331727,904,14688,667240,9600,48298422335904,48298422401564,48298422526204,48298439631456
101240,"void miso::kernels::add_rmsnorm_kernel<2048u, 512>(miso::kernels::AddRmsNormParams, unsigned int) [clone .kd]",1,1,101542,1553930,1553930,512,512,512,0,28,0,32,64,0x0,0x73c6a508d680,0.0405314689,98.7695312500,8,0.0000000000,1.4915022465,20,96,616,24,48298422478502,48298422526204,48298422651644,48298439515094
101241,"void miso::kernels::q4k_gemv_kernel<(miso::kernels::ActFormat)1, 2048u, 256, 4>(miso::kernels::Q4kGemvParams) [clone .kd]",1,1,101543,1553930,1553930,61440,256,0,0,72,0,48,64,0x0,0x73c6a5072f40,26.8739286670,96.1416899853,960,0.0000000000,9.2662287663,0,26112,932160,0,48298422621934,48298422651644,48298422822524,48298439377107
101242,"void miso::kernels::attn_prep_kernel<256>(miso::kernels::AttnPrepParams) [clone .kd]",1,1,101544,1553930,1553930,4608,256,1536,0,28,0,64,64,0x0,0x73c6a5032400,0.3614096748,97.9857708255,72,0.0000000000,0.8519655754,77,170,4946,288,48298422768203,48298422822524,48298422940923,48298439256263
101243,"void miso::kernels::attn_split_kernel<256>(miso::kernels::AttnSplitParams) [clone .kd]",1,1,101545,1553930,1553930,4608,256,26112,0,96,0,48,64,0x0,0x73c6a5032440,3.1067085801,96.3820691819,72,0.5361015669,0.2433104570,5589,1136,74914,22744,48298422911769,48298422940923,48298423140603,48298439122430
101244,"void miso::kernels::attn_combine_kernel<256>(miso::kernels::AttnCombineParams) [clone .kd]",1,1,101546,1553930,1553930,4096,256,0,0,16,0,32,64,0x0,0x73c6a5032480,0.4805881230,99.4561464088,64,0.0000000000,0.1913604309,0,2368,9152,0,48298423102262,48298423140603,48298423273723,48298438937512
101245,"void miso::kernels::q4k_gemv_kernel<(miso::kernels::ActFormat)1, 4096u, 256, 4>(miso::kernels::Q4kGemvParams) [clone .kd]",1,1,101547,1553930,1553930,61440,256,0,0,112,0,48,64,0x0,0x73c6a5072fc0,14.2392190813,97.3213026928,960,0.0000000000,1.2555879319,0,16384,451392,0,48298423241039,48298423273723,48298423451003,48298438750162
101246,"void miso::kernels::add_rmsnorm_kernel<2048u, 512>(miso::kernels::AddRmsNormParams, unsigned int) [clone .kd]",1,1,101548,1553930,1553930,512,512,512,0,28,0,32,64,0x0,0x73c6a508d680,0.0411983572,98.7695312500,8,0.0000000000,0.4354792326,14,96,616,24,48298423401848,48298423451003,48298423575162,48298438638189
101247,"void miso::kernels::moe_router_kernel<256>(miso::kernels::MoeRouterParams) [clone .kd]",1,1,101549,1553930,1553930,16640,256,0,0,36,0,32,64,0x0,0x73c6a4de3580,1.5075368218,94.2115461618,260,0.0000000000,0.2905502906,0,3084,25709,0,48298423546090,48298423575162,48298423714682,48298438514883
101248,"void miso::kernels::moe_gate_up_kernel<256>(miso::kernels::MoeGateUpParams) [clone .kd]",1,1,101550,1553930,1553930,30720,256,512,0,64,0,48,64,0x0,0x73c6a4de35c0,26.4691203866,83.3999610691,480,0.0000000000,1.4971462114,536,23712,1256456,10593,48298423685998,48298423714682,48298425505399,48298438393254
101249,"void miso::kernels::moe_down_kernel<(miso::kernels::QType)0, 256>(miso::kernels::MoeDownParams) [clone .kd]",1,1,101551,1553930,1553930,30720,256,9728,0,84,0,32,64,0x0,0x73c6a4de3600,18.0179992634,96.6140486919,480,3.6895287204,0.7991855684,911,14688,667240,9600,48298425446943,48298425505399,48298430312112,48298438280275
101250,"void miso::kernels::add_rmsnorm_kernel<2048u, 512>(miso::kernels::AddRmsNormParams, unsigned int) [clone .kd]",1,1,101552,1553930,1553930,512,512,512,0,28,0,32,64,0x0,0x73c6a508d680,0.0385969991,98.7695312500,8,0.0000000000,1.0402094408,18,96,616,24,48298430273992,48298430312112,48298430496432,48298438168107
101251,"void miso::kernels::q6k_gemv_kernel<2048u, 256, 2>(miso::kernels::Q6kGemvParams) [clone .kd]",1,1,101553,1553930,1553930,122880,256,0,0,60,0,32,64,0x0,0x73c6a5073000,36.1576307786,97.7451256164,1920,0.0000000000,12.5639478949,0,48128,1430784,0,48298430465462,48298430496432,48298430665232,48298438052102
101252,"void miso::kernels::q4k_gemv_kernel<(miso::kernels::ActFormat)1, 2048u, 256, 4>(miso::kernels::Q4kGemvParams) [clone .kd]",1,1,101554,1553930,1553930,61440,256,0,0,72,0,48,64,0x0,0x73c6a5072f40,17.3078410252,96.7223317083,960,0.0000000000,5.6496964533,0,16000,496080,0,48298430609955,48298430665232,48298430804271,48298437932775
101253,"void miso::kernels::deltanet_step_kernel<256>(miso::kernels::DeltaNetStepParams) [clone .kd]",1,1,101555,1553930,1553930,8192,256,3072,0,184,0,64,64,0x0,0x73c6a5051400,3.2601127260,99.7167266187,128,0.0000000000,1.4961963961,1777,9536,84096,7616,48298430763198,48298430804271,48298430941551,48298437816916
101254,"void miso::kernels::q4k_gemv_kernel<(miso::kernels::ActFormat)1, 4096u, 256, 4>(miso::kernels::Q4kGemvParams) [clone .kd]",1,1,101556,1553930,1553930,61440,256,0,0,112,0,48,64,0x0,0x73c6a5072fc0,13.5480347390,97.3208739211,960,0.0000000000,1.2199758880,0,16384,451392,0,48298430899911,48298430941551,48298431090831,48298437704958
101255,"void miso::kernels::add_rmsnorm_kernel<2048u, 512>(miso::kernels::AddRmsNormParams, unsigned int) [clone .kd]",1,1,101557,1553930,1553930,512,512,512,0,28,0,32,64,0x0,0x73c6a508d680,0.0448499629,98.7695312500,8,0.0000000000,0.4400132522,19,96,616,24,48298431043234,48298431090831,48298431218511,48298437592783
101256,"void miso::kernels::moe_router_kernel<256>(miso::kernels::MoeRouterParams) [clone .kd]",1,1,101558,1553930,1553930,16640,256,0,0,36,0,32,64,0x0,0x73c6a4de3580,1.6911736254,94.2115461618,260,0.0000000000,0.4592101585,0,3084,25709,0,48298431187821,48298431218511,48298431365550,48298437476303
101257,"void miso::kernels::moe_gate_up_kernel<256>(miso::kernels::MoeGateUpParams) [clone .kd]",1,1,101559,1553930,1553930,30720,256,512,0,64,0,48,64,0x0,0x73c6a4de35c0,29.8450650954,83.4112920095,480,0.0000000000,1.4771053394,1056,23712,1256456,10593,48298431333717,48298431365550,48298431539950,48298437366261
101258,"void miso::kernels::moe_down_kernel<(miso::kernels::QType)1, 256>(miso::kernels::MoeDownParams) [clone .kd]",1,1,101560,1553930,1553930,30720,256,9728,0,108,0,32,64,0x0,0x73c6a4de3640,30.8185632641,98.3638078387,480,1.3889893656,0.7443233052,2349,26976,1014536,9600,48298431474575,48298431539950,48298431669710,48298437253641
101259,"void miso::kernels::add_rmsnorm_kernel<2048u, 512>(miso::kernels::AddRmsNormParams, unsigned int) [clone .kd]",1,1,101561,1553930,1553930,512,512,512,0,28,0,32,64,0x0,0x73c6a508d680,0.0432268871,98.7695312500,8,0.0000000000,0.4856512141,22,96,616,24,48298431618062,48298431669710,48298431789550,48298437136301
101260,"void miso::kernels::q4k_gemv_kernel<(miso::kernels::ActFormat)1, 2048u, 256, 4>(miso::kernels::Q4kGemvParams) [clone .kd]",1,1,101562,1553930,1553930,61440,256,0,0,72,0,48,64,0x0,0x73c6a5072f40,30.1129583216,95.9904522069,960,0.0000000000,10.4834410836,0,32384,1202640,0,48298431757952,48298431789550,48298431966990,48298436974883
101261,"void miso::kernels::deltanet_step_kernel<256>(miso::kernels::DeltaNetStepParams) [clone .kd]",1,1,101563,1553930,1553930,8192,256,3072,0,184,0,64,64,0x0,0x73c6a5051400,3.2454834661,99.7167266187,128,0.0000000000,1.4743545768,1919,9536,84096,7616,48298431907834,48298431966990,48298432097709,48298436787770
101262,"void miso::kernels::q4k_gemv_kernel<(miso::kernels::ActFormat)1, 4096u, 256, 4>(miso::kernels::Q4kGemvParams) [clone .kd]",1,1,101564,1553930,1553930,61440,256,0,0,112,0,48,64,0x0,0x73c6a5072fc0,13.8166633187,97.3213026928,960,0.0000000000,1.9147207566,0,16384,451392,0,48298432056991,48298432097709,48298432244109,48298436786533
101263,"void miso::kernels::add_rmsnorm_kernel<2048u, 512>(miso::kernels::AddRmsNormParams, unsigned int) [clone .kd]",1,1,101565,1553930,1553930,512,512,512,0,28,0,32,64,0x0,0x73c6a508d680,0.0436371570,98.7695312500,8,0.0000000000,0.3980466987,16,96,616,24,48298432195995,48298432241883,48298432368762,48298458034022
101264,"void miso::kernels::moe_router_kernel<256>(miso::kernels::MoeRouterParams) [clone .kd]",1,1,101566,1553930,1553930,16640,256,0,0,36,0,32,64,0x0,0x73c6a4de3580,1.5975801440,94.2115461618,260,0.0000000000,0.4313646810,0,3084,25709,0,48298432339263,48298432368762,48298432510682,48298457919305
101265,"void miso::kernels::moe_gate_up_kernel<256>(miso::kernels::MoeGateUpParams) [clone .kd]",1,1,101567,1553930,1553930,30720,256,512,0,64,0,48,64,0x0,0x73c6a4de35c0,28.9908774632,83.4025727758,480,0.0000000000,1.7578250530,821,23712,1256456,10593,48298432478540,48298432510682,48298432683802,48298457804402
101266,"void miso::kernels::moe_down_kernel<(miso::kernels::QType)0, 256>(miso::kernels::MoeDownParams) [clone .kd]",1,1,101568,1553930,1553930,30720,256,9728,0,84,0,32,64,0x0,0x73c6a4de3600,19.8442359360,96.6159091616,480,4.0635637313,0.8149737134,966,14688,667240,9600,48298432619448,48298432683802,48298432804922,48298457690084
101267,"void miso::kernels::add_rmsnorm_kernel<2048u, 512>(miso::kernels::AddRmsNormParams, unsigned int) [clone .kd]",1,1,101569,1553930,1553930,512,512,512,0,28,0,32,64,0x0,0x73c6a508d680,0.0438362169,98.7695312500,8,0.0000000000,0.5048639330,21,96,616,24,48298432758120,48298432804922,48298432928441,48298457577109
101268,"void miso::kernels::q4k_gemv_kernel<(miso::kernels::ActFormat)1, 2048u, 256, 4>(miso::kernels::Q4kGemvParams) [clone .kd]",1,1,101570,1553930,1553930,61440,256,0,0,72,0,48,64,0x0,0x73c6a5072f40,30.0554576987,95.9890339897,960,0.0000000000,10.4918778513,0,32384,1202640,0,48298432900319,48298432928441,48298433132441,48298457464577
101269,"void miso::kernels::deltanet_step_kernel<256>(miso::kernels::DeltaNetStepParams) [clone .kd]",1,1,101571,1553930,1553930,8192,256,3072,0,184,0,64,64,0x0,0x73c6a5051400,3.2735729636,99.7167266187,128,0.0000000000,1.6585109351,1675,9536,84096,7616,48298433075399,48298433132441,48298433254201,48298457355083
101270,"void miso::kernels::q4k_gemv_kernel<(miso::kernels::ActFormat)1, 4096u, 256, 4>(miso::kernels::Q4kGemvParams) [clone .kd]",1,1,101572,1553930,1553930,61440,256,0,0,112,0,48,64,0x0,0x73c6a5072fc0,13.6282633235,97.3213026928,960,0.0000000000,1.1405215343,0,16384,451392,0,48298433216224,48298433254201,48298433406681,48298457246347
101271,"void miso::kernels::add_rmsnorm_kernel<2048u, 512>(miso::kernels::AddRmsNormParams, unsigned int) [clone .kd]",1,1,101573,1553930,1553930,512,512,512,0,28,0,32,64,0x0,0x73c6a508d680,0.0432391531,98.7695312500,8,0.0000000000,0.5033074490,26,96,616,24,48298433359850,48298433406681,48298433533400,48298457130462
101272,"void miso::kernels::moe_router_kernel<256>(miso::kernels::MoeRouterParams) [clone .kd]",1,1,101574,1553930,1553930,16640,256,0,0,36,0,32,64,0x0,0x73c6a4de3580,1.6348096057,94.2115461618,260,0.0000000000,0.4484475354,0,3084,25709,0,48298433503831,48298433533400,48298433682040,48298457013417
101273,"void miso::kernels::moe_gate_up_kernel<256>(miso::kernels::MoeGateUpParams) [clone .kd]",1,1,101575,1553930,1553930,30720,256,512,0,64,0,48,64,0x0,0x73c6a4de35c0,28.8693191585,83.4107772638,480,0.0000000000,1.3738593360,898,23712,1256456,10593,48298433650752,48298433682040,48298433855320,48298456899554
101274,"void miso::kernels::moe_down_kernel<(miso::kernels::QType)0, 256>(miso::kernels::MoeDownParams) [clone .kd]",1,1,101576,1553930,1553930,30720,256,9728,0,84,0,32,64,0x0,0x73c6a4de3600,20.7399863597,96.6144780247,480,4.2469263239,0.9168618061,1003,14688,667240,9600,48298433791779,48298433855320,48298433977240,48298456788370
101275,"void miso::kernels::add_rmsnorm_kernel<2048u, 512>(miso::kernels::AddRmsNormParams, unsigned int) [clone .kd]",1,1,101577,1553930,1553930,512,512,512,0,28,0,32,64,0x0,0x73c6a508d680,0.0442435052,98.7695312500,8,0.0000000000,1.0125878569,20,96,616,24,48298433930032,48298433977240,48298434132599,48298456681026
101276,"void miso::kernels::q4k_gemv_kernel<(miso::kernels::ActFormat)1, 2048u, 256, 4>(miso::kernels::Q4kGemvParams) [clone .kd]",1,1,101578,1553930,1553930,61440,256,0,0,72,0,48,64,0x0,0x73c6a5072f40,26.0233009147,96.1687464477,960,0.0000000000,9.5941461166,0,25088,888000,0,48298434108853,48298434132599,48298434316759,48298456566512
101277,"void miso::kernels::q6k_gemv_kernel<2048u, 256, 1>(miso::kernels::Q6kGemvParams) [clone .kd]",1,1,101579,1553930,1553930,61440,256,0,0,60,0,32,64,0x0,0x73c6a5073040,9.1696858798,97.9878539548,960,0.0000000000,2.2982469303,0,6144,149312,0,48298434266519,48298434316759,48298434439799,48298456452069
101278,"void miso::kernels::attn_prep_kernel<256>(miso::kernels::AttnPrepParams) [clone .kd]",1,1,101580,1553930,1553930,4608,256,1536,0,28,0,64,64,0x0,0x73c6a5032400,0.3445007142,97.9857708255,72,0.0000000000,2.1830251494,81,170,4946,288,48298434409586,48298434439799,48298434683798,48298456336750
101279,"void miso::kernels::attn_split_kernel<256>(miso::kernels::AttnSplitParams) [clone .kd]",1,1,101581,1553930,1553930,4608,256,26112,0,96,0,48,64,0x0,0x73c6a5032440,2.9448858912,96.3820691819,72,0.5081770304,0.5920307116,5809,1136,74914,22744,48298434658132,48298434683798,48298434869398,48298456219209
101280,"void miso::kernels::attn_combine_kernel<256>(miso::kernels::AttnCombineParams) [clone .kd]",1,1,101582,1553930,1553930,4096,256,0,0,16,0,32,64,0x0,0x73c6a5032480,0.6407150522,99.4561464088,64,0.0000000000,0.2650703929,0,2368,9152,0,48298434837792,48298434869398,48298435056918,48298456103885
101281,"void miso::kernels::q4k_gemv_kernel<(miso::kernels::ActFormat)1, 4096u, 256, 4>(miso::kernels::Q4kGemvParams) [clone .kd]",1,1,101583,1553930,1553930,61440,256,0,0,112,0,48,64,0x0,0x73c6a5072fc0,13.8923878249,97.3204451533,960,0.0000000000,1.1394741025,0,16384,451392,0,48298435029444,48298435056918,48298435227317,48298455987493
101282,"void miso::kernels::add_rmsnorm_kernel<2048u, 512>(miso::kernels::AddRmsNormParams, unsigned int) [clone .kd]",1,1,101584,1553930,1553930,512,512,512,0,28,0,32,64,0x0,0x73c6a508d680,0.0405330091,98.7695312500,8,0.0000000000,0.9916321424,32,96,616,24,48298435184312,48298435227317,48298435394197,48298455879361
101283,"void miso::kernels::moe_router_kernel<256>(miso::kernels::MoeRouterParams) [clone .kd]",1,1,101585,1553930,1553930,16640,256,0,0,36,0,32,64,0x0,0x73c6a4de3580,1.7552208835,94.2115461618,260,0.0000000000,0.3370245546,0,3084,25709,0,48298435367961,48298435394197,48298435548437,48298455760329
101284,"void miso::kernels::moe_gate_up_kernel<256>(miso::kernels::MoeGateUpParams) [clone .kd]",1,1,101586,1553930,1553930,30720,256,512,0,64,0,48,64,0x0,0x73c6a4de35c0,29.3365358775,83.4082034605,480,0.0000000000,1.7127979399,654,23712,1256456,10593,48298435519177,48298435548437,48298435720597,48298455647634
101285,"void miso::kernels::moe_down_kernel<(miso::kernels::QType)1, 256>(miso::kernels::MoeDownParams) [clone .kd]",1,1,101587,1553930,1553930,30720,256,9728,0,108,0,32,64,0x0,0x73c6a4de3640,30.1621238938,98.3557270640,480,1.3592920354,2.1748976852,2376,26976,1014536,9600,48298435657943,48298435720597,48298435848916,48298455531310
101286,"void miso::kernels::add_rmsnorm_kernel<2048u, 512>(miso::kernels::AddRmsNormParams, unsigned int) [clone .kd]",1,1,101588,1553930,1553930,512,512,512,0,28,0,32,64,0x0,0x73c6a508d680,0.0429017684,98.7695312500,8,0.0000000000,0.4975179019,13,96,616,24,48298435799206,48298435848916,48298435971316,48298455414547
101287,"void miso::kernels::q4k_gemv_kernel<(miso::kernels::ActFormat)1, 2048u, 256, 4>(miso::kernels::Q4kGemvParams) [clone .kd]",1,1,101589,1553930,1553930,61440,256,0,0,72,0,48,64,0x0,0x73c6a5072f40,27.3602782981,95.9903734159,960,0.0000000000,11.3506803334,0,32384,1202640,0,48298435941091,48298435971316,48298436146196,48298455299777
101288,"void miso::kernels::deltanet_step_kernel<256>(miso::kernels::DeltaNetStepParams) [clone .kd]",1,1,101590,1553930,1553930,8192,256,3072,0,184,0,64,64,0x0,0x73c6a5051400,3.4355979856,99.7167266187,128,0.0000000000,1.6816039379,1609,9536,84096,7616,48298436088310,48298436146196,48298436294676,48298455188343
101289,"void miso::kernels::q4k_gemv_kernel<(miso::kernels::ActFormat)1, 4096u, 256, 4>(miso::kernels::Q4kGemvParams) [clone .kd]",1,1,101591,1553930,1553930,61440,256,0,0,112,0,48,64,0x0,0x73c6a5072fc0,13.5402163084,97.3213026928,960,0.0000000000,1.5169713751,0,16384,451392,0,48298436254721,48298436294676,48298436489075,48298455071916
101290,"void miso::kernels::add_rmsnorm_kernel<2048u, 512>(miso::kernels::AddRmsNormParams, unsigned int) [clone .kd]",1,1,101592,1553930,1553930,512,512,512,0,28,0,32,64,0x0,0x73c6a508d680,0.0460942339,98.7695312500,8,0.0000000000,0.3914965270,16,96,616,24,48298436447418,48298436489075,48298436690515,48298454947671
101291,"void miso::kernels::moe_router_kernel<256>(miso::kernels::MoeRouterParams) [clone .kd]",1,1,101593,1553930,1553930,16640,256,0,0,36,0,32,64,0x0,0x73c6a4de3580,1.2375410579,94.2115461618,260,0.0000000000,0.4428555172,0,3084,25709,0,48298436662225,48298436690515,48298437081554,48298454824905
101292,"void miso::kernels::moe_gate_up_kernel<256>(miso::kernels::MoeGateUpParams) [clone .kd]",1,1,101594,1553930,1553930,30720,256,512,0,64,0,48,64,0x0,0x73c6a4de35c0,26.5857059354,83.4193705011,480,0.0000000000,1.7104504389,770,23712,1256456,10593,48298437046665,48298437081554,48298442398665,48298454659795
101293,"void miso::kernels::moe_down_kernel<(miso::kernels::QType)0, 256>(miso::kernels::MoeDownParams) [clone .kd]",1,1,101595,1553930,1553930,30720,256,9728,0,84,0,32,64,0x0,0x73c6a4de3600,19.3565239332,96.6169109827,480,3.9637345812,0.5981980421,1002,14688,667240,9600,48298442348637,48298442398665,48298442630825,48298454376172
101294,"void miso::kernels::add_rmsnorm_kernel<2048u, 512>(miso::kernels::AddRmsNormParams, unsigned int) [clone .kd]",1,1,101596,1553930,1553930,512,512,512,0,28,0,32,64,0x0,0x73c6a508d680,0.0401878783,98.7695312500,8,0.0000000000,0.5332377861,15,96,616,24,48298442588592,48298442630825,48298442740425,48298454263490
101295,"void miso::kernels::q4k_gemv_kernel<(miso::kernels::ActFormat)1, 2048u, 256, 4>(miso::kernels::Q4kGemvParams) [clone .kd]",1,1,101597,1553930,1553930,61440,256,0,0,72,0,48,64,0x0,0x73c6a5072f40,28.7582148320,95.9924220224,960,0.0000000000,10.7308450608,0,32384,1202640,0,48298442717282,48298442740425,48298442905704,48298454145365
101296,"void miso::kernels::deltanet_step_kernel<256>(miso::kernels::DeltaNetStepParams) [clone .kd]",1,1,101598,1553930,1553930,8192,256,3072,0,184,0,64,64,0x0,0x73c6a5051400,3.2580352173,99.7167266187,128,0.0000000000,1.9074180564,1812,9536,84096,7616,48298442852933,48298442905704,48298443011624,48298454027513
101297,"void miso::kernels::q4k_gemv_kernel<(miso::kernels::ActFormat)1, 4096u, 256, 4>(miso::kernels::Q4kGemvParams) [clone .kd]",1,1,101599,1553930,1553930,61440,256,0,0,112,0,48,64,0x0,0x73c6a5072fc0,13.8230654925,97.3206595367,960,0.0000000000,1.2727953122,0,16384,451392,0,48298442978118,48298443011624,48298443146984,48298453917545
101298,"void miso::kernels::add_rmsnorm_kernel<2048u, 512>(miso::kernels::AddRmsNormParams, unsigned int) [clone .kd]",1,1,101600,1553930,1553930,512,512,512,0,28,0,32,64,0x0,0x73c6a508d680,0.0473737194,98.7695312500,8,0.0000000000,0.5047766051,21,96,616,24,48298443107453,48298443146984,48298443251784,48298453807321
101299,"void miso::kernels::moe_router_kernel<256>(miso::kernels::MoeRouterParams) [clone .kd]",1,1,101601,1553930,1553930,16640,256,0,0,36,0,32,64,0x0,0x73c6a4de3580,1.6289601193,94.2115461618,260,0.0000000000,0.4463784391,0,3084,25709,0,48298443230532,48298443251784,48298443382344,48298453697766
101300,"void miso::kernels::moe_gate_up_kernel<256>(miso::kernels::MoeGateUpParams) [clone .kd]",1,1,101602,1553930,1553930,30720,256,512,0,64,0,48,64,0x0,0x73c6a4de35c0,29.3175236228,83.4053718163,480,0.0000000000,1.3733410271,804,23712,1256456,10593,48298443358619,48298443382344,48298443555303,48298453583050
101301,"void miso::kernels::moe_down_kernel<(miso::kernels::QType)0, 256>(miso::kernels::MoeDownParams) [clone .kd]",1,1,101603,1553930,1553930,30720,256,9728,0,84,0,32,64,0x0,0x73c6a4de3600,19.7102807558,96.6164816282,480,4.0361572420,0.8253734782,1026,14688,667240,9600,48298443498789,48298443555303,48298443664103,48298453468207
101302,"void miso::kernels::add_rmsnorm_kernel<2048u, 512>(miso::kernels::AddRmsNormParams, unsigned int) [clone .kd]",1,1,101604,1553930,1553930,512,512,512,0,28,0,32,64,0x0,0x73c6a508d680,0.0434664493,98.7695312500,8,0.0000000000,0.4668842705,16,96,616,24,48298443622424,48298443664103,48298443778023,48298453328104
101303,"void miso::kernels::q6k_gemv_kernel<2048u, 256, 2>(miso::kernels::Q6kGemvParams) [clone .kd]",1,1,101605,1553930,1553930,122880,256,0,0,60,0,32,64,0x0,0x73c6a5073000,34.5018692750,97.7449224555,1920,0.0000000000,12.0956404810,0,48128,1430784,0,48298443755276,48298443778023,48298443936743,48298453159660
101304,"void miso::kernels::q4k_gemv_kernel<(miso::kernels::ActFormat)1, 2048u, 256, 4>(miso::kernels::Q4kGemvParams) [clone .kd]",1,1,101606,1553930,1553930,61440,256,0,0,72,0,48,64,0x0,0x73c6a5072f40,17.5835823618,96.7242610538,960,0.0000000000,4.9840022332,0,16000,496080,0,48298443887617,48298443936743,48298444065382,48298452989459
101305,"void miso::kernels::deltanet_step_kernel<256>(miso::kernels::DeltaNetStepParams) [clone .kd]",1,1,101607,1553930,1553930,8192,256,3072,0,184,0,64,64,0x0,0x73c6a5051400,3.2579636262,99.7167266187,128,0.0000000000,1.8419986951,1339,9536,84096,7616,48298444032805,48298444065382,48298444207942,48298452809545
101306,"void miso::kernels::q4k_gemv_kernel<(miso::kernels::ActFormat)1, 4096u, 256, 4>(miso::kernels::Q4kGemvParams) [clone .kd]",1,1,101608,1553930,1553930,61440,256,0,0,112,0,48,64,0x0,0x73c6a5072fc0,13.0511232628,97.3213026928,960,0.0000000000,1.2982925835,0,16384,451392,0,48298444169633,48298444207942,48298444367942,48298452808725
101307,"void miso::kernels::add_rmsnorm_kernel<2048u, 512>(miso::kernels::AddRmsNormParams, unsigned int) [clone .kd]",1,1,101609,1553930,1553930,512,512,512,0,28,0,32,64,0x0,0x73c6a508d680,0.0413228477,98.7695312500,8,0.0000000000,0.3812839322,13,96,616,24,48298444320286,48298444367942,48298444483142,48298473349919
101308,"void miso::kernels::moe_router_kernel<256>(miso::kernels::MoeRouterParams) [clone .kd]",1,1,101610,1553930,1553930,16640,256,0,0,36,0,32,64,0x0,0x73c6a4de3580,1.6376887623,94.2115461618,260,0.0000000000,0.4611082464,0,3084,25709,0,48298444453909,48298444483142,48298444625061,48298473189645
101309,"void miso::kernels::moe_gate_up_kernel<256>(miso::kernels::MoeGateUpParams) [clone .kd]",1,1,101611,1553930,1553930,30720,256,512,0,64,0,48,64,0x0,0x73c6a4de35c0,26.6084558077,83.4006901963,480,0.0000000000,1.3566261077,765,23712,1256456,10593,48298444604017,48298444625061,48298444816421,48298473080648
101310,"void miso::kernels::moe_down_kernel<(miso::kernels::QType)1, 256>(miso::kernels::MoeDownParams) [clone .kd]",1,1,101612,1553930,1553930,30720,256,9728,0,108,0,32,64,0x0,0x73c6a4de3640,27.6685230588,98.3605368890,480,1.2469759210,1.2640841028,2350,26976,1014536,9600,48298444759911,48298444816421,48298444938981,48298472966283
101311,"void miso::kernels::add_rmsnorm_kernel<2048u, 512>(miso::kernels::AddRmsNormParams, unsigned int) [clone .kd]",1,1,101613,1553930,1553930,512,512,512,0,28,0,32,64,0x0,0x73c6a508d680,0.0422927983,98.7695312500,8,0.0000000000,0.9966105612,16,96,616,24,48298444896748,48298444938981,48298445090981,48298472852653
101312,"void miso::kernels::q4k_gemv_kernel<(miso::kernels::ActFormat)1, 2048u, 256, 4>(miso::kernels::Q4kGemvParams) [clone .kd]",1,1,101614,1553930,1553930,61440,256,0,0,72,0,48,64,0x0,0x73c6a5072f40,23.8878765331,96.1370043852,960,0.0000000000,9.4582899271,0,26112,932160,0,48298445065053,48298445090981,48298445314820,48298472742308
101313,"void miso::kernels::attn_prep_kernel<256>(miso::kernels::AttnPrepParams) [clone .kd]",1,1,101615,1553930,1553930,4608,256,1536,0,28,0,64,64,0x0,0x73c6a5032400,0.3423004967,97.9857708255,72,0.0000000000,0.2291808486,72,170,4946,288,48298445269962,48298445314820,48298445447780,48298472631749
101314,"void miso::kernels::attn_split_kernel<256>(miso::kernels::AttnSplitParams) [clone .kd]",1,1,101616,1553930,1553930,4608,256,26112,0,96,0,48,64,0x0,0x73c6a5032440,2.8752819125,96.3820691819,72,0.4961659901,1.4525675707,5676,1136,74914,22744,48298445425262,48298445447780,48298445590660,48298472520466
101315,"void miso::kernels::attn_combine_kernel<256>(miso::kernels::AttnCombineParams) [clone .kd]",1,1,101617,1553930,1553930,4096,256,0,0,16,0,32,64,0x0,0x73c6a5032480,0.4841918711,99.4561464088,64,0.0000000000,0.1011067251,0,2368,9152,0,48298445559531,48298445590660,48298445725380,48298472410252
101316,"void miso::kernels::q4k_gemv_kernel<(miso::kernels::ActFormat)1, 4096u, 256, 4>(miso::kernels::Q4kGemvParams) [clone .kd]",1,1,101618,1553930,1553930,61440,256,0,0,112,0,48,64,0x0,0x73c6a5072fc0,13.9226871787,97.3213026928,960,0.0000000000,1.4031719070,0,16384,451392,0,48298445701541,48298445725380,48298445876259,48298472302768
101317,"void miso::kernels::add_rmsnorm_kernel<2048u, 512>(miso::kernels::AddRmsNormParams, unsigned int) [clone .kd]",1,1,101619,1553930,1553930,512,512,512,0,28,0,32,64,0x0,0x73c6a508d680,0.0433692485,98.7695312500,8,0.0000000000,0.9548040088,17,96,616,24,48298445839498,48298445876259,48298446010979,48298472190762
101318,"void miso::kernels::moe_router_kernel<256>(miso::kernels::MoeRouterParams) [clone .kd]",1,1,101620,1553930,1553930,16640,256,0,0,36,0,32,64,0x0,0x73c6a4de3580,1.6562452630,94.2115461618,260,0.0000000000,0.4075159594,0,3084,25709,0,48298445988775,48298446010979,48298446149699,48298472078926
101319,"void miso::kernels::moe_gate_up_kernel<256>(miso::kernels::MoeGateUpParams) [clone .kd]",1,1,101621,1553930,1553930,30720,256,512,0,64,0,48,64,0x0,0x73c6a4de35c0,27.5794096963,83.4119930191,480,0.0000000000,1.5964894416,660,23712,1256456,10593,48298446126405,48298446149699,48298446322179,48298471972396
101320,"void miso::kernels::moe_down_kernel<(miso::kernels::QType)0, 256>(miso::kernels::MoeDownParams) [clone .kd]",1,1,101622,1553930,1553930,30720,256,9728,0,84,0,32,64,0x0,0x73c6a4de3600,19.3130102931,96.6151935879,480,3.9547537719,1.0629244240,971,14688,667240,9600,48298446265869,48298446322179,48298446457538,48298471860817
101321,"void miso::kernels::add_rmsnorm_kernel<2048u, 512>(miso::kernels::AddRmsNormParams, unsigned int) [clone .kd]",1,1,101623,1553930,1553930,512,512,512,0,28,0,32,64,0x0,0x73c6a508d680,0.0414239482,98.7695312500,8,0.0000000000,0.9988912208,15,96,616,24,48298446414829,48298446457538,48298446571458,48298471749075
101322,"void miso::kernels::q4k_gemv_kernel<(miso::kernels::ActFormat)1, 2048u, 256, 4>(miso::kernels::Q4kGemvParams) [clone .kd]",1,1,101624,1553930,1553930,61440,256,0,0,72,0,48,64,0x0,0x73c6a5072f40,29.1811697302,95.9891915673,960,0.0000000000,10.3729806269,0,32384,1202640,0,48298446548557,48298446571458,48298446739938,48298471634450
101323,"void miso::kernels::deltanet_step_kernel<256>(miso::kernels::DeltaNetStepParams) [clone .kd]",1,1,101625,1553930,1553930,8192,256,3072,0,184,0,64,64,0x0,0x73c6a5051400,3.2427151908,99.7167266187,128,0.0000000000,1.4369263794,1850,9536,84096,7616,48298446688913,48298446739938,48298446897538,48298471521616
101324,"void miso::kernels::q4k_gemv_kernel<(miso::kernels::ActFormat)1, 4096u, 256, 4>(miso::kernels::Q4kGemvParams) [clone .kd]",1,1,101626,1553930,1553930,61440,256,0,0,112,0,48,64,0x0,0x73c6a5072fc0,12.8122389307,97.3210883065,960,0.0000000000,1.6179358699,0,16384,451392,0,48298446866024,48298446897538,48298447056577,48298471409593
101325,"void miso::kernels::add_rmsnorm_kernel<2048u, 512>(miso::kernels::AddRmsNormParams, unsigned int) [clone .kd]",1,1,101627,1553930,1553930,512,512,512,0,28,0,32,64,0x0,0x73c6a508d680,0.0405808129,98.7695312500,8,0.0000000000,0.4014598540,19,96,616,24,48298447009747,48298447056577,48298447217537,48298471297828
101326,"void miso::kernels::moe_router_kernel<256>(miso::kernels::MoeRouterParams) [clone .kd]",1,1,101628,1553930,1553930,16640,256,0,0,36,0,32,64,0x0,0x73c6a4de3580,1.6424276588,94.2115461618,260,0.0000000000,0.4826998743,0,3084,25709,0,48298447194524,48298447217537,48298447360097,48298471184959
101327,"void miso::kernels::moe_gate_up_kernel<256>(miso::kernels::MoeGateUpParams) [clone .kd]",1,1,101629,1553930,1553930,30720,256,512,0,64,0,48,64,0x0,0x73c6a4de35c0,28.7871355671,83.4098290070,480,0.0000000000,1.2855107368,789,23712,1256456,10593,48298447335248,48298447360097,48298447539776,48298471039576
101328,"void miso::kernels::moe_down_kernel<(miso::kernels::QType)0, 256>(miso::kernels::MoeDownParams) [clone .kd]",1,1,101630,1553930,1553930,30720,256,9728,0,84,0,32,64,0x0,0x73c6a4de3600,19.6467486205,96.6174834612,480,4.0231892156,0.5697380905,973,14688,667240,9600,48298447476812,48298447539776,48298447662656,48298470912474
101329,"void miso::kernels::add_rmsnorm_kernel<2048u, 512>(miso::kernels::AddRmsNormParams, unsigned int) [clone .kd]",1,1,101631,1553930,1553930,512,512,512,0,28,0,32,64,0x0,0x73c6a508d680,0.0415692388,98.7695312500,8,0.0000000000,0.4305672648,15,96,616,24,48298447617059,48298447662656,48298447774816,48298470794008
101330,"void miso::kernels::q6k_gemv_kernel<2048u, 256, 2>(miso::kernels::Q6kGemvParams) [clone .kd]",1,1,101632,1553930,1553930,122880,256,0,0,60,0,32,64,0x0,0x73c6a5073000,36.8156542855,97.7464123219,1920,0.0000000000,12.7643315097,0,48128,1430784,0,48298447753825,48298447774816,48298447937856,48298470680052
101331,"void miso::kernels::q4k_gemv_kernel<(miso::kernels::ActFormat)1, 2048u, 256, 4>(miso::kernels::Q4kGemvParams) [clone .kd]",1,1,101633,1553930,1553930,61440,256,0,0,72,0,48,64,0x0,0x73c6a5072f40,17.3226082870,96.7200165954,960,0.0000000000,4.8513670293,0,16000,496080,0,48298447890515,48298447937856,48298448065696,48298470565917
101332,"void miso::kernels::deltanet_step_kernel<256>(miso::kernels::DeltaNetStepParams) [clone .kd]",1,1,101634,1553930,1553930,8192,256,3072,0,184,0,64,64,0x0,0x73c6a5051400,3.3437072452,99.7167266187,128,0.0000000000,1.4255616369,1878,9536,84096,7616,48298448031051,48298448065696,48298448198015,48298470454753
101333,"void miso::kernels::q4k_gemv_kernel<(miso::kernels::ActFormat)1, 4096u, 256, 4>(miso::kernels::Q4kGemvParams) [clone .kd]",1,1,101635,1553930,1553930,61440,256,0,0,112,0,48,64,0x0,0x73c6a5072fc0,13.4884356652,97.3204451533,960,0.0000000000,1.4853079173,0,16384,451392,0,48298448165437,48298448198015,48298448414655,48298470340729
101334,"void miso::kernels::add_rmsnorm_kernel<2048u, 512>(miso::kernels::AddRmsNormParams, unsigned int) [clone .kd]",1,1,101636,1553930,1553930,512,512,512,0,28,0,32,64,0x0,0x73c6a508d680,0.0439391443,98.7695312500,8,0.0000000000,0.4324422402,16,96,616,24,48298448374631,48298448414655,48298448597055,48298470231686
101335,"void miso::kernels::moe_router_kernel<256>(miso::kernels::MoeRouterParams) [clone .kd]",1,1,101637,1553930,1553930,16640,256,0,0,36,0,32,64,0x0,0x73c6a4de3580,1.6462013635,94.2115461618,260,0.0000000000,0.4677186267,0,3084,25709,0,48298448572131,48298448597055,48298448729854,48298470119431
101336,"void miso::kernels::moe_gate_up_kernel<256>(miso::kernels::MoeGateUpParams) [clone .kd]",1,1,101638,1553930,1553930,30720,256,512,0,64,0,48,64,0x0,0x73c6a4de35c0,27.3606777197,83.4110635277,480,0.0000000000,1.6179357953,745,23712,1256456,10593,48298448706616,48298448729854,48298448914334,48298469996234
101337,"void miso::kernels::moe_down_kernel<(miso::kernels::QType)1, 256>(miso::kernels::MoeDownParams) [clone .kd]",1,1,101639,1553930,1553930,30720,256,9728,0,108,0,32,64,0x0,0x73c6a4de3640,27.1370937775,98.3622685412,480,1.2230467879,0.8582538283,2205,26976,1014536,9600,48298448861635,48298448914334,48298449082654,48298469878828
101338,"void miso::kernels::add_rmsnorm_kernel<2048u, 512>(miso::kernels::AddRmsNormParams, unsigned int) [clone .kd]",1,1,101640,1553930,1553930,512,512,512,0,28,0,32,64,0x0,0x73c6a508d680,0.0414787162,98.7695312500,8,0.0000000000,0.4755934109,18,96,616,24,48298449038471,48298449082654,48298449232094,48298469764760
101339,"void miso::kernels::q4k_gemv_kernel<(miso::kernels::ActFormat)1, 2048u, 256, 4>(miso::kernels::Q4kGemvParams) [clone .kd]",1,1,101641,1553930,1553930,61440,256,0,0,72,0,48,64,0x0,0x73c6a5072f40,26.7262711753,95.9910037471,960,0.0000000000,9.6121645946,0,32384,1202640,0,48298449211551,48298449232094,48298449456413,48298469653682
101340,"void miso::kernels::deltanet_step_kernel<256>(miso::kernels::DeltaNetStepParams) [clone .kd]",1,1,101642,1553930,1553930,8192,256,3072,0,184,0,64,64,0x0,0x73c6a5051400,3.2675849403,99.7167266187,128,0.0000000000,3.5140862915,2021,9536,84096,7616,48298449402514,48298449456413,48298449633853,48298469517601
101341,"void miso::kernels::q4k_gemv_kernel<(miso::kernels::ActFormat)1, 4096u, 256, 4>(miso::kernels::Q4kGemvParams) [clone .kd]",1,1,101643,1553930,1553930,61440,256,0,0,112,0,48,64,0x0,0x73c6a5072fc0,12.8662449266,97.3213026928,960,0.0000000000,2.0536025061,0,16384,451392,0,48298449602931,48298449633853,48298449856733,48298469398485
101342,"void miso::kernels::add_rmsnorm_kernel<2048u, 512>(miso::kernels::AddRmsNormParams, unsigned int) [clone .kd]",1,1,101644,1553930,1553930,512,512,512,0,28,0,32,64,0x0,0x73c6a508d680,0.0424560845,98.7695312500,8,0.0000000000,0.4848344622,18,96,616,24,48298449809098,48298449856733,48298449985052,48298469286807
101343,"void miso::kernels::moe_router_kernel<256>(miso::kernels::MoeRouterParams) [clone .kd]",1,1,101645,1553930,1553930,16640,256,0,0,36,0,32,64,0x0,0x73c6a4de3580,1.6487475479,94.2115461618,260,0.0000000000,0.4861870124,0,3084,25709,0,48298449957267,48298449985052,48298450143292,48298469175267
101344,"void miso::kernels::moe_gate_up_kernel<256>(miso::kernels::MoeGateUpParams) [clone .kd]",1,1,101646,1553930,1553930,30720,256,512,0,64,0,48,64,0x0,0x73c6a4de35c0,29.0591419318,83.4077903518,480,0.0000000000,1.3432177556,709,23712,1256456,10593,48298450121650,48298450143292,48298450372892,48298469053095
101345,"void miso::kernels::moe_down_kernel<(miso::kernels::QType)0, 256>(miso::kernels::MoeDownParams) [clone .kd]",1,1,101647,1553930,1553930,30720,256,9728,0,84,0,32,64,0x0,0x73c6a4de3600,19.2413437311,96.6184853149,480,3.9402127441,0.9264940483,982,14688,667240,9600,48298450311609,48298450372892,48298450502811,48298468938084
101346,"void miso::kernels::add_rmsnorm_kernel<2048u, 512>(miso::kernels::AddRmsNormParams, unsigned int) [clone .kd]",1,1,101648,1553930,1553930,512,512,512,0,28,0,32,64,0x0,0x73c6a508d680,0.0426734944,98.7695312500,8,0.0000000000,1.0334824127,16,96,616,24,48298450461088,48298450502811,48298450627611,48298468810818
101347,"void miso::kernels::q4k_gemv_kernel<(miso::kernels::ActFormat)1, 2048u, 256, 4>(miso::kernels::Q4kGemvParams) [clone .kd]",1,1,101649,1553930,1553930,61440,256,0,0,72,0,48,64,0x0,0x73c6a5072f40,24.0750320115,96.1371062412,960,0.0000000000,9.1577261694,0,26112,932160,0,48298450605974,48298450627611,48298450804091,48298468697751
101348,"void miso::kernels::attn_prep_kernel<256>(miso::kernels::AttnPrepParams) [clone .kd]",1,1,101650,1553930,1553930,4608,256,1536,0,28,0,64,64,0x0,0x73c6a5032400,0.3809646893,97.9857708255,72,0.0000000000,0.8202967412,71,170,4946,288,48298450761561,48298450804091,48298450935131,48298468582565
101349,"void miso::kernels::attn_split_kernel<256>(miso::kernels::AttnSplitParams) [clone .kd]",1,1,101651,1553930,1553930,4608,256,26112,0,96,0,48,64,0x0,0x73c6a5032440,2.9656423736,96.3820691819,72,0.5117588220,0.2224250687,5919,1136,74914,22744,48298450914779,48298450935131,48298451170650,48298468425117
101350,"void miso::kernels::attn_combine_kernel<256>(miso::kernels::AttnCombineParams) [clone .kd]",1,1,101652,1553930,1553930,4096,256,0,0,16,0,32,64,0x0,0x73c6a5032480,0.6715829507,99.4561464088,64,0.0000000000,0.2652782274,0,2368,9152,0,48298451137094,48298451170650,48298451335290,48298468190668
101351,"void miso::kernels::q4k_gemv_kernel<(miso::kernels::ActFormat)1, 4096u, 256, 4>(miso::kernels::Q4kGemvParams) [clone .kd]",1,1,101653,1553930,1553930,61440,256,0,0,112,0,48,64,0x0,0x73c6a5072fc0,13.2653049297,97.3213026928,960,0.0000000000,2.1373969020,0,16384,451392,0,48298451307163,48298451335290,48298451491770,48298467964027
101352,"void miso::kernels::add_rmsnorm_kernel<2048u, 512>(miso::kernels::AddRmsNormParams, unsigned int) [clone .kd]",1,1,101654,1553930,1553930,512,512,512,0,28,0,32,64,0x0,0x73c6a508d680,0.0433234502,98.7695312500,8,0.0000000000,0.4639388303,16,96,616,24,48298451453307,48298451491770,48298451613210,48298467819627
101353,"void miso::kernels::moe_router_kernel<256>(miso::kernels::MoeRouterParams) [clone .kd]",1,1,101655,1553930,1553930,16640,256,0,0,36,0,32,64,0x0,0x73c6a4de3580,1.6868655679,94.2115461618,260,0.0000000000,0.3116147309,0,3084,25709,0,48298451595650,48298451613210,48298451754329,48298467688250
101354,"void miso::kernels::moe_gate_up_kernel<256>(miso::kernels::MoeGateUpParams) [clone .kd]",1,1,101656,1553930,1553930,30720,256,512,0,64,0,48,64,0x0,0x73c6a4de35c0,28.8847285252,83.4075703002,480,0.0000000000,1.6970966194,635,23712,1256456,10593,48298451731363,48298451754329,48298451933049,48298467524400
101355,"void miso::kernels::moe_down_kernel<(miso::kernels::QType)0, 256>(miso::kernels::MoeDownParams) [clone .kd]",1,1,101657,1553930,1553930,30720,256,9728,0,84,0,32,64,0x0,0x73c6a4de3600,19.3040924636,96.6150504744,480,3.9529217994,1.1742774013,1025,14688,667240,9600,48298451876938,48298451933049,48298452070009,48298467369408
101356,"void miso::kernels::add_rmsnorm_kernel<2048u, 512>(miso::kernels::AddRmsNormParams, unsigned int) [clone .kd]",1,1,101658,1553930,1553930,512,512,512,0,28,0,32,64,0x0,0x73c6a508d680,0.0433252099,98.7695312500,8,0.0000000000,0.5706273640,19,96,616,24,48298452029178,48298452070009,48298452232088,48298467262684
101357,"void miso::kernels::q6k_gemv_kernel<2048u, 256, 2>(miso::kernels::Q6kGemvParams) [clone .kd]",1,1,101659,1553930,1553930,122880,256,0,0,60,0,32,64,0x0,0x73c6a5073000,35.7070302257,97.7445161362,1920,0.0000000000,11.9923235857,0,48128,1430784,0,48298452205268,48298452232088,48298452445208,48298467151044
101358,"void miso::kernels::q4k_gemv_kernel<(miso::kernels::ActFormat)1, 2048u, 256, 4>(miso::kernels::Q4kGemvParams) [clone .kd]",1,1,101660,1553930,1553930,61440,256,0,0,72,0,48,64,0x0,0x73c6a5072f40,16.9778310609,96.7250328135,960,0.0000000000,4.8972514002,0,16000,496080,0,48298452399655,48298452445208,48298452582488,48298467036333
101359,"void miso::kernels::deltanet_step_kernel<256>(miso::kernels::DeltaNetStepParams) [clone .kd]",1,1,101661,1553930,1553930,8192,256,3072,0,184,0,64,64,0x0,0x73c6a5051400,3.1495170929,99.7167266187,128,0.0000000000,3.3392511620,1815,9536,84096,7616,48298452548542,48298452582488,48298452730648,48298466922212
101360,"void miso::kernels::q4k_gemv_kernel<(miso::kernels::ActFormat)1, 4096u, 256, 4>(miso::kernels::Q4kGemvParams) [clone .kd]",1,1,101662,1553930,1553930,61440,256,0,0,112,0,48,64,0x0,0x73c6a5072fc0,12.0450915150,97.3210883065,960,0.0000000000,3.8883211805,0,16384,451392,0,48298452689383,48298452730648,48298453113046,48298466802266
101361,"void miso::kernels::add_rmsnorm_kernel<2048u, 512>(miso::kernels::AddRmsNormParams, unsigned int) [clone .kd]",1,1,101663,1553930,1553930,512,512,512,0,28,0,32,64,0x0,0x73c6a508d680,0.0410335321,98.7695312500,8,0.0000000000,0.9542979233,16,96,616,24,48298453064039,48298453113046,48298458434477,48298466688865
101362,"void miso::kernels::moe_router_kernel<256>(miso::kernels::MoeRouterParams) [clone .kd]",1,1,101664,1553930,1553930,16640,256,0,0,36,0,32,64,0x0,0x73c6a4de3580,1.5335087719,94.2115461618,260,0.0000000000,1.9288272313,0,3084,25709,0,48298458418760,48298458434477,48298458605357,48298466576387
101363,"void miso::kernels::moe_gate_up_kernel<256>(miso::kernels::MoeGateUpParams) [clone .kd]",1,1,101665,1553930,1553930,30720,256,512,0,64,0,48,64,0x0,0x73c6a4de35c0,29.8488183450,83.4050830806,480,0.0000000000,1.4262319581,664,23712,1256456,10593,48298458576356,48298458605357,48298458792396,48298466469152
101364,"void miso::kernels::moe_down_kernel<(miso::kernels::QType)1, 256>(miso::kernels::MoeDownParams) [clone .kd]",1,1,101666,1553930,1553930,30720,256,9728,0,108,0,32,64,0x0,0x73c6a4de3640,28.6907367499,98.3583243111,480,1.2930163647,0.7814151664,2299,26976,1014536,9600,48298458730005,48298458792396,48298458921356,48298466359330
101365,"void miso::kernels::add_rmsnorm_kernel<2048u, 512>(miso::kernels::AddRmsNormParams, unsigned int) [clone .kd]",1,1,101667,1553930,1553930,512,512,512,0,28,0,32,64,0x0,0x73c6a508d680,0.0421091416,98.7695312500,8,0.0000000000,1.5490914951,15,96,616,24,48298458872988,48298458921356,48298459080556,48298466247844
101366,"void miso::kernels::q4k_gemv_kernel<(miso::kernels::ActFormat)1, 2048u, 256, 4>(miso::kernels::Q4kGemvParams) [clone .kd]",1,1,101668,1553930,1553930,61440,256,0,0,72,0,48,64,0x0,0x73c6a5072f40,27.5387891282,95.9902946251,960,0.0000000000,9.9688861232,0,32384,1202640,0,48298459057690,48298459080556,48298459385195,48298466132971
101367,"void miso::kernels::deltanet_step_kernel<256>(miso::kernels::DeltaNetStepParams) [clone .kd]",1,1,101669,1553930,1553930,8192,256,3072,0,184,0,64,64,0x0,0x73c6a5051400,3.1240342745,99.7167266187,128,0.0000000000,2.9076909079,1469,9536,84096,7616,48298459335463,48298459385195,48298459596395,48298466014756
101368,"void miso::kernels::q4k_gemv_kernel<(miso::kernels::ActFormat)1, 4096u, 256, 4>(miso::kernels::Q4kGemvParams) [clone .kd]",1,1,101670,1553930,1553930,61440,256,0,0,112,0,48,64,0x0,0x73c6a5072fc0,13.6129053539,97.3206595367,960,0.0000000000,1.0410396717,0,16384,451392,0,48298459562167,48298459596395,48298459815595,48298465894160
101369,"void miso::kernels::add_rmsnorm_kernel<2048u, 512>(miso::kernels::AddRmsNormParams, unsigned int) [clone .kd]",1,1,101671,1553930,1553930,512,512,512,0,28,0,32,64,0x0,0x73c6a508d680,0.0431743976,98.7695312500,8,0.0000000000,0.4565847461,19,96,616,24,48298459774880,48298459815595,48298459939114,48298465781892
101370,"void miso::kernels::moe_router_kernel<256>(miso::kernels::MoeRouterParams) [clone .kd]",1,1,101672,1553930,1553930,16640,256,0,0,36,0,32,64,0x0,0x73c6a4de3580,1.5759203837,94.2115461618,260,0.0000000000,0.4873078010,0,3084,25709,0,48298459918460,48298459939114,48298460096234,48298465674058
101371,"void miso::kernels::moe_gate_up_kernel<256>(miso::kernels::MoeGateUpParams) [clone .kd]",1,1,101673,1553930,1553930,30720,256,512,0,64,0,48,64,0x0,0x73c6a4de35c0,29.2913167521,83.3970963162,480,0.0000000000,2.6650347948,818,23712,1256456,10593,48298460074119,48298460096234,48298460259114,48298465562079
101372,"void miso::kernels::moe_down_kernel<(miso::kernels::QType)0, 256>(miso::kernels::MoeDownParams) [clone .kd]",1,1,101674,1553930,1553930,30720,256,9728,0,84,0,32,64,0x0,0x73c6a4de3600,18.7468274993,96.6111865707,480,3.8386564702,1.0997373502,999,14688,667240,9600,48298460202388,48298460259114,48298460379434,48298465447921
101373,"void miso::kernels::add_rmsnorm_kernel<2048u, 512>(miso::kernels::AddRmsNormParams, unsigned int) [clone .kd]",1,1,101675,1553930,1553930,512,512,512,0,28,0,32,64,0x0,0x73c6a508d680,0.0437230147,98.7695312500,8,0.0000000000,1.0082188469,13,96,616,24,48298460337345,48298460379434,48298460494473,48298465338626
101374,"void miso::kernels::q4k_gemv_kernel<(miso::kernels::ActFormat)1, 2048u, 256, 4>(miso::kernels::Q4kGemvParams) [clone .kd]",1,1,101676,1553930,1553930,61440,256,0,0,72,0,48,64,0x0,0x73c6a5072f40,29.5520414896,95.9916340865,960,0.0000000000,9.6380084469,0,32384,1202640,0,48298460472295,48298460494473,48298460650473,48298465215649
101375,"void miso::kernels::deltanet_step_kernel<256>(miso::kernels::DeltaNetStepParams) [clone .kd]",1,1,101677,1553930,1553930,8192,256,3072,0,184,0,64,64,0x0,0x73c6a5051400,3.3388881382,99.7167266187,128,0.0000000000,2.8467242413,1904,9536,84096,7616,48298460598353,48298460650473,48298460761833,48298465215020
101376,"void miso::kernels::q4k_gemv_kernel<(miso::kernels::ActFormat)1, 4096u, 256, 4>(miso::kernels::Q4kGemvParams) [clone .kd]",1,1,101678,1553930,1553930,61440,256,0,0,112,0,48,64,0x0,0x73c6a5072fc0,13.6288443756,97.3206595367,960,0.0000000000,1.4443365410,0,16384,451392,0,48298460729144,48298460761833,48298460907433,48298488213324
101377,"void miso::kernels::add_rmsnorm_kernel<2048u, 512>(miso::kernels::AddRmsNormParams, unsigned int) [clone .kd]",1,1,101679,1553930,1553930,512,512,512,0,28,0,32,64,0x0,0x73c6a508d680,0.0437984178,98.7695312500,8,0.0000000000,0.4063726124,13,96,616,24,48298460867071,48298460907433,48298461008233,48298488085767
101378,"void miso::kernels::moe_router_kernel<256>(miso::kernels::MoeRouterParams) [clone .kd]",1,1,101680,1553930,1553930,16640,256,0,0,36,0,32,64,0x0,0x73c6a4de3580,1.6151145602,94.2115461618,260,0.0000000000,0.4612040265,0,3084,25709,0,48298460985454,48298461008233,48298461149672,48298487966798
101379,"void miso::kernels::moe_gate_up_kernel<256>(miso::kernels::MoeGateUpParams) [clone .kd]",1,1,101681,1553930,1553930,30720,256,512,0,64,0,48,64,0x0,0x73c6a4de35c0,27.7870128768,83.4169242021,480,0.0000000000,1.3903620308,759,23712,1256456,10593,48298461125013,48298461149672,48298461309032,48298487845969
101380,"void miso::kernels::moe_down_kernel<(miso::kernels::QType)0, 256>(miso::kernels::MoeDownParams) [clone .kd]",1,1,101682,1553930,1553930,30720,256,9728,0,84,0,32,64,0x0,0x73c6a4de3600,19.6223694919,96.6160522776,480,4.0181374259,1.1239442531,995,14688,667240,9600,48298461252914,48298461309032,48298461427592,48298487719143
101381,"void miso::kernels::add_rmsnorm_kernel<2048u, 512>(miso::kernels::AddRmsNormParams, unsigned int) [clone .kd]",1,1,101683,1553930,1553930,512,512,512,0,28,0,32,64,0x0,0x73c6a508d680,0.0456523290,98.7695312500,8,0.0000000000,0.4880627974,15,96,616,24,48298461386388,48298461427592,48298461530792,48298487601060
101382,"void miso::kernels::q4k_gemv_kernel<(miso::kernels::ActFormat)1, 2048u, 256, 4>(miso::kernels::Q4kGemvParams) [clone .kd]",1,1,101684,1553930,1553930,61440,256,0,0,72,0,48,64,0x0,0x73c6a5072f40,23.2998227281,96.1723834535,960,0.0000000000,9.8523908190,0,25088,888000,0,48298461508559,48298461530792,48298461680711,48298487477719
101383,"void miso::kernels::q6k_gemv_kernel<2048u, 256, 1>(miso::kernels::Q6kGemvParams) [clone .kd]",1,1,101685,1553930,1553930,61440,256,0,0,60,0,32,64,0x0,0x73c6a5073040,9.2295319483,97.9872021711,960,0.0000000000,0.3242220508,0,6144,149312,0,48298461635216,48298461680711,48298461784391,48298487359451
101384,"void miso::kernels::attn_prep_kernel<256>(miso::kernels::AttnPrepParams) [clone .kd]",1,1,101686,1553930,1553930,4608,256,1536,0,28,0,64,64,0x0,0x73c6a5032400,0.3618533219,97.9857708255,72,0.0000000000,0.7641647502,82,170,4946,288,48298461759647,48298461784391,48298461912871,48298487238046
101385,"void miso::kernels::attn_split_kernel<256>(miso::kernels::AttnSplitParams) [clone .kd]",1,1,101687,1553930,1553930,4608,256,26112,0,96,0,48,64,0x0,0x73c6a5032440,2.9852249046,96.3820691819,72,0.5151380336,0.1577941075,5310,1136,74914,22744,48298461889948,48298461912871,48298462049351,48298487105430
101386,"void miso::kernels::attn_combine_kernel<256>(miso::kernels::AttnCombineParams) [clone .kd]",1,1,101688,1553930,1553930,4096,256,0,0,16,0,32,64,0x0,0x73c6a5032480,0.6578528917,99.4561464088,64,0.0000000000,0.1669806474,0,2368,9152,0,48298462017602,48298462049351,48298462168231,48298486984927
101387,"void miso::kernels::q4k_gemv_kernel<(miso::kernels::ActFormat)1, 4096u, 256, 4>(miso::kernels::Q4kGemvParams) [clone .kd]",1,1,101689,1553930,1553930,61440,256,0,0,112,0,48,64,0x0,0x73c6a5072fc0,14.0641497509,97.3202307708,960,0.0000000000,1.2913381565,0,16384,451392,0,48298462142232,48298462168231,48298462355110,48298486863174
101388,"void miso::kernels::add_rmsnorm_kernel<2048u, 512>(miso::kernels::AddRmsNormParams, unsigned int) [clone .kd]",1,1,101690,1553930,1553930,512,512,512,0,28,0,32,64,0x0,0x73c6a508d680,0.0411205346,98.7695312500,8,0.0000000000,0.4567850544,22,96,616,24,48298462313689,48298462355110,48298462487590,48298486738538
101389,"void miso::kernels::moe_router_kernel<256>(miso::kernels::MoeRouterParams) [clone .kd]",1,1,101691,1553930,1553930,16640,256,0,0,36,0,32,64,0x0,0x73c6a4de3580,1.7166142969,94.2115461618,260,0.0000000000,0.3131442798,0,3084,25709,0,48298462460798,48298462487590,48298462641670,48298486619439
101390,"void miso::kernels::moe_gate_up_kernel<256>(miso::kernels::MoeGateUpParams) [clone .kd]",1,1,101692,1553930,1553930,30720,256,512,0,64,0,48,64,0x0,0x73c6a4de35c0,29.3744281793,83.4033368068,480,0.0000000000,1.6267682263,714,23712,1256456,10593,48298462611023,48298462641670,48298462812389,48298486501965
101391,"void miso::kernels::moe_down_kernel<(miso::kernels::QType)1, 256>(miso::kernels::MoeDownParams) [clone .kd]",1,1,101693,1553930,1553930,30720,256,9728,0,108,0,32,64,0x0,0x73c6a4de3640,30.3136822381,98.3618837243,480,1.3662077063,0.9743178957,2385,26976,1014536,9600,48298462750737,48298462812389,48298462941829,48298486382563
101392,"void miso::kernels::add_rmsnorm_kernel<2048u, 512>(miso::kernels::AddRmsNormParams, unsigned int) [clone .kd]",1,1,101694,1553930,1553930,512,512,512,0,28,0,32,64,0x0,0x73c6a508d680,0.0401062816,98.7695312500,8,0.0000000000,0.5171895790,15,96,616,24,48298462891412,48298462941829,48298463062949,48298486264956
101393,"void miso::kernels::q4k_gemv_kernel<(miso::kernels::ActFormat)1, 2048u, 256, 4>(miso::kernels::Q4kGemvParams) [clone .kd]",1,1,101695,1553930,1553930,61440,256,0,0,72,0,48,64,0x0,0x73c6a5072f40,30.1815902650,95.9899794632,960,0.0000000000,10.9644056049,0,32384,1202640,0,48298463034806,48298463062949,48298463239589,48298486137593
101394,"void miso::kernels::deltanet_step_kernel<256>(miso::kernels::DeltaNetStepParams) [clone .kd]",1,1,101696,1553930,1553930,8192,256,3072,0,184,0,64,64,0x0,0x73c6a5051400,3.2735006881,99.7167266187,128,0.0000000000,2.2363835167,1911,9536,84096,7616,48298463180984,48298463239589,48298463369349,48298486015993
101395,"void miso::kernels::q4k_gemv_kernel<(miso::kernels::ActFormat)1, 4096u, 256, 4>(miso::kernels::Q4kGemvParams) [clone .kd]",1,1,101697,1553930,1553930,61440,256,0,0,112,0,48,64,0x0,0x73c6a5072fc0,14.4772711327,97.3200163892,960,0.0000000000,1.0368704875,0,16384,451392,0,48298463330433,48298463369349,48298463515748,48298485891723
101396,"void miso::kernels::add_rmsnorm_kernel<2048u, 512>(miso::kernels::AddRmsNormParams, unsigned int) [clone .kd]",1,1,101698,1553930,1553930,512,512,512,0,28,0,32,64,0x0,0x73c6a508d680,0.0405237697,98.7695312500,8,0.0000000000,0.4794713727,21,96,616,24,48298463469542,48298463515748,48298463643268,48298485770134
101397,"void miso::kernels::moe_router_kernel<256>(miso::kernels::MoeRouterParams) [clone .kd]",1,1,101699,1553930,1553930,16640,256,0,0,36,0,32,64,0x0,0x73c6a4de3580,1.6320624370,94.2115461618,260,0.0000000000,0.4497384366,0,3084,25709,0,48298463613456,48298463643268,48298463787748,48298485651415
101398,"void miso::kernels::moe_gate_up_kernel<256>(miso::kernels::MoeGateUpParams) [clone .kd]",1,1,101700,1553930,1553930,30720,256,512,0,64,0,48,64,0x0,0x73c6a4de35c0,29.6863654288,83.4170802482,480,0.0000000000,1.6373334675,1090,23712,1256456,10593,48298463757410,48298463787748,48298463982787,48298485528085
101399,"void miso::kernels::moe_down_kernel<(miso::kernels::QType)0, 256>(miso::kernels::MoeDownParams) [clone .kd]",1,1,101701,1553930,1553930,30720,256,9728,0,84,0,32,64,0x0,0x73c6a4de3600,19.7140604468,96.6131900377,480,4.0367936925,1.4213839815,1091,14688,667240,9600,48298463920571,48298463982787,48298464204387,48298485405306
101400,"void miso::kernels::add_rmsnorm_kernel<2048u, 512>(miso::kernels::AddRmsNormParams, unsigned int) [clone .kd]",1,1,101702,1553930,1553930,512,512,512,0,28,0,32,64,0x0,0x73c6a508d680,0.0424307517,98.7695312500,8,0.0000000000,1.4282264708,15,96,616,24,48298464164136,48298464204387,48298464474147,48298485279626
101401,"void miso::kernels::q4k_gemv_kernel<(miso::kernels::ActFormat)1, 2048u, 256, 4>(miso::kernels::Q4kGemvParams) [clone .kd]",1,1,101703,1553930,1553930,61440,256,0,0,72,0,48,64,0x0,0x73c6a5072f40,27.9286045051,95.9901370439,960,0.0000000000,10.3310862530,0,32384,1202640,0,48298464451490,48298464474147,48298464716066,48298485133489
101402,"void miso::kernels::deltanet_step_kernel<256>(miso::kernels::DeltaNetStepParams) [clone .kd]",1,1,101704,1553930,1553930,8192,256,3072,0,184,0,64,64,0x0,0x73c6a5051400,3.2302106028,99.7167266187,128,0.0000000000,2.9555055512,1949,9536,84096,7616,48298464661379,48298464716066,48298464887906,48298484931390
101403,"void miso::kernels::q4k_gemv_kernel<(miso::kernels::ActFormat)1, 4096u, 256, 4>(miso::kernels::Q4kGemvParams) [clone .kd]",1,1,101705,1553930,1553930,61440,256,0,0,112,0,48,64,0x0,0x73c6a5072fc0,13.5948047125,97.3206595367,960,0.0000000000,1.5468048230,0,16384,451392,0,48298464851644,48298464887906,48298465058306,48298484730657
101404,"void miso::kernels::add_rmsnorm_kernel<2048u, 512>(miso::kernels::AddRmsNormParams, unsigned int) [clone .kd]",1,1,101706,1553930,1553930,512,512,512,0,28,0,32,64,0x0,0x73c6a508d680,0.0372283494,98.7695312500,8,0.0000000000,0.4650568294,17,96,616,24,48298465014336,48298465058306,48298473709651,48298484514394
101405,"void miso::kernels::moe_router_kernel<256>(miso::kernels::MoeRouterParams) [clone .kd]",1,1,101707,1553930,1553930,16640,256,0,0,36,0,32,64,0x0,0x73c6a4de3580,1.5892149376,94.2115461618,260,0.0000000000,3.4357753490,0,3084,25709,0,48298473694805,48298473709651,48298473878931,48298484315562
101406,"void miso::kernels::moe_gate_up_kernel<256>(miso::kernels::MoeGateUpParams) [clone .kd]",1,1,101708,1553930,1553930,30720,256,512,0,64,0,48,64,0x0,0x73c6a4de35c0,29.0949595099,83.4087112983,480,0.0000000000,1.7571724528,722,23712,1256456,10593,48298473848998,48298473878931,48298474067250,48298483983779
101407,"void miso::kernels::moe_down_kernel<(miso::kernels::QType)0, 256>(miso::kernels::MoeDownParams) [clone .kd]",1,1,101709,1553930,1553930,30720,256,9728,0,84,0,32,64,0x0,0x73c6a4de3600,19.5242185512,96.6164816282,480,3.9980565003,1.0024441520,967,14688,667240,9600,48298474010116,48298474067250,48298474198930,48298483862906
101408,"void miso::kernels::add_rmsnorm_kernel<2048u, 512>(miso::kernels::AddRmsNormParams, unsigned int) [clone .kd]",1,1,101710,1553930,1553930,512,512,512,0,28,0,32,64,0x0,0x73c6a508d680,0.0403627603,98.7695312500,8,0.0000000000,0.4830917874,16,96,616,24,48298474153130,48298474198930,48298474327410,48298483747350
101409,"void miso::kernels::q6k_gemv_kernel<2048u, 256, 2>(miso::kernels::Q6kGemvParams) [clone .kd]",1,1,101711,1553930,1553930,122880,256,0,0,60,0,32,64,0x0,0x73c6a5073000,36.5052580464,97.7428231753,1920,0.0000000000,10.8220925437,0,48128,1430784,0,48298474298915,48298474327410,48298474617809,48298483621873
101410,"void miso::kernels::q4k_gemv_kernel<(miso::kernels::ActFormat)1, 2048u, 256, 4>(miso::kernels::Q4kGemvParams) [clone .kd]",1,1,101712,1553930,1553930,61440,256,0,0,72,0,48,64,0x0,0x73c6a5072f40,16.1539775217,96.7229105039,960,0.0000000000,4.5655807845,0,16000,496080,0,48298474571816,48298474617809,48298474805969,48298483506453
101411,"void miso::kernels::deltanet_step_kernel<256>(miso::kernels::DeltaNetStepParams) [clone .kd]",1,1,101713,1553930,1553930,8192,256,3072,0,184,0,64,64,0x0,0x73c6a5051400,3.1645749737,99.7167266187,128,0.0000000000,2.6885036205,1935,9536,84096,7616,48298474771419,48298474805969,48298474939569,48298483391180
101412,"void miso::kernels::q4k_gemv_kernel<(miso::kernels::ActFormat)1, 4096u, 256, 4>(miso::kernels::Q4kGemvParams) [clone .kd]",1,1,101714,1553930,1553930,61440,256,0,0,112,0,48,64,0x0,0x73c6a5072fc0,13.0347093010,97.3213026928,960,0.0000000000,1.0344261398,0,16384,451392,0,48298474907013,48298474939569,48298475143728,48298483208873
101413,"void miso::kernels::add_rmsnorm_kernel<2048u, 512>(miso::kernels::AddRmsNormParams, unsigned int) [clone .kd]",1,1,101715,1553930,1553930,512,512,512,0,28,0,32,64,0x0,0x73c6a508d680,0.0434806239,98.7695312500,8,0.0000000000,0.3814863213,19,96,616,24,48298475096354,48298475143728,48298475280528,48298483086493
101414,"void miso::kernels::moe_router_kernel<256>(miso::kernels::MoeRouterParams) [clone .kd]",1,1,101716,1553930,1553930,16640,256,0,0,36,0,32,64,0x0,0x73c6a4de3580,1.6015023818,94.2115461618,260,0.0000000000,0.4617156690,0,3084,25709,0,48298475259117,48298475280528,48298475414288,48298482969875
101415,"void miso::kernels::moe_gate_up_kernel<256>(miso::kernels::MoeGateUpParams) [clone .kd]",1,1,101717,1553930,1553930,30720,256,512,0,64,0,48,64,0x0,0x73c6a4de35c0,29.9021165471,83.4063589755,480,0.0000000000,1.5939055435,680,23712,1256456,10593,48298475391262,48298475414288,48298475604208,48298482845139
101416,"void miso::kernels::moe_down_kernel<(miso::kernels::QType)1, 256>(miso::kernels::MoeDownParams) [clone .kd]",1,1,101718,1553930,1553930,30720,256,9728,0,108,0,32,64,0x0,0x73c6a4de3640,28.3761011107,98.3609216953,480,1.2788703312,0.8310581617,2277,26976,1014536,9600,48298475546852,48298475604208,48298475716528,48298482717872
101417,"void miso::kernels::add_rmsnorm_kernel<2048u, 512>(miso::kernels::AddRmsNormParams, unsigned int) [clone .kd]",1,1,101719,1553930,1553930,512,512,512,0,28,0,32,64,0x0,0x73c6a508d680,0.0434239809,98.7695312500,8,0.0000000000,0.4069145776,16,96,616,24,48298475672979,48298475716528,48298475819567,48298482499715
101418,"void miso::kernels::q4k_gemv_kernel<(miso::kernels::ActFormat)1, 2048u, 256, 4>(miso::kernels::Q4kGemvParams) [clone .kd]",1,1,101720,1553930,1553930,61440,256,0,0,72,0,48,64,0x0,0x73c6a5072f40,23.8270652779,96.1723834535,960,0.0000000000,10.1213209602,0,25088,888000,0,48298475797152,48298475819567,48298475973167,48298482266465
101419,"void miso::kernels::q6k_gemv_kernel<2048u, 256, 1>(miso::kernels::Q6kGemvParams) [clone .kd]",1,1,101721,1553930,1553930,61440,256,0,0,60,0,32,64,0x0,0x73c6a5073040,9.9753165061,97.9885057471,960,0.0000000000,0.2524886878,0,6144,149312,0,48298475927548,48298475973167,48298476150447,48298482265307
101420,"void miso::kernels::attn_prep_kernel<256>(miso::kernels::AttnPrepParams) [clone .kd]",1,1,101722,1553930,1553930,4608,256,1536,0,28,0,64,64,0x0,0x73c6a5032400,0.3649896130,97.9857708255,72,0.0000000000,0.7360167500,82,170,4946,288,48298476121753,48298476150447,48298476289007,48298504120959
101421,"void miso::kernels::attn_split_kernel<256>(miso::kernels::AttnSplitParams) [clone .kd]",1,1,101723,1553930,1553930,4608,256,26112,0,96,0,48,64,0x0,0x73c6a5032440,2.9821524643,96.3820691819,72,0.5146078454,0.1528827711,5216,1136,74914,22744,48298476260670,48298476289007,48298476430606,48298503916235
101422,"void miso::kernels::attn_combine_kernel<256>(miso::kernels::AttnCombineParams) [clone .kd]",1,1,101724,1553930,1553930,4096,256,0,0,16,0,32,64,0x0,0x73c6a5032480,0.5101914980,99.4561464088,64,0.0000000000,0.1785398621,0,2368,9152,0,48298476398836,48298476430606,48298476556686,48298503809529
101423,"void miso::kernels::q4k_gemv_kernel<(miso::kernels::ActFormat)1, 4096u, 256, 4>(miso::kernels::Q4kGemvParams) [clone .kd]",1,1,101725,1553930,1553930,61440,256,0,0,112,0,48,64,0x0,0x73c6a5072fc0,13.5825120131,97.3213026928,960,0.0000000000,1.5442653205,0,16384,451392,0,48298476531179,48298476556686,48298476707726,48298503696249
101424,"void miso::kernels::add_rmsnorm_kernel<2048u, 512>(miso::kernels::AddRmsNormParams, unsigned int) [clone .kd]",1,1,101726,1553930,1553930,512,512,512,0,28,0,32,64,0x0,0x73c6a508d680,0.0430142216,98.7695312500,8,0.0000000000,0.3973972663,18,96,616,24,48298476667514,48298476707726,48298476831086,48298503582552
101425,"void miso::kernels::moe_router_kernel<256>(miso::kernels::MoeRouterParams) [clone .kd]",1,1,101727,1553930,1553930,16640,256,0,0,36,0,32,64,0x0,0x73c6a4de3580,1.6487475479,94.2115461618,260,0.0000000000,0.2903299989,0,3084,25709,0,48298476808432,48298476831086,48298476960045,48298503460183
101426,"void miso::kernels::moe_gate_up_kernel<256>(miso::kernels::MoeGateUpParams) [clone .kd]",1,1,101728,1553930,1553930,30720,256,512,0,64,0,48,64,0x0,0x73c6a4de35c0,28.6287481423,83.4052133805,480,0.0000000000,1.6329239960,934,23712,1256456,10593,48298476936361,48298476960045,48298477132205,48298503352475
101427,"void miso::kernels::moe_down_kernel<(miso::kernels::QType)1, 256>(miso::kernels::MoeDownParams) [clone .kd]",1,1,101729,1553930,1553930,30720,256,9728,0,108,0,32,64,0x0,0x73c6a4de3640,28.4670943455,98.3659244515,480,1.2830365198,0.6411619425,2348,26976,1014536,9600,48298477074930,48298477132205,48298477253485,48298503240502
101428,"void miso::kernels::add_rmsnorm_kernel<2048u, 512>(miso::kernels::AddRmsNormParams, unsigned int) [clone .kd]",1,1,101730,1553930,1553930,512,512,512,0,28,0,32,64,0x0,0x73c6a508d680,0.0412605085,98.7695312500,8,0.0000000000,0.4749075300,15,96,616,24,48298477209544,48298477253485,48298477369485,48298503129248
101429,"void miso::kernels::q6k_gemv_kernel<2048u, 256, 2>(miso::kernels::Q6kGemvParams) [clone .kd]",1,1,101731,1553930,1553930,122880,256,0,0,60,0,32,64,0x0,0x73c6a5073000,39.6926321926,97.7447870154,1920,0.0000000000,12.3834635318,0,48128,1430784,0,48298477346903,48298477369485,48298477519884,48298503019380
101430,"void miso::kernels::q4k_gemv_kernel<(miso::kernels::ActFormat)1, 2048u, 256, 4>(miso::kernels::Q4kGemvParams) [clone .kd]",1,1,101732,1553930,1553930,61440,256,0,0,72,0,48,64,0x0,0x73c6a5072f40,16.0052165141,96.7205953632,960,0.0000000000,5.4462595876,0,16000,496080,0,48298477471554,48298477519884,48298477646764,48298502905946
101431,"void miso::kernels::deltanet_step_kernel<256>(miso::kernels::DeltaNetStepParams) [clone .kd]",1,1,101733,1553930,1553930,8192,256,3072,0,184,0,64,64,0x0,0x73c6a5051400,3.3840793068,99.7167266187,128,0.0000000000,4.1749569650,1519,9536,84096,7616,48298477610497,48298477646764,48298477778924,48298502794132
101432,"void miso::kernels::q4k_gemv_kernel<(miso::kernels::ActFormat)1, 4096u, 256, 4>(miso::kernels::Q4kGemvParams) [clone .kd]",1,1,101734,1553930,1553930,61440,256,0,0,112,0,48,64,0x0,0x73c6a5072fc0,13.6810000844,97.3213026928,960,0.0000000000,1.3005335986,0,16384,451392,0,48298477745979,48298477778924,48298477907724,48298502685612
101433,"void miso::kernels::add_rmsnorm_kernel<2048u, 512>(miso::kernels::AddRmsNormParams, unsigned int) [clone .kd]",1,1,101735,1553930,1553930,512,512,512,0,28,0,32,64,0x0,0x73c6a508d680,0.0450716922,98.7695312500,8,0.0000000000,0.4889086428,17,96,616,24,48298477868014,48298477907724,48298478009324,48298502568997
101434,"void miso::kernels::moe_router_kernel<256>(miso::kernels::MoeRouterParams) [clone .kd]",1,1,101736,1553930,1553930,16640,256,0,0,36,0,32,64,0x0,0x73c6a4de3580,1.6543018282,94.2115461618,260,0.0000000000,0.4803692405,0,3084,25709,0,48298477986525,48298478009324,48298478142923,48298502459529
101435,"void miso::kernels::moe_gate_up_kernel<256>(miso::kernels::MoeGateUpParams) [clone .kd]",1,1,101737,1553930,1553930,30720,256,512,0,64,0,48,64,0x0,0x73c6a4de35c0,30.2871418530,83.4041640361,480,0.0000000000,1.4457287000,636,23712,1256456,10593,48298478119338,48298478142923,48298478305963,48298502352381
101436,"void miso::kernels::moe_down_kernel<(miso::kernels::QType)1, 256>(miso::kernels::MoeDownParams) [clone .kd]",1,1,101738,1553930,1553930,30720,256,9728,0,108,0,32,64,0x0,0x73c6a4de3640,28.2037404833,98.3609216953,480,1.2711022840,1.3482696049,2199,26976,1014536,9600,48298478249590,48298478305963,48298478418283,48298502239060
101437,"void miso::kernels::add_rmsnorm_kernel<2048u, 512>(miso::kernels::AddRmsNormParams, unsigned int) [clone .kd]",1,1,101739,1553930,1553930,512,512,512,0,28,0,32,64,0x0,0x73c6a508d680,0.0442324971,98.7695312500,8,0.0000000000,0.4026444783,18,96,616,24,48298478373206,48298478418283,48298478521803,48298502129595
101438,"void miso::kernels::q6k_gemv_kernel<2048u, 256, 2>(miso::kernels::Q6kGemvParams) [clone .kd]",1,1,101740,1553930,1553930,122880,256,0,0,60,0,32,64,0x0,0x73c6a5073000,34.9760835114,97.7416042799,1920,0.0000000000,11.7175703757,0,48128,1430784,0,48298478497633,48298478521803,48298478720522,48298502014601
101439,"void miso::kernels::q4k_gemv_kernel<(miso::kernels::ActFormat)1, 2048u, 256, 4>(miso::kernels::Q4kGemvParams) [clone .kd]",1,1,101741,1553930,1553930,61440,256,0,0,72,0,48,64,0x0,0x73c6a5072f40,16.2467673880,96.7221387780,960,0.0000000000,4.9045680502,0,16000,496080,0,48298478671645,48298478720522,48298478943402,48298501907959
101440,"void miso::kernels::deltanet_step_kernel<256>(miso::kernels::DeltaNetStepParams) [clone .kd]",1,1,101742,1553930,1553930,8192,256,3072,0,184,0,64,64,0x0,0x73c6a5051400,3.3009766379,99.7167266187,128,0.0000000000,1.7317645986,1618,9536,84096,7616,48298478904041,48298478943402,48298479134122,48298501797890
101441,"void miso::kernels::q4k_gemv_kernel<(miso::kernels::ActFormat)1, 4096u, 256, 4>(miso::kernels::Q4kGemvParams) [clone .kd]",1,1,101743,1553930,1553930,61440,256,0,0,112,0,48,64,0x0,0x73c6a5072fc0,13.6675277442,97.3204451533,960,0.0000000000,1.7951357612,0,16384,451392,0,48298479099828,48298479134122,48298479308361,48298501680774
101442,"void miso::kernels::add_rmsnorm_kernel<2048u, 512>(miso::kernels::AddRmsNormParams, unsigned int) [clone .kd]",1,1,101744,1553930,1553930,512,512,512,0,28,0,32,64,0x0,0x73c6a508d680,0.0390605927,98.7695312500,8,0.0000000000,0.4965016731,13,96,616,24,48298479267727,48298479308361,48298479465801,48298501573505
101443,"void miso::kernels::moe_router_kernel<256>(miso::kernels::MoeRouterParams) [clone .kd]",1,1,101745,1553930,1553930,16640,256,0,0,36,0,32,64,0x0,0x73c6a4de3580,1.6411941419,94.2115461618,260,0.0000000000,0.4584712552,0,3084,25709,0,48298479439708,48298479465801,48298479700361,48298501465977
101444,"void miso::kernels::moe_gate_up_kernel<256>(miso::kernels::MoeGateUpParams) [clone .kd]",1,1,101746,1553930,1553930,30720,256,512,0,64,0,48,64,0x0,0x73c6a4de35c0,28.9156655762,83.4094779971,480,0.0000000000,1.6589578711,800,23712,1256456,10593,48298479672545,48298479700361,48298479905000,48298501350991
101445,"void miso::kernels::moe_down_kernel<(miso::kernels::QType)1, 256>(miso::kernels::MoeDownParams) [clone .kd]",1,1,101747,1553930,1553930,30720,256,9728,0,108,0,32,64,0x0,0x73c6a4de3640,27.3394242750,98.3564004112,480,1.2320921502,3.7625021726,2323,26976,1014536,9600,48298479842446,48298479905000,48298480038280,48298501236203
101446,"void miso::kernels::add_rmsnorm_kernel<2048u, 512>(miso::kernels::AddRmsNormParams, unsigned int) [clone .kd]",1,1,101748,1553930,1553930,512,512,512,0,28,0,32,64,0x0,0x73c6a508d680,0.0404454050,98.7695312500,8,0.0000000000,1.4291442319,16,96,616,24,48298479989245,48298480038280,48298480171400,48298501032627
101447,"void miso::kernels::q6k_gemv_kernel<2048u, 256, 2>(miso::kernels::Q6kGemvParams) [clone .kd]",1,1,101749,1553930,1553930,122880,256,0,0,60,0,32,64,0x0,0x73c6a5073000,36.5688927401,97.7477667854,1920,0.0000000000,12.0096890730,0,48128,1430784,0,48298480144127,48298480171400,48298480361800,48298500874705
101448,"void miso::kernels::q4k_gemv_kernel<(miso::kernels::ActFormat)1, 2048u, 256, 4>(miso::kernels::Q4kGemvParams) [clone .kd]",1,1,101750,1553930,1553930,61440,256,0,0,72,0,48,64,0x0,0x73c6a5072f40,15.7825544936,96.7215599917,960,0.0000000000,4.0757443507,0,16000,496080,0,48298480309237,48298480361800,48298480503079,48298500721465
101449,"void miso::kernels::deltanet_step_kernel<256>(miso::kernels::DeltaNetStepParams) [clone .kd]",1,1,101751,1553930,1553930,8192,256,3072,0,184,0,64,64,0x0,0x73c6a5051400,3.3799135265,99.7167266187,128,0.0000000000,6.9273087441,1550,9536,84096,7616,48298480459502,48298480503079,48298480663399,48298500563521
101450,"void miso::kernels::q4k_gemv_kernel<(miso::kernels::ActFormat)1, 4096u, 256, 4>(miso::kernels::Q4kGemvParams) [clone .kd]",1,1,101752,1553930,1553930,61440,256,0,0,112,0,48,64,0x0,0x73c6a5072fc0,13.4309096073,97.3208739211,960,0.0000000000,0.9967677278,0,16384,451392,0,48298480627292,48298480663399,48298480852199,48298500172177
101451,"void miso::kernels::add_rmsnorm_kernel<2048u, 512>(miso::kernels::AddRmsNormParams, unsigned int) [clone .kd]",1,1,101753,1553930,1553930,512,512,512,0,28,0,32,64,0x0,0x73c6a508d680,0.0430315744,98.7695312500,8,0.0000000000,0.4945756222,16,96,616,24,48298480808239,48298480852199,48298480979879,48298499981358
101452,"void miso::kernels::moe_router_kernel<256>(miso::kernels::MoeRouterParams) [clone .kd]",1,1,101754,1553930,1553930,16640,256,0,0,36,0,32,64,0x0,0x73c6a4de3580,1.6252649585,94.2115461618,260,0.0000000000,4.8691831436,0,3084,25709,0,48298480954147,48298480979879,48298481151398,48298499856590
101453,"void miso::kernels::moe_gate_up_kernel<256>(miso::kernels::MoeGateUpParams) [clone .kd]",1,1,101755,1553930,1553930,30720,256,512,0,64,0,48,64,0x0,0x73c6a4de35c0,29.7589222836,83.4070252634,480,0.0000000000,1.5764949844,636,23712,1256456,10593,48298481123089,48298481151398,48298481351878,48298499732733
101454,"void miso::kernels::moe_down_kernel<(miso::kernels::QType)1, 256>(miso::kernels::MoeDownParams) [clone .kd]",1,1,101756,1553930,1553930,30720,256,9728,0,108,0,32,64,0x0,0x73c6a4de3640,29.1456010125,98.3600558853,480,1.3135390299,1.3222828849,2280,26976,1014536,9600,48298481288731,48298481351878,48298481488358,48298499611434
101455,"void miso::kernels::add_rmsnorm_kernel<2048u, 512>(miso::kernels::AddRmsNormParams, unsigned int) [clone .kd]",1,1,101757,1553930,1553930,512,512,512,0,28,0,32,64,0x0,0x73c6a508d680,0.0430298385,98.7695312500,8,0.0000000000,0.3852688979,19,96,616,24,48298481437874,48298481488358,48298481611237,48298499483671
101456,"void miso::kernels::q4k_gemv_kernel<(miso::kernels::ActFormat)1, 2048u, 256, 4>(miso::kernels::Q4kGemvParams) [clone .kd]",1,1,101758,1553930,1553930,61440,256,0,0,72,0,48,64,0x0,0x73c6a5072f40,23.7721859068,96.1756997869,960,0.0000000000,8.9928953756,0,25088,888000,0,48298481582248,48298481611237,48298481797157,48298499323369
101457,"void miso::kernels::q6k_gemv_kernel<2048u, 256, 1>(miso::kernels::Q6kGemvParams) [clone .kd]",1,1,101759,1553930,1553930,61440,256,0,0,60,0,32,64,0x0,0x73c6a5073040,9.1672764525,97.9885057471,960,0.0000000000,0.3734386004,0,6144,149312,0,48298481747892,48298481797157,48298481940037,48298499206130
101458,"void miso::kernels::attn_prep_kernel<256>(miso::kernels::AttnPrepParams) [clone .kd]",1,1,101760,1553930,1553930,4608,256,1536,0,28,0,64,64,0x0,0x73c6a5032400,0.3812274576,97.9857708255,72,0.0000000000,1.2693064334,74,170,4946,288,48298481913383,48298481940037,48298482137477,48298499093091
101459,"void miso::kernels::attn_split_kernel<256>(miso::kernels::AttnSplitParams) [clone .kd]",1,1,101761,1553930,1553930,4608,256,26112,0,96,0,48,64,0x0,0x73c6a5032440,2.7880073478,96.3820691819,72,0.4811056683,0.1591218320,6010,1136,74914,22744,48298482114349,48298482137477,48298482639876,48298498979858
101460,"void miso::kernels::attn_combine_kernel<256>(miso::kernels::AttnCombineParams) [clone .kd]",1,1,101762,1553930,1553930,4096,256,0,0,16,0,32,64,0x0,0x73c6a5032480,0.4915514593,99.4561464088,64,0.0000000000,0.1097186636,0,2368,9152,0,48298482605339,48298482639876,48298488677305,48298498868373
101461,"void miso::kernels::q4k_gemv_kernel<(miso::kernels::ActFormat)1, 4096u, 256, 4>(miso::kernels::Q4kGemvParams) [clone .kd]",1,1,101763,1553930,1553930,61440,256,0,0,112,0,48,64,0x0,0x73c6a5072fc0,13.3585229914,97.3213026928,960,0.0000000000,1.3177863660,0,16384,451392,0,48298488660366,48298488677305,48298488840825,48298498759765
101462,"void miso::kernels::add_rmsnorm_kernel<2048u, 512>(miso::kernels::AddRmsNormParams, unsigned int) [clone .kd]",1,1,101764,1553930,1553930,512,512,512,0,28,0,32,64,0x0,0x73c6a508d680,0.0415659990,98.7695312500,8,0.0000000000,0.4362545947,20,96,616,24,48298488802217,48298488840825,48298488961145,48298498649639
101463,"void miso::kernels::moe_router_kernel<256>(miso::kernels::MoeRouterParams) [clone .kd]",1,1,101765,1553930,1553930,16640,256,0,0,36,0,32,64,0x0,0x73c6a4de3580,1.4923003380,94.2115461618,260,0.0000000000,0.2611840343,0,3084,25709,0,48298488940682,48298488961145,48298489136185,48298498487634
101464,"void miso::kernels::moe_gate_up_kernel<256>(miso::kernels::MoeGateUpParams) [clone .kd]",1,1,101766,1553930,1553930,30720,256,512,0,64,0,48,64,0x0,0x73c6a4de35c0,26.8245484703,83.4026680408,480,0.0000000000,1.2653937408,760,23712,1256456,10593,48298489108989,48298489136185,48298489348344,48298498329341
101465,"void miso::kernels::moe_down_kernel<(miso::kernels::QType)1, 256>(miso::kernels::MoeDownParams) [clone .kd]",1,1,101767,1553930,1553930,30720,256,9728,0,108,0,32,64,0x0,0x73c6a4de3640,26.9396181472,98.3642888791,480,1.2141716598,1.1126044198,2210,26976,1014536,9600,48298489291351,48298489348344,48298489518744,48298498214454
101466,"void miso::kernels::add_rmsnorm_kernel<2048u, 512>(miso::kernels::AddRmsNormParams, unsigned int) [clone .kd]",1,1,101768,1553930,1553930,512,512,512,0,28,0,32,64,0x0,0x73c6a508d680,0.0418431926,98.7695312500,8,0.0000000000,0.4337272691,20,96,616,24,48298489469748,48298489518744,48298489634584,48298498103928
101467,"void miso::kernels::q6k_gemv_kernel<2048u, 256, 1>(miso::kernels::Q6kGemvParams) [clone .kd]",1,1,101769,1553930,1553930,491520,256,0,0,60,0,32,64,0x0,0x73c6a5073040,58.1638197133,95.9637756462,7680,0.0000000000,44.0053852681,0,1054720,35909120,0,48298489613601,48298489634584,48298490525462,48298497992390
101468,"void miso::kernels::argmax_partial_kernel<256>(miso::kernels::ArgmaxParams) [clone .kd]",1,1,101770,1553930,1553930,61440,256,2048,0,12,0,32,64,0x0,0x73c6a508d6c0,4.7343467999,90.2769123059,960,0.0000000000,0.2960016650,3325,4078,61245,10175,48298489812728,48298490525462,48298490561622,48298497879589
101469,"void miso::kernels::argmax_final_kernel<256>(miso::kernels::ArgmaxParams) [clone .kd]",1,1,101771,1553930,1553930,256,256,2048,0,12,0,32,64,0x0,0x73c6a508d700,0.0128720837,86.3606770833,4,0.0000000000,0.0096575944,1,8,140,40,48298489946691,48298490561622,48298490589142,48298497746209
101470,"void miso::kernels::embed_q4k_kernel<2048u, 256>(miso::kernels::EmbedParams, unsigned int) [clone .kd]",1,1,101772,1553930,1553930,256,256,0,0,24,0,32,64,0x0,0x73c6a508d740,0.0702241103,100.0000000000,4,0.0000000000,0.1435586225,0,128,972,0,48298490083931,48298490589142,48298490617942,48298497636877
101471,"void miso::kernels::add_rmsnorm_kernel<2048u, 512>(miso::kernels::AddRmsNormParams, unsigned int) [clone .kd]",1,1,101773,1553930,1553930,512,512,512,0,28,0,32,64,0x0,0x73c6a508d680,0.0460396200,98.6135563380,8,0.0000000000,0.3192320059,29,64,544,24,48298490227835,48298490617942,48298490646742,48298497524762
101472,"void miso::kernels::q6k_gemv_kernel<2048u, 256, 2>(miso::kernels::Q6kGemvParams) [clone .kd]",1,1,101774,1553930,1553930,122880,256,0,0,60,0,32,64,0x0,0x73c6a5073000,42.5933106696,97.7458705471,1920,0.0000000000,11.7766422277,0,48128,1430784,0,48298490361270,48298490646742,48298490700342,48298497415970
101473,"void miso::kernels::q4k_gemv_kernel<(miso::kernels::ActFormat)1, 2048u, 256, 4>(miso::kernels::Q4kGemvParams) [clone .kd]",1,1,101775,1553930,1553930,61440,256,0,0,72,0,48,64,0x0,0x73c6a5072f40,21.1027907564,96.7209812123,960,0.0000000000,4.8086199768,0,16000,496080,0,48298490500461,48298490700342,48298490740022,48298497295928
101474,"void miso::kernels::deltanet_step_kernel<256>(miso::kernels::DeltaNetStepParams) [clone .kd]",1,1,101776,1553930,1553930,8192,256,3072,0,184,0,64,64,0x0,0x73c6a5051400,3.4245678870,99.7167266187,128,0.0000000000,1.9252535052,1523,9536,84096,7616,48298490629258,48298490740022,48298490779222,48298497181019
101475,"void miso::kernels::q4k_gemv_kernel<(miso::kernels::ActFormat)1, 4096u, 256, 4>(miso::kernels::Q4kGemvParams) [clone .kd]",1,1,101777,1553930,1553930,61440,256,0,0,112,0,48,64,0x0,0x73c6a5072fc0,14.1645293145,97.3198020086,960,0.0000000000,1.6513328615,0,16384,451392,0,48298490748719,48298490779222,48298490951702,48298497061696
101476,"void miso::kernels::add_rmsnorm_kernel<2048u, 512>(miso::kernels::AddRmsNormParams, unsigned int) [clone .kd]",1,1,101778,1553930,1553930,512,512,512,0,28,0,32,64,0x0,0x73c6a508d680,0.0408543669,98.7695312500,8,0.0000000000,0.4700044378,16,96,616,24,48298490911974,48298490951702,48298491063541,48298496897617
101477,"void miso::kernels::moe_router_kernel<256>(miso::kernels::MoeRouterParams) [clone .kd]",1,1,101779,1553930,1553930,16640,256,0,0,36,0,32,64,0x0,0x73c6a4de3580,1.7011131870,94.2115461618,260,0.0000000000,0.4621688584,0,3084,25709,0,48298491035666,48298491063541,48298491189461,48298496712178
101478,"void miso::kernels::moe_gate_up_kernel<256>(miso::kernels::MoeGateUpParams) [clone .kd]",1,1,101780,1553930,1553930,30720,256,512,0,64,0,48,64,0x0,0x73c6a4de35c0,29.6246816749,83.4114830454,480,0.0000000000,1.6044322441,1035,23712,1256456,10593,48298491165740,48298491189461,48298491347061,48298496574694
101479,"void miso::kernels::moe_down_kernel<(miso::kernels::QType)1, 256>(miso::kernels::MoeDownParams) [clone .kd]",1,1,101781,1553930,1553930,30720,256,9728,0,108,0,32,64,0x0,0x73c6a4de3640,27.5174670844,98.3622685412,480,1.2401899041,1.3853993837,2184,26976,1014536,9600,48298491290354,48298491347061,48298491464661,48298496574037
101480,"void miso::kernels::add_rmsnorm_kernel<2048u, 512>(miso::kernels::AddRmsNormParams, unsigned int) [clone .kd]",1,1,101782,1553930,1553930,512,512,512,0,28,0,32,64,0x0,0x73c6a508d680,0.0417367714,98.7695312500,8,0.0000000000,0.3953259128,31,96,616,24,48298491419211,48298491464661,48298491569301,48298521538974
101481,"void miso::kernels::q6k_gemv_kernel<2048u, 256, 2>(miso::kernels::Q6kGemvParams) [clone .kd]",1,1,101783,1553930,1553930,122880,256,0,0,60,0,32,64,0x0,0x73c6a5073000,40.4850137157,97.7428231753,1920,0.0000000000,13.2713231378,0,48128,1430784,0,48298491545446,48298491569301,48298491721940,48298521419786
101482,"void miso::kernels::q4k_gemv_kernel<(miso::kernels::ActFormat)1, 2048u, 256, 4>(miso::kernels::Q4kGemvParams) [clone .kd]",1,1,101784,1553930,1553930,61440,256,0,0,72,0,48,64,0x0,0x73c6a5072f40,17.7312339077,96.7207882874,960,0.0000000000,6.3849331449,0,16000,496080,0,48298491673868,48298491721940,48298491833460,48298521302659
101483,"void miso::kernels::deltanet_step_kernel<256>(miso::kernels::DeltaNetStepParams) [clone .kd]",1,1,101785,1553930,1553930,8192,256,3072,0,184,0,64,64,0x0,0x73c6a5051400,3.4158891065,99.7167266187,128,0.0000000000,3.8062556492,2012,9536,84096,7616,48298491798019,48298491833460,48298491954740,48298521184805
101484,"void miso::kernels::q4k_gemv_kernel<(miso::kernels::ActFormat)1, 4096u, 256, 4>(miso::kernels::Q4kGemvParams) [clone .kd]",1,1,101786,1553930,1553930,61440,256,0,0,112,0,48,64,0x0,0x73c6a5072fc0,13.7287546120,97.3206595367,960,0.0000000000,1.9397296658,0,16384,451392,0,48298491923903,48298491954740,48298492092180,48298521063045
101485,"void miso::kernels::add_rmsnorm_kernel<2048u, 512>(miso::kernels::AddRmsNormParams, unsigned int) [clone .kd]",1,1,101787,1553930,1553930,512,512,512,0,28,0,32,64,0x0,0x73c6a508d680,0.0413998318,98.7695312500,8,0.0000000000,0.3092804010,16,96,616,24,48298492051955,48298492092180,48298492205139,48298520943392
101486,"void miso::kernels::moe_router_kernel<256>(miso::kernels::MoeRouterParams) [clone .kd]",1,1,101788,1553930,1553930,16640,256,0,0,36,0,32,64,0x0,0x73c6a4de3580,1.6796694850,94.2115461618,260,0.0000000000,4.3540036592,0,3084,25709,0,48298492181824,48298492205139,48298492335539,48298520820485
101487,"void miso::kernels::moe_gate_up_kernel<256>(miso::kernels::MoeGateUpParams) [clone .kd]",1,1,101789,1553930,1553930,30720,256,512,0,64,0,48,64,0x0,0x73c6a4de35c0,29.1238461128,83.4104931203,480,0.0000000000,1.2603107616,990,23712,1256456,10593,48298492310407,48298492335539,48298492493779,48298520671172
101488,"void miso::kernels::moe_down_kernel<(miso::kernels::QType)1, 256>(miso::kernels::MoeDownParams) [clone .kd]",1,1,101790,1553930,1553930,30720,256,9728,0,108,0,32,64,0x0,0x73c6a4de3640,28.6744967384,98.3593824881,480,1.2922983728,1.1335426702,2308,26976,1014536,9600,48298492435184,48298492493779,48298492612499,48298520553296
101489,"void miso::kernels::add_rmsnorm_kernel<2048u, 512>(miso::kernels::AddRmsNormParams, unsigned int) [clone .kd]",1,1,101791,1553930,1553930,512,512,512,0,28,0,32,64,0x0,0x73c6a508d680,0.0418153070,98.7695312500,8,0.0000000000,1.5146385182,17,96,616,24,48298492566936,48298492612499,48298492712339,48298520433817
101490,"void miso::kernels::q6k_gemv_kernel<2048u, 256, 2>(miso::kernels::Q6kGemvParams) [clone .kd]",1,1,101792,1553930,1553930,122880,256,0,0,60,0,32,64,0x0,0x73c6a5073000,29.9754938610,97.7455319408,1920,0.0000000000,12.8992335333,0,48128,1430784,0,48298492688187,48298492712339,48298492884658,48298520313728
101491,"void miso::kernels::q4k_gemv_kernel<(miso::kernels::ActFormat)1, 2048u, 256, 4>(miso::kernels::Q4kGemvParams) [clone .kd]",1,1,101793,1553930,1553930,61440,256,0,0,72,0,48,64,0x0,0x73c6a5072f40,18.6502391953,96.7184732483,960,0.0000000000,4.7328665106,0,16000,496080,0,48298492817434,48298492884658,48298492972978,48298520195775
101492,"void miso::kernels::deltanet_step_kernel<256>(miso::kernels::DeltaNetStepParams) [clone .kd]",1,1,101794,1553930,1553930,8192,256,3072,0,184,0,64,64,0x0,0x73c6a5051400,3.4846917991,99.7167266187,128,0.0000000000,1.4998309097,1861,9536,84096,7616,48298492940171,48298492972978,48298493093458,48298520070301
101493,"void miso::kernels::q4k_gemv_kernel<(miso::kernels::ActFormat)1, 4096u, 256, 4>(miso::kernels::Q4kGemvParams) [clone .kd]",1,1,101795,1553930,1553930,61440,256,0,0,112,0,48,64,0x0,0x73c6a5072fc0,14.6435829446,97.3208739211,960,0.0000000000,1.7106809153,0,16384,451392,0,48298493062846,48298493093458,48298493222898,48298519944351
101494,"void miso::kernels::add_rmsnorm_kernel<2048u, 512>(miso::kernels::AddRmsNormParams, unsigned int) [clone .kd]",1,1,101796,1553930,1553930,512,512,512,0,28,0,32,64,0x0,0x73c6a508d680,0.0428655629,98.7695312500,8,0.0000000000,0.3548429491,17,96,616,24,48298493184851,48298493222898,48298493328338,48298519820417
101495,"void miso::kernels::moe_router_kernel<256>(miso::kernels::MoeRouterParams) [clone .kd]",1,1,101797,1553930,1553930,16640,256,0,0,36,0,32,64,0x0,0x73c6a4de3580,1.6963592610,94.2115461618,260,0.0000000000,0.4562730116,0,3084,25709,0,48298493306612,48298493328338,48298493463377,48298519699646
101496,"void miso::kernels::moe_gate_up_kernel<256>(miso::kernels::MoeGateUpParams) [clone .kd]",1,1,101798,1553930,1553930,30720,256,512,0,64,0,48,64,0x0,0x73c6a4de35c0,30.5080940069,83.4136825052,480,0.0000000000,2.0880831716,659,23712,1256456,10593,48298493439233,48298493463377,48298493619857,48298519571226
101497,"void miso::kernels::moe_down_kernel<(miso::kernels::QType)1, 256>(miso::kernels::MoeDownParams) [clone .kd]",1,1,101799,1553930,1553930,30720,256,9728,0,108,0,32,64,0x0,0x73c6a4de3640,29.0821515726,98.3542842082,480,1.3106025700,1.0198429103,2234,26976,1014536,9600,48298493565316,48298493619857,48298493733457,48298519444376
101498,"void miso::kernels::add_rmsnorm_kernel<2048u, 512>(miso::kernels::AddRmsNormParams, unsigned int) [clone .kd]",1,1,101800,1553930,1553930,512,512,512,0,28,0,32,64,0x0,0x73c6a508d680,0.0427675982,98.7695312500,8,0.0000000000,0.4120258107,15,96,616,24,48298493692151,48298493733457,48298493845137,48298519322121
101499,"void miso::kernels::q4k_gemv_kernel<(miso::kernels::ActFormat)1, 2048u, 256, 4>(miso::kernels::Q4kGemvParams) [clone .kd]",1,1,101801,1553930,1553930,61440,256,0,0,72,0,48,64,0x0,0x73c6a5072f40,24.9988877767,96.1679976865,960,0.0000000000,10.3944395891,0,25088,888000,0,48298493822594,48298493845137,48298493997136,48298519148505
101500,"void miso::kernels::q6k_gemv_kernel<2048u, 256, 1>(miso::kernels::Q6kGemvParams) [clone .kd]",1,1,101802,1553930,1553930,61440,256,0,0,60,0,32,64,0x0,0x73c6a5073040,8.8087537353,97.9865503961,960,0.0000000000,0.4056636892,0,6144,149312,0,48298493954730,48298493997136,48298494129776,48298518958282
101501,"void miso::kernels::attn_prep_kernel<256>(miso::kernels::AttnPrepParams) [clone .kd]",1,1,101803,1553930,1553930,4608,256,1536,0,28,0,64,64,0x0,0x73c6a5032400,0.4012947921,97.9857708255,72,0.0000000000,0.9878518006,78,170,4946,288,48298494108235,48298494129776,48298494291696,48298518837533
101502,"void miso::kernels::attn_split_kernel<256>(miso::kernels::AttnSplitParams) [clone .kd]",1,1,101804,1553930,1553930,4608,256,26112,0,96,0,48,64,0x0,0x73c6a5032440,2.9894669446,96.5673727375,72,0.5162680659,0.2355050807,5115,1136,74994,22784,48298494265881,48298494291696,48298494432176,48298518714080
101503,"void miso::kernels::attn_combine_kernel<256>(miso::kernels::AttnCombineParams) [clone .kd]",1,1,101805,1553930,1553930,4096,256,0,0,16,0,32,64,0x0,0x73c6a5032480,0.7030320686,99.4561464088,64,0.0000000000,0.2837415229,0,2368,9152,0,48298494403991,48298494432176,48298494656655,48298518593436
101504,"void miso::kernels::q4k_gemv_kernel<(miso::kernels::ActFormat)1, 4096u, 256, 4>(miso::kernels::Q4kGemvParams) [clone .kd]",1,1,101806,1553930,1553930,61440,256,0,0,112,0,48,64,0x0,0x73c6a5072fc0,14.1480761200,97.3200163892,960,0.0000000000,1.3319765638,0,16384,451392,0,48298494632448,48298494656655,48298494816815,48298518471212
101505,"void miso::kernels::add_rmsnorm_kernel<2048u, 512>(miso::kernels::AddRmsNormParams, unsigned int) [clone .kd]",1,1,101807,1553930,1553930,512,512,512,0,28,0,32,64,0x0,0x73c6a508d680,0.0446584328,98.7695312500,8,0.0000000000,0.3954790279,16,96,616,24,48298494778901,48298494816815,48298494924495,48298518349928
101506,"void miso::kernels::moe_router_kernel<256>(miso::kernels::MoeRouterParams) [clone .kd]",1,1,101808,1553930,1553930,16640,256,0,0,36,0,32,64,0x0,0x73c6a4de3580,1.6116007227,94.2115461618,260,0.0000000000,0.3473950159,0,3084,25709,0,48298494902757,48298494924495,48298495058255,48298518192813
101507,"void miso::kernels::moe_gate_up_kernel<256>(miso::kernels::MoeGateUpParams) [clone .kd]",1,1,101809,1553930,1553930,30720,256,512,0,64,0,48,64,0x0,0x73c6a4de35c0,30.1199197929,83.4124398685,480,0.0000000000,1.6132090977,677,23712,1256456,10593,48298495034294,48298495058255,48298495220494,48298518070964
101508,"void miso::kernels::moe_down_kernel<(miso::kernels::QType)1, 256>(miso::kernels::MoeDownParams) [clone .kd]",1,1,101810,1553930,1553930,30720,256,9728,0,108,0,32,64,0x0,0x73c6a4de3640,31.0949122647,98.3559194479,480,1.4013319953,0.9439936012,2284,26976,1014536,9600,48298495166682,48298495220494,48298495347054,48298517942190
101509,"void miso::kernels::add_rmsnorm_kernel<2048u, 512>(miso::kernels::AddRmsNormParams, unsigned int) [clone .kd]",1,1,101811,1553930,1553930,512,512,512,0,28,0,32,64,0x0,0x73c6a508d680,0.0438380185,98.7695312500,8,0.0000000000,0.4013832284,20,96,616,24,48298495297671,48298495347054,48298495445614,48298517817318
101510,"void miso::kernels::q6k_gemv_kernel<2048u, 256, 2>(miso::kernels::Q6kGemvParams) [clone .kd]",1,1,101812,1553930,1553930,122880,256,0,0,60,0,32,64,0x0,0x73c6a5073000,38.2635851267,97.7455319408,1920,0.0000000000,11.8845993225,0,48128,1430784,0,48298495422871,48298495445614,48298495597774,48298517684021
101511,"void miso::kernels::q4k_gemv_kernel<(miso::kernels::ActFormat)1, 2048u, 256, 4>(miso::kernels::Q4kGemvParams) [clone .kd]",1,1,101813,1553930,1553930,61440,256,0,0,72,0,48,64,0x0,0x73c6a5072f40,18.2958899910,96.7221387780,960,0.0000000000,4.2592890623,0,16000,496080,0,48298495554703,48298495597774,48298495787533,48298517492868
101512,"void miso::kernels::deltanet_step_kernel<256>(miso::kernels::DeltaNetStepParams) [clone .kd]",1,1,101814,1553930,1553930,8192,256,3072,0,184,0,64,64,0x0,0x73c6a5051400,3.5478133250,99.7167266187,128,0.0000000000,2.6956101243,1707,9536,84096,7616,48298495754453,48298495787533,48298495949293,48298517382741
101513,"void miso::kernels::q4k_gemv_kernel<(miso::kernels::ActFormat)1, 4096u, 256, 4>(miso::kernels::Q4kGemvParams) [clone .kd]",1,1,101815,1553930,1553930,61440,256,0,0,112,0,48,64,0x0,0x73c6a5072fc0,14.5576464250,97.3208739211,960,0.0000000000,1.8829146007,0,16384,451392,0,48298495918071,48298495949293,48298496091213,48298517273540
101514,"void miso::kernels::add_rmsnorm_kernel<2048u, 512>(miso::kernels::AddRmsNormParams, unsigned int) [clone .kd]",1,1,101816,1553930,1553930,512,512,512,0,28,0,32,64,0x0,0x73c6a508d680,0.0427538846,98.7695312500,8,0.0000000000,0.3993543248,22,96,616,24,48298496048202,48298496091213,48298496204013,48298517157978
101515,"void miso::kernels::moe_router_kernel<256>(miso::kernels::MoeRouterParams) [clone .kd]",1,1,101817,1553930,1553930,16640,256,0,0,36,0,32,64,0x0,0x73c6a4de3580,1.7581157730,94.2115461618,260,0.0000000000,0.4832410027,0,3084,25709,0,48298496181387,48298496204013,48298496336172,48298517040302
101516,"void miso::kernels::moe_gate_up_kernel<256>(miso::kernels::MoeGateUpParams) [clone .kd]",1,1,101818,1553930,1553930,30720,256,512,0,64,0,48,64,0x0,0x73c6a4de35c0,28.2883910176,83.4161284412,480,0.0000000000,1.4911655475,860,23712,1256456,10593,48298496312391,48298496336172,48298496497772,48298516921438
101517,"void miso::kernels::moe_down_kernel<(miso::kernels::QType)1, 256>(miso::kernels::MoeDownParams) [clone .kd]",1,1,101819,1553930,1553930,30720,256,9728,0,108,0,32,64,0x0,0x73c6a4de3640,25.0874752174,98.3625571558,480,1.1306754608,0.5912528298,2232,26976,1014536,9600,48298496439765,48298496497772,48298497018091,48298516804059
101518,"void miso::kernels::add_rmsnorm_kernel<2048u, 512>(miso::kernels::AddRmsNormParams, unsigned int) [clone .kd]",1,1,101820,1553930,1553930,512,512,512,0,28,0,32,64,0x0,0x73c6a508d680,0.0388443797,98.7695312500,8,0.0000000000,0.4641534103,16,96,616,24,48298496965579,48298497018091,48298504822238,48298516639265
101519,"void miso::kernels::q4k_gemv_kernel<(miso::kernels::ActFormat)1, 2048u, 256, 4>(miso::kernels::Q4kGemvParams) [clone .kd]",1,1,101821,1553930,1553930,61440,256,0,0,72,0,48,64,0x0,0x73c6a5072f40,26.7817085021,95.9944707164,960,0.0000000000,10.5780881973,0,32384,1202640,0,48298504816004,48298504822238,48298505029438,48298516239058
101520,"void miso::kernels::deltanet_step_kernel<256>(miso::kernels::DeltaNetStepParams) [clone .kd]",1,1,101822,1553930,1553930,8192,256,3072,0,184,0,64,64,0x0,0x73c6a5051400,3.1951268569,99.7167266187,128,0.0000000000,4.6886974292,1716,9536,84096,7616,48298504980186,48298505029438,48298505144317,48298516043516
101521,"void miso::kernels::q4k_gemv_kernel<(miso::kernels::ActFormat)1, 4096u, 256, 4>(miso::kernels::Q4kGemvParams) [clone .kd]",1,1,101823,1553930,1553930,61440,256,0,0,112,0,48,64,0x0,0x73c6a5072fc0,13.4290320672,97.3206595367,960,0.0000000000,1.5545187084,0,16384,451392,0,48298505112062,48298505144317,48298505285597,48298515895171
101522,"void miso::kernels::add_rmsnorm_kernel<2048u, 512>(miso::kernels::AddRmsNormParams, unsigned int) [clone .kd]",1,1,101824,1553930,1553930,512,512,512,0,28,0,32,64,0x0,0x73c6a508d680,0.0421874176,98.7695312500,8,0.0000000000,0.4056732318,15,96,616,24,48298505246150,48298505285597,48298505401117,48298515757140
101523,"void miso::kernels::moe_router_kernel<256>(miso::kernels::MoeRouterParams) [clone .kd]",1,1,101825,1553930,1553930,16640,256,0,0,36,0,32,64,0x0,0x73c6a4de3580,1.6106504514,94.2115461618,260,0.0000000000,0.4454658949,0,3084,25709,0,48298505379023,48298505401117,48298505539517,48298515622939
101524,"void miso::kernels::moe_gate_up_kernel<256>(miso::kernels::MoeGateUpParams) [clone .kd]",1,1,101827,1553930,1553930,30720,256,512,0,64,0,48,64,0x0,0x73c6a4de35c0,27.6701564045,83.4096384990,480,0.0000000000,1.2728813348,770,23712,1256456,10593,48298505516570,48298505539517,48298505745436,48298515489051
101525,"void miso::kernels::moe_down_kernel<(miso::kernels::QType)0, 256>(miso::kernels::MoeDownParams) [clone .kd]",1,1,101828,1553930,1553930,30720,256,9728,0,84,0,32,64,0x0,0x73c6a4de3600,19.2254022498,96.6143349133,480,3.9367791542,3.3086787543,1013,14688,667240,9600,48298505690640,48298505745436,48298505868636,48298515359845
101526,"void miso::kernels::add_rmsnorm_kernel<2048u, 512>(miso::kernels::AddRmsNormParams, unsigned int) [clone .kd]",1,1,101829,1553930,1553930,512,512,512,0,28,0,32,64,0x0,0x73c6a508d680,0.0444037410,98.7695312500,8,0.0000000000,1.3268368345,18,96,616,24,48298505826896,48298505868636,48298505985596,48298515220716
101527,"void miso::kernels::q4k_gemv_kernel<(miso::kernels::ActFormat)1, 2048u, 256, 4>(miso::kernels::Q4kGemvParams) [clone .kd]",1,1,101830,1553930,1553930,61440,256,0,0,72,0,48,64,0x0,0x73c6a5072f40,30.3368044662,95.9882461094,960,0.0000000000,11.1218967733,0,32384,1202640,0,48298505963902,48298505985596,48298506171836,48298515092849
101528,"void miso::kernels::deltanet_step_kernel<256>(miso::kernels::DeltaNetStepParams) [clone .kd]",1,1,101831,1553930,1553930,8192,256,3072,0,184,0,64,64,0x0,0x73c6a5051400,3.3554363651,99.7167266187,128,0.0000000000,3.4554207716,1591,9536,84096,7616,48298506119953,48298506171836,48298506274236,48298514957406
101529,"void miso::kernels::q4k_gemv_kernel<(miso::kernels::ActFormat)1, 4096u, 256, 4>(miso::kernels::Q4kGemvParams) [clone .kd]",1,1,101832,1553930,1553930,61440,256,0,0,112,0,48,64,0x0,0x73c6a5072fc0,13.2888373672,97.3213026928,960,0.0000000000,1.6871588466,0,16384,451392,0,48298506241492,48298506274236,48298506409915,48298514823849
101530,"void miso::kernels::add_rmsnorm_kernel<2048u, 512>(miso::kernels::AddRmsNormParams, unsigned int) [clone .kd]",1,1,101833,1553930,1553930,512,512,512,0,28,0,32,64,0x0,0x73c6a508d680,0.0444203834,98.7695312500,8,0.0000000000,0.3688019404,15,96,616,24,48298506369592,48298506409915,48298506516635,48298514681903
101531,"void miso::kernels::moe_router_kernel<256>(miso::kernels::MoeRouterParams) [clone .kd]",1,1,101834,1553930,1553930,16640,256,0,0,36,0,32,64,0x0,0x73c6a4de3580,1.6683844862,94.2115461618,260,0.0000000000,4.5563806918,0,3084,25709,0,48298506494102,48298506516635,48298506649435,48298514530216
101532,"void miso::kernels::moe_gate_up_kernel<256>(miso::kernels::MoeGateUpParams) [clone .kd]",1,1,101835,1553930,1553930,30720,256,512,0,64,0,48,64,0x0,0x73c6a4de35c0,29.4981601834,83.4081729092,480,0.0000000000,1.6351821827,843,23712,1256456,10593,48298506624432,48298506649435,48298506844795,48298514371848
101533,"void miso::kernels::moe_down_kernel<(miso::kernels::QType)0, 256>(miso::kernels::MoeDownParams) [clone .kd]",1,1,101836,1553930,1553930,30720,256,9728,0,84,0,32,64,0x0,0x73c6a4de3600,19.7490287627,96.6164816282,480,4.0440918346,1.3083569430,980,14688,667240,9600,48298506787389,48298506844795,48298506952314,48298514242925
101534,"void miso::kernels::add_rmsnorm_kernel<2048u, 512>(miso::kernels::AddRmsNormParams, unsigned int) [clone .kd]",1,1,101837,1553930,1553930,512,512,512,0,28,0,32,64,0x0,0x73c6a508d680,0.0443760314,98.7695312500,8,0.0000000000,1.0041924536,21,96,616,24,48298506910213,48298506952314,48298507056794,48298514088240
101535,"void miso::kernels::q4k_gemv_kernel<(miso::kernels::ActFormat)1, 2048u, 256, 4>(miso::kernels::Q4kGemvParams) [clone .kd]",1,1,101838,1553930,1553930,61440,256,0,0,72,0,48,64,0x0,0x73c6a5072f40,24.0330350078,96.1693882522,960,0.0000000000,9.3012214944,0,25088,888000,0,48298507033889,48298507056794,48298507208794,48298513924805
101536,"void miso::kernels::q6k_gemv_kernel<2048u, 256, 1>(miso::kernels::Q6kGemvParams) [clone .kd]",1,1,101839,1553930,1553930,61440,256,0,0,60,0,32,64,0x0,0x73c6a5073040,9.4068178405,97.9885057471,960,0.0000000000,0.3531786075,0,6144,149312,0,48298507164274,48298507208794,48298507323994,48298513923293
101537,"void miso::kernels::attn_prep_kernel<256>(miso::kernels::AttnPrepParams) [clone .kd]",1,1,101840,1553930,1553930,4608,256,1536,0,28,0,64,64,0x0,0x73c6a5032400,0.3561982251,97.9857708255,72,0.0000000000,0.9326936012,87,170,4946,288,48298507294409,48298507324033,48298507461633,48298535533455
101538,"void miso::kernels::attn_split_kernel<256>(miso::kernels::AttnSplitParams) [clone .kd]",1,1,101841,1553930,1553930,4608,256,26112,0,96,0,48,64,0x0,0x73c6a5032440,2.9822716580,96.5673727375,72,0.5150254709,0.2289879739,5919,1136,74994,22784,48298507439756,48298507461633,48298507605953,48298535419111
101539,"void miso::kernels::attn_combine_kernel<256>(miso::kernels::AttnCombineParams) [clone .kd]",1,1,101842,1553930,1553930,4096,256,0,0,16,0,32,64,0x0,0x73c6a5032480,0.6645555097,99.4561464088,64,0.0000000000,0.1265918931,0,2368,9152,0,48298507573997,48298507605953,48298507744193,48298535302531
101540,"void miso::kernels::q4k_gemv_kernel<(miso::kernels::ActFormat)1, 4096u, 256, 4>(miso::kernels::Q4kGemvParams) [clone .kd]",1,1,101843,1553930,1553930,61440,256,0,0,112,0,48,64,0x0,0x73c6a5072fc0,13.9601938642,97.3213026928,960,0.0000000000,1.3991739597,0,16384,451392,0,48298507710645,48298507744193,48298507893152,48298535046839
101541,"void miso::kernels::add_rmsnorm_kernel<2048u, 512>(miso::kernels::AddRmsNormParams, unsigned int) [clone .kd]",1,1,101844,1553930,1553930,512,512,512,0,28,0,32,64,0x0,0x73c6a508d680,0.0415805819,98.7695312500,8,0.0000000000,0.3870067250,13,96,616,24,48298507852681,48298507893152,48298508004992,48298534864399
101542,"void miso::kernels::moe_router_kernel<256>(miso::kernels::MoeRouterParams) [clone .kd]",1,1,101845,1553930,1553930,16640,256,0,0,36,0,32,64,0x0,0x73c6a4de3580,1.7160076956,94.2115461618,260,0.0000000000,0.3086768304,0,3084,25709,0,48298507982039,48298508004992,48298508194592,48298534738935
101543,"void miso::kernels::moe_gate_up_kernel<256>(miso::kernels::MoeGateUpParams) [clone .kd]",1,1,101846,1553930,1553930,30720,256,512,0,64,0,48,64,0x0,0x73c6a4de35c0,28.7438560921,83.4031127644,480,0.0000000000,1.2377565224,832,23712,1256456,10593,48298508171226,48298508194592,48298508360512,48298534603385
101544,"void miso::kernels::moe_down_kernel<(miso::kernels::QType)1, 256>(miso::kernels::MoeDownParams) [clone .kd]",1,1,101847,1553930,1553930,30720,256,9728,0,108,0,32,64,0x0,0x73c6a4de3640,29.4798802851,98.3617875206,480,1.3286277766,0.8974656864,2218,26976,1014536,9600,48298508302974,48298508360512,48298508494431,48298534473030
101545,"void miso::kernels::add_rmsnorm_kernel<2048u, 512>(miso::kernels::AddRmsNormParams, unsigned int) [clone .kd]",1,1,101848,1553930,1553930,512,512,512,0,28,0,32,64,0x0,0x73c6a508d680,0.0418546858,98.7695312500,8,0.0000000000,0.5259227651,19,96,616,24,48298508452572,48298508494431,48298508657471,48298534282731
101546,"void miso::kernels::q4k_gemv_kernel<(miso::kernels::ActFormat)1, 2048u, 256, 4>(miso::kernels::Q4kGemvParams) [clone .kd]",1,1,101849,1553930,1553930,61440,256,0,0,72,0,48,64,0x0,0x73c6a5072f40,26.3963384249,95.9880097478,960,0.0000000000,10.0265462318,0,32384,1202640,0,48298508634368,48298508657471,48298508858911,48298534091740
101547,"void miso::kernels::deltanet_step_kernel<256>(miso::kernels::DeltaNetStepParams) [clone .kd]",1,1,101850,1553930,1553930,8192,256,3072,0,184,0,64,64,0x0,0x73c6a5051400,3.2881654136,99.7167266187,128,0.0000000000,1.5075264488,1992,9536,84096,7616,48298508799498,48298508858911,48298508987871,48298533978686
101548,"void miso::kernels::q4k_gemv_kernel<(miso::kernels::ActFormat)1, 4096u, 256, 4>(miso::kernels::Q4kGemvParams) [clone .kd]",1,1,101851,1553930,1553930,61440,256,0,0,112,0,48,64,0x0,0x73c6a5072fc0,13.3460927853,97.3208739211,960,0.0000000000,1.1162073866,0,16384,451392,0,48298508957374,48298508987871,48298509219710,48298533865506
101549,"void miso::kernels::add_rmsnorm_kernel<2048u, 512>(miso::kernels::AddRmsNormParams, unsigned int) [clone .kd]",1,1,101852,1553930,1553930,512,512,512,0,28,0,32,64,0x0,0x73c6a508d680,0.0410556432,98.7695312500,8,0.0000000000,0.3895021870,12,96,616,24,48298509179449,48298509219710,48298509601949,48298533754025
101550,"void miso::kernels::moe_router_kernel<256>(miso::kernels::MoeRouterParams) [clone .kd]",1,1,101853,1553930,1553930,16640,256,0,0,36,0,32,64,0x0,0x73c6a4de3580,1.7183691122,94.2115461618,260,0.0000000000,0.4324463582,0,3084,25709,0,48298509584020,48298509601949,48298509827549,48298533644106
101551,"void miso::kernels::moe_gate_up_kernel<256>(miso::kernels::MoeGateUpParams) [clone .kd]",1,1,101854,1553930,1553930,30720,256,512,0,64,0,48,64,0x0,0x73c6a4de35c0,28.4705849112,83.4094117072,480,0.0000000000,1.8532358282,980,23712,1256456,10593,48298509803556,48298509827549,48298510015869,48298533530289
101552,"void miso::kernels::moe_down_kernel<(miso::kernels::QType)0, 256>(miso::kernels::MoeDownParams) [clone .kd]",1,1,101855,1553930,1553930,30720,256,9728,0,84,0,32,64,0x0,0x73c6a4de3600,19.4466240350,96.6130469302,480,3.9820255790,1.3908435410,981,14688,667240,9600,48298509959541,48298510015869,48298510156989,48298533417089
101553,"void miso::kernels::add_rmsnorm_kernel<2048u, 512>(miso::kernels::AddRmsNormParams, unsigned int) [clone .kd]",1,1,101856,1553930,1553930,512,512,512,0,28,0,32,64,0x0,0x73c6a508d680,0.0416325150,98.7695312500,8,0.0000000000,0.4264841649,24,96,616,24,48298510114415,48298510156989,48298510320668,48298533304501
101554,"void miso::kernels::q4k_gemv_kernel<(miso::kernels::ActFormat)1, 2048u, 256, 4>(miso::kernels::Q4kGemvParams) [clone .kd]",1,1,101857,1553930,1553930,61440,256,0,0,72,0,48,64,0x0,0x73c6a5072f40,28.3812306058,95.9921856403,960,0.0000000000,9.4135119550,0,32384,1202640,0,48298510296236,48298510320668,48298510488188,48298533197017
101555,"void miso::kernels::deltanet_step_kernel<256>(miso::kernels::DeltaNetStepParams) [clone .kd]",1,1,101858,1553930,1553930,8192,256,3072,0,184,0,64,64,0x0,0x73c6a5051400,3.2869261920,99.7167266187,128,0.0000000000,1.9172322388,1998,9536,84096,7616,48298510439080,48298510488188,48298510624988,48298533084375
101556,"void miso::kernels::q4k_gemv_kernel<(miso::kernels::ActFormat)1, 4096u, 256, 4>(miso::kernels::Q4kGemvParams) [clone .kd]",1,1,101859,1553930,1553930,61440,256,0,0,112,0,48,64,0x0,0x73c6a5072fc0,14.0636269006,97.3202307708,960,0.0000000000,1.6418194679,0,16384,451392,0,48298510586865,48298510624988,48298510761147,48298532972444
101557,"void miso::kernels::add_rmsnorm_kernel<2048u, 512>(miso::kernels::AddRmsNormParams, unsigned int) [clone .kd]",1,1,101860,1553930,1553930,512,512,512,0,28,0,32,64,0x0,0x73c6a508d680,0.0465082479,98.7695312500,8,0.0000000000,0.3814424733,15,96,616,24,48298510723428,48298510761147,48298510879387,48298532864441
101558,"void miso::kernels::moe_router_kernel<256>(miso::kernels::MoeRouterParams) [clone .kd]",1,1,101861,1553930,1553930,16640,256,0,0,36,0,32,64,0x0,0x73c6a4de3580,1.6646987126,94.2115461618,260,0.0000000000,0.4637306699,0,3084,25709,0,48298510857632,48298510879387,48298511005787,48298532753843
101559,"void miso::kernels::moe_gate_up_kernel<256>(miso::kernels::MoeGateUpParams) [clone .kd]",1,1,101862,1553930,1553930,30720,256,512,0,64,0,48,64,0x0,0x73c6a4de35c0,29.6265085310,83.4048950259,480,0.0000000000,1.4355003726,860,23712,1256456,10593,48298510983664,48298511005787,48298511175067,48298532643175
101560,"void miso::kernels::moe_down_kernel<(miso::kernels::QType)0, 256>(miso::kernels::MoeDownParams) [clone .kd]",1,1,101863,1553930,1553930,30720,256,9728,0,84,0,32,64,0x0,0x73c6a4de3600,19.9984003128,96.6174834612,480,4.0951991611,1.6439324628,1089,14688,667240,9600,48298511117765,48298511175067,48298511284507,48298532533934
101561,"void miso::kernels::add_rmsnorm_kernel<2048u, 512>(miso::kernels::AddRmsNormParams, unsigned int) [clone .kd]",1,1,101864,1553930,1553930,512,512,512,0,28,0,32,64,0x0,0x73c6a508d680,0.0414497034,98.7695312500,8,0.0000000000,0.9880898968,13,96,616,24,48298511244213,48298511284507,48298511390426,48298532421438
101562,"void miso::kernels::q6k_gemv_kernel<2048u, 256, 2>(miso::kernels::Q6kGemvParams) [clone .kd]",1,1,101865,1553930,1553930,122880,256,0,0,60,0,32,64,0x0,0x73c6a5073000,38.8968927696,97.7461414338,1920,0.0000000000,12.8984421580,0,48128,1430784,0,48298511367865,48298511390426,48298511548986,48298532311023
101563,"void miso::kernels::q4k_gemv_kernel<(miso::kernels::ActFormat)1, 2048u, 256, 4>(miso::kernels::Q4kGemvParams) [clone .kd]",1,1,101866,1553930,1553930,61440,256,0,0,72,0,48,64,0x0,0x73c6a5072f40,17.5220539921,96.7219458485,960,0.0000000000,5.0484843284,0,16000,496080,0,48298511500377,48298511548986,48298511657146,48298532197885
101564,"void miso::kernels::deltanet_step_kernel<256>(miso::kernels::DeltaNetStepParams) [clone .kd]",1,1,101867,1553930,1553930,8192,256,3072,0,184,0,64,64,0x0,0x73c6a5051400,3.3729165719,99.7167266187,128,0.0000000000,2.9638798245,1821,9536,84096,7616,48298511622869,48298511657146,48298511786746,48298532082563
101565,"void miso::kernels::q4k_gemv_kernel<(miso::kernels::ActFormat)1, 4096u, 256, 4>(miso::kernels::Q4kGemvParams) [clone .kd]",1,1,101868,1553930,1553930,61440,256,0,0,112,0,48,64,0x0,0x73c6a5072fc0,13.0599093190,97.3213026928,960,0.0000000000,1.3775150496,0,16384,451392,0,48298511754231,48298511786746,48298511924506,48298531968968
101566,"void miso::kernels::add_rmsnorm_kernel<2048u, 512>(miso::kernels::AddRmsNormParams, unsigned int) [clone .kd]",1,1,101869,1553930,1553930,512,512,512,0,28,0,32,64,0x0,0x73c6a508d680,0.0447352234,98.7695312500,8,0.0000000000,0.4214626206,14,96,616,24,48298511882058,48298511924506,48298512038745,48298531856875
101567,"void miso::kernels::moe_router_kernel<256>(miso::kernels::MoeRouterParams) [clone .kd]",1,1,101870,1553930,1553930,16640,256,0,0,36,0,32,64,0x0,0x73c6a4de3580,1.6973474698,94.2115461618,260,0.0000000000,0.4623579264,0,3084,25709,0,48298512010624,48298512038745,48298512178585,48298531749224
101568,"void miso::kernels::moe_gate_up_kernel<256>(miso::kernels::MoeGateUpParams) [clone .kd]",1,1,101871,1553930,1553930,30720,256,512,0,64,0,48,64,0x0,0x73c6a4de35c0,29.1357390380,83.4083623869,480,0.0000000000,1.8040914832,867,23712,1256456,10593,48298512147214,48298512178585,48298512329145,48298531640020
101569,"void miso::kernels::moe_down_kernel<(miso::kernels::QType)1, 256>(miso::kernels::MoeDownParams) [clone .kd]",1,1,101872,1553930,1553930,30720,256,9728,0,108,0,32,64,0x0,0x73c6a4de3640,27.3196201348,98.3645775056,480,1.2313020057,0.8145659725,2131,26976,1014536,9600,48298512274504,48298512329145,48298512456025,48298531521833
101570,"void miso::kernels::add_rmsnorm_kernel<2048u, 512>(miso::kernels::AddRmsNormParams, unsigned int) [clone .kd]",1,1,101873,1553930,1553930,512,512,512,0,28,0,32,64,0x0,0x73c6a508d680,0.0431516917,98.7695312500,8,0.0000000000,0.5167625471,17,96,616,24,48298512413158,48298512456025,48298512569144,48298531411254
101571,"void miso::kernels::q4k_gemv_kernel<(miso::kernels::ActFormat)1, 2048u, 256, 4>(miso::kernels::Q4kGemvParams) [clone .kd]",1,1,101874,1553930,1553930,61440,256,0,0,72,0,48,64,0x0,0x73c6a5072f40,24.6648583390,96.1362913991,960,0.0000000000,8.6074639930,0,26112,932160,0,48298512546643,48298512569144,48298512725784,48298531301690
101572,"void miso::kernels::attn_prep_kernel<256>(miso::kernels::AttnPrepParams) [clone .kd]",1,1,101875,1553930,1553930,4608,256,1536,0,28,0,64,64,0x0,0x73c6a5032400,0.3948445476,97.9857708255,72,0.0000000000,0.2275696405,95,170,4946,288,48298512682140,48298512725784,48298512841304,48298531185427
101573,"void miso::kernels::attn_split_kernel<256>(miso::kernels::AttnSplitParams) [clone .kd]",1,1,101876,1553930,1553930,4608,256,26112,0,96,0,48,64,0x0,0x73c6a5032440,2.9027733552,96.5673727375,72,0.5012964564,0.2302278421,6043,1136,74994,22784,48298512821107,48298512841304,48298512989464,48298531063356
101574,"void miso::kernels::attn_combine_kernel<256>(miso::kernels::AttnCombineParams) [clone .kd]",1,1,101877,1553930,1553930,4096,256,0,0,16,0,32,64,0x0,0x73c6a5032480,0.4811390502,99.4561464088,64,0.0000000000,0.1841413003,0,2368,9152,0,48298512950028,48298512989464,48298513120023,48298530932628
101575,"void miso::kernels::q4k_gemv_kernel<(miso::kernels::ActFormat)1, 4096u, 256, 4>(miso::kernels::Q4kGemvParams) [clone .kd]",1,1,101878,1553930,1553930,61440,256,0,0,112,0,48,64,0x0,0x73c6a5072fc0,13.3587882854,97.3210883065,960,0.0000000000,1.8405660206,0,16384,451392,0,48298513094374,48298513120023,48298513260663,48298530809784
101576,"void miso::kernels::add_rmsnorm_kernel<2048u, 512>(miso::kernels::AddRmsNormParams, unsigned int) [clone .kd]",1,1,101879,1553930,1553930,512,512,512,0,28,0,32,64,0x0,0x73c6a508d680,0.0417220788,98.7695312500,8,0.0000000000,0.3594071801,13,96,616,24,48298513219523,48298513260663,48298513374743,48298530691460
101577,"void miso::kernels::moe_router_kernel<256>(miso::kernels::MoeRouterParams) [clone .kd]",1,1,101880,1553930,1553930,16640,256,0,0,36,0,32,64,0x0,0x73c6a4de3580,1.5540108093,94.2115461618,260,0.0000000000,3.4696278865,0,3084,25709,0,48298513351385,48298513374743,48298513512183,48298530561561
101578,"void miso::kernels::moe_gate_up_kernel<256>(miso::kernels::MoeGateUpParams) [clone .kd]",1,1,101881,1553930,1553930,30720,256,512,0,64,0,48,64,0x0,0x73c6a4de35c0,29.1609344321,83.4058170159,480,0.0000000000,1.6213017751,725,23712,1256456,10593,48298513485912,48298513512183,48298513684823,48298530440847
101579,"void miso::kernels::moe_down_kernel<(miso::kernels::QType)0, 256>(miso::kernels::MoeDownParams) [clone .kd]",1,1,101882,1553930,1553930,30720,256,9728,0,84,0,32,64,0x0,0x73c6a4de3600,18.3384945536,96.6150504744,480,3.7551951756,1.0931374828,1121,14688,667240,9600,48298513628747,48298513684823,48298513823062,48298530312644
101580,"void miso::kernels::add_rmsnorm_kernel<2048u, 512>(miso::kernels::AddRmsNormParams, unsigned int) [clone .kd]",1,1,101883,1553930,1553930,512,512,512,0,28,0,32,64,0x0,0x73c6a508d680,0.0321140047,98.7695312500,8,0.0000000000,1.5479261758,21,96,616,24,48298513775017,48298513823062,48298516745297,48298530186005
101581,"void miso::kernels::q4k_gemv_kernel<(miso::kernels::ActFormat)1, 2048u, 256, 4>(miso::kernels::Q4kGemvParams) [clone .kd]",1,1,101884,1553930,1553930,61440,256,0,0,72,0,48,64,0x0,0x73c6a5072f40,25.6104426282,95.9899006730,960,0.0000000000,10.8596482493,0,32384,1202640,0,48298516732979,48298516745297,48298522090728,48298530057217
101582,"void miso::kernels::deltanet_step_kernel<256>(miso::kernels::DeltaNetStepParams) [clone .kd]",1,1,101885,1553930,1553930,8192,256,3072,0,184,0,64,64,0x0,0x73c6a5051400,3.1458417319,99.7167266187,128,0.0000000000,2.7071841712,1542,9536,84096,7616,48298522045514,48298522090728,48298522247368,48298529906894
101583,"void miso::kernels::q4k_gemv_kernel<(miso::kernels::ActFormat)1, 4096u, 256, 4>(miso::kernels::Q4kGemvParams) [clone .kd]",1,1,101886,1553930,1553930,61440,256,0,0,112,0,48,64,0x0,0x73c6a5072fc0,13.8461163064,97.3204451533,960,0.0000000000,1.1488681853,0,16384,451392,0,48298522213384,48298522247368,48298522409128,48298529760402
101584,"void miso::kernels::add_rmsnorm_kernel<2048u, 512>(miso::kernels::AddRmsNormParams, unsigned int) [clone .kd]",1,1,101887,1553930,1553930,512,512,512,0,28,0,32,64,0x0,0x73c6a508d680,0.0403734545,98.7695312500,8,0.0000000000,0.4208613559,16,96,616,24,48298522366048,48298522409128,48298522540007,48298529642933
101585,"void miso::kernels::moe_router_kernel<256>(miso::kernels::MoeRouterParams) [clone .kd]",1,1,101888,1553930,1553930,16640,256,0,0,36,0,32,64,0x0,0x73c6a4de3580,1.5632936295,94.2115461618,260,0.0000000000,0.4597723782,0,3084,25709,0,48298522512438,48298522540007,48298522692647,48298529526990
101586,"void miso::kernels::moe_gate_up_kernel<256>(miso::kernels::MoeGateUpParams) [clone .kd]",1,1,101889,1553930,1553930,30720,256,512,0,64,0,48,64,0x0,0x73c6a4de35c0,29.4365415386,83.4074750416,480,0.0000000000,1.8435747116,598,23712,1256456,10593,48298522662723,48298522692647,48298522873287,48298529409025
101587,"void miso::kernels::moe_down_kernel<(miso::kernels::QType)0, 256>(miso::kernels::MoeDownParams) [clone .kd]",1,1,101890,1553930,1553930,30720,256,9728,0,84,0,32,64,0x0,0x73c6a4de3600,20.3202037167,96.6157660460,480,4.1610229181,0.6689852344,899,14688,667240,9600,48298522811110,48298522873287,48298522999527,48298529295424
101588,"void miso::kernels::add_rmsnorm_kernel<2048u, 512>(miso::kernels::AddRmsNormParams, unsigned int) [clone .kd]",1,1,101891,1553930,1553930,512,512,512,0,28,0,32,64,0x0,0x73c6a508d680,0.0406550546,98.7695312500,8,0.0000000000,1.0692423075,16,96,616,24,48298522954261,48298522999527,48298523156806,48298529184095
101589,"void miso::kernels::q6k_gemv_kernel<2048u, 256, 2>(miso::kernels::Q6kGemvParams) [clone .kd]",1,1,101892,1553930,1553930,122880,256,0,0,60,0,32,64,0x0,0x73c6a5073000,40.7419638926,97.7432294806,1920,0.0000000000,12.1701433470,0,48128,1430784,0,48298523128036,48298523156806,48298523330406,48298529069442
101590,"void miso::kernels::q4k_gemv_kernel<(miso::kernels::ActFormat)1, 2048u, 256, 4>(miso::kernels::Q4kGemvParams) [clone .kd]",1,1,101893,1553930,1553930,61440,256,0,0,72,0,48,64,0x0,0x73c6a5072f40,17.5484986593,96.7242610538,960,0.0000000000,4.3224937737,0,16000,496080,0,48298523277111,48298523330406,48298523460806,48298528935303
101591,"void miso::kernels::deltanet_step_kernel<256>(miso::kernels::DeltaNetStepParams) [clone .kd]",1,1,101894,1553930,1553930,8192,256,3072,0,184,0,64,64,0x0,0x73c6a5051400,3.3935287969,99.7167266187,128,0.0000000000,2.7730884372,1782,9536,84096,7616,48298523421510,48298523460806,48298523600166,48298528826900
101592,"void miso::kernels::q4k_gemv_kernel<(miso::kernels::ActFormat)1, 4096u, 256, 4>(miso::kernels::Q4kGemvParams) [clone .kd]",1,1,101895,1553930,1553930,61440,256,0,0,112,0,48,64,0x0,0x73c6a5072fc0,14.3665698245,97.3213026928,960,0.0000000000,1.2773274380,0,16384,451392,0,48298523561981,48298523600166,48298523778245,48298528663451
101593,"void miso::kernels::add_rmsnorm_kernel<2048u, 512>(miso::kernels::AddRmsNormParams, unsigned int) [clone .kd]",1,1,101896,1553930,1553930,512,512,512,0,28,0,32,64,0x0,0x73c6a508d680,0.0430558919,98.7695312500,8,0.0000000000,0.4638826662,17,96,616,24,48298523730901,48298523778245,48298523902085,48298528417892
101594,"void miso::kernels::moe_router_kernel<256>(miso::kernels::MoeRouterParams) [clone .kd]",1,1,101897,1553930,1553930,16640,256,0,0,36,0,32,64,0x0,0x73c6a4de3580,1.6069787109,94.2115461618,260,0.0000000000,0.4601106620,0,3084,25709,0,48298523872236,48298523902085,48298524052805,48298528416936
101595,"void miso::kernels::moe_gate_up_kernel<256>(miso::kernels::MoeGateUpParams) [clone .kd]",1,1,101898,1553930,1553930,30720,256,512,0,64,0,48,64,0x0,0x73c6a4de35c0,26.9348179220,83.4125302213,480,0.0000000000,1.4560826679,771,23712,1256456,10593,48298524027545,48298524052805,48298524239525,48298547212785
101596,"void miso::kernels::moe_down_kernel<(miso::kernels::QType)1, 256>(miso::kernels::MoeDownParams) [clone .kd]",1,1,101899,1553930,1553930,30720,256,9728,0,108,0,32,64,0x0,0x73c6a4de3640,27.4968265238,98.3630381839,480,1.2392693474,1.2415189958,2330,26976,1014536,9600,48298524178357,48298524239525,48298524391684,48298547064639
101597,"void miso::kernels::add_rmsnorm_kernel<2048u, 512>(miso::kernels::AddRmsNormParams, unsigned int) [clone .kd]",1,1,101900,1553930,1553930,512,512,512,0,28,0,32,64,0x0,0x73c6a508d680,0.0434806239,98.7695312500,8,0.0000000000,0.4566210046,16,96,616,24,48298524345493,48298524391684,48298524517284,48298546941155
101598,"void miso::kernels::q4k_gemv_kernel<(miso::kernels::ActFormat)1, 2048u, 256, 4>(miso::kernels::Q4kGemvParams) [clone .kd]",1,1,101901,1553930,1553930,61440,256,0,0,72,0,48,64,0x0,0x73c6a5072f40,29.9445968400,95.9934463585,960,0.0000000000,10.4868260935,0,32384,1202640,0,48298524489639,48298524517284,48298524695204,48298546822384
101599,"void miso::kernels::deltanet_step_kernel<256>(miso::kernels::DeltaNetStepParams) [clone .kd]",1,1,101902,1553930,1553930,8192,256,3072,0,184,0,64,64,0x0,0x73c6a5051400,3.3542976939,99.7167266187,128,0.0000000000,2.1084816659,1611,9536,84096,7616,48298524640581,48298524695204,48298524841284,48298546693968
101600,"void miso::kernels::q4k_gemv_kernel<(miso::kernels::ActFormat)1, 4096u, 256, 4>(miso::kernels::Q4kGemvParams) [clone .kd]",1,1,101903,1553930,1553930,61440,256,0,0,112,0,48,64,0x0,0x73c6a5072fc0,13.4349048507,97.3213026928,960,0.0000000000,1.8685076097,0,16384,451392,0,48298524805946,48298524841284,48298525034403,48298546580675
101601,"void miso::kernels::add_rmsnorm_kernel<2048u, 512>(miso::kernels::AddRmsNormParams, unsigned int) [clone .kd]",1,1,101904,1553930,1553930,512,512,512,0,28,0,32,64,0x0,0x73c6a508d680,0.0435925729,98.7695312500,8,0.0000000000,0.3750350969,16,96,616,24,48298524988289,48298525034403,48298525216003,48298546464437
101602,"void miso::kernels::moe_router_kernel<256>(miso::kernels::MoeRouterParams) [clone .kd]",1,1,101905,1553930,1553930,16640,256,0,0,36,0,32,64,0x0,0x73c6a4de3580,1.6165483060,94.2115461618,260,0.0000000000,0.4539595891,0,3084,25709,0,48298525187276,48298525216003,48298525367363,48298546352790
101603,"void miso::kernels::moe_gate_up_kernel<256>(miso::kernels::MoeGateUpParams) [clone .kd]",1,1,101906,1553930,1553930,30720,256,512,0,64,0,48,64,0x0,0x73c6a4de35c0,29.2424323600,83.4064853154,480,0.0000000000,1.6814596285,825,23712,1256456,10593,48298525336430,48298525367363,48298525550242,48298546238208
101604,"void miso::kernels::moe_down_kernel<(miso::kernels::QType)0, 256>(miso::kernels::MoeDownParams) [clone .kd]",1,1,101907,1553930,1553930,30720,256,9728,0,84,0,32,64,0x0,0x73c6a4de3600,19.6655306009,96.6146211365,480,4.0269160185,0.6588315879,972,14688,667240,9600,48298525488298,48298525550242,48298525679842,48298546120183
101605,"void miso::kernels::add_rmsnorm_kernel<2048u, 512>(miso::kernels::AddRmsNormParams, unsigned int) [clone .kd]",1,1,101908,1553930,1553930,512,512,512,0,28,0,32,64,0x0,0x73c6a508d680,0.0443170330,98.7695312500,8,0.0000000000,0.5485570788,16,96,616,24,48298525633798,48298525679842,48298525805922,48298545986119
101606,"void miso::kernels::q4k_gemv_kernel<(miso::kernels::ActFormat)1, 2048u, 256, 4>(miso::kernels::Q4kGemvParams) [clone .kd]",1,1,101909,1553930,1553930,61440,256,0,0,72,0,48,64,0x0,0x73c6a5072f40,25.0351438378,96.1342543544,960,0.0000000000,10.1396643576,0,26112,932160,0,48298525777960,48298525805922,48298525970082,48298545876093
101607,"void miso::kernels::attn_prep_kernel<256>(miso::kernels::AttnPrepParams) [clone .kd]",1,1,101910,1553930,1553930,4608,256,1536,0,28,0,64,64,0x0,0x73c6a5032400,0.3730105168,97.9857708255,72,0.0000000000,0.8161601806,104,170,4946,288,48298525919184,48298525970082,48298526156801,48298545760063
101608,"void miso::kernels::attn_split_kernel<256>(miso::kernels::AttnSplitParams) [clone .kd]",1,1,101911,1553930,1553930,4608,256,26112,0,96,0,48,64,0x0,0x73c6a5032440,2.8777048712,96.5673727375,72,0.4969672371,0.2286743815,5436,1136,74994,22784,48298526129594,48298526156801,48298526325601,48298545644292
101609,"void miso::kernels::attn_combine_kernel<256>(miso::kernels::AttnCombineParams) [clone .kd]",1,1,101912,1553930,1553930,4096,256,0,0,16,0,32,64,0x0,0x73c6a5032480,0.5024114361,99.4561464088,64,0.0000000000,0.2651448639,0,2368,9152,0,48298526288990,48298526325601,48298526455201,48298545530848
101610,"void miso::kernels::q4k_gemv_kernel<(miso::kernels::ActFormat)1, 4096u, 256, 4>(miso::kernels::Q4kGemvParams) [clone .kd]",1,1,101913,1553930,1553930,61440,256,0,0,112,0,48,64,0x0,0x73c6a5072fc0,13.8902250210,97.3213026928,960,0.0000000000,1.4698056774,0,16384,451392,0,48298526425506,48298526455201,48298526621281,48298545421376
101611,"void miso::kernels::add_rmsnorm_kernel<2048u, 512>(miso::kernels::AddRmsNormParams, unsigned int) [clone .kd]",1,1,101914,1553930,1553930,512,512,512,0,28,0,32,64,0x0,0x73c6a508d680,0.0449311991,98.7695312500,8,0.0000000000,0.5049132344,16,96,616,24,48298526575523,48298526621281,48298526750400,48298545306045
101612,"void miso::kernels::moe_router_kernel<256>(miso::kernels::MoeRouterParams) [clone .kd]",1,1,101915,1553930,1553930,16640,256,0,0,36,0,32,64,0x0,0x73c6a4de3580,1.6352989598,94.2115461618,260,0.0000000000,0.2970297030,0,3084,25709,0,48298526723576,48298526750400,48298526899360,48298545193362
101613,"void miso::kernels::moe_gate_up_kernel<256>(miso::kernels::MoeGateUpParams) [clone .kd]",1,1,101916,1553930,1553930,30720,256,512,0,64,0,48,64,0x0,0x73c6a4de35c0,28.8471363388,83.4046077743,480,0.0000000000,2.0859498890,751,23712,1256456,10593,48298526869789,48298526899360,48298527073920,48298545073943
101614,"void miso::kernels::moe_down_kernel<(miso::kernels::QType)0, 256>(miso::kernels::MoeDownParams) [clone .kd]",1,1,101917,1553930,1553930,30720,256,9728,0,84,0,32,64,0x0,0x73c6a4de3600,19.4661084392,96.6131900377,480,3.9860212449,1.4619120424,1013,14688,667240,9600,48298527012443,48298527073920,48298527214560,48298544958258
101615,"void miso::kernels::add_rmsnorm_kernel<2048u, 512>(miso::kernels::AddRmsNormParams, unsigned int) [clone .kd]",1,1,101918,1553930,1553930,512,512,512,0,28,0,32,64,0x0,0x73c6a508d680,0.0446024113,98.7695312500,8,0.0000000000,0.9970516754,19,96,616,24,48298527166773,48298527214560,48298527341119,48298544845565
101616,"void miso::kernels::q6k_gemv_kernel<2048u, 256, 2>(miso::kernels::Q6kGemvParams) [clone .kd]",1,1,101919,1553930,1553930,122880,256,0,0,60,0,32,64,0x0,0x73c6a5073000,39.7339807643,97.7382186185,1920,0.0000000000,11.7426498664,0,48128,1430784,0,48298527312622,48298527341119,48298527504479,48298544736681
101617,"void miso::kernels::q4k_gemv_kernel<(miso::kernels::ActFormat)1, 2048u, 256, 4>(miso::kernels::Q4kGemvParams) [clone .kd]",1,1,101920,1553930,1553930,61440,256,0,0,72,0,48,64,0x0,0x73c6a5072f40,17.4669356412,96.7229105039,960,0.0000000000,5.4643261608,0,16000,496080,0,48298527451225,48298527504479,48298527644479,48298544624793
101618,"void miso::kernels::deltanet_step_kernel<256>(miso::kernels::DeltaNetStepParams) [clone .kd]",1,1,101921,1553930,1553930,8192,256,3072,0,184,0,64,64,0x0,0x73c6a5051400,3.2910118678,99.7167266187,128,0.0000000000,1.7873739091,1677,9536,84096,7616,48298527603748,48298527644479,48298527783359,48298544510179
101619,"void miso::kernels::q4k_gemv_kernel<(miso::kernels::ActFormat)1, 4096u, 256, 4>(miso::kernels::Q4kGemvParams) [clone .kd]",1,1,101922,1553930,1553930,61440,256,0,0,112,0,48,64,0x0,0x73c6a5072fc0,14.2403538490,97.3208739211,960,0.0000000000,1.7854814373,0,16384,451392,0,48298527744546,48298527783359,48298527929438,48298544394048
101620,"void miso::kernels::add_rmsnorm_kernel<2048u, 512>(miso::kernels::AddRmsNormParams, unsigned int) [clone .kd]",1,1,101923,1553930,1553930,512,512,512,0,28,0,32,64,0x0,0x73c6a508d680,0.0418071124,98.7695312500,8,0.0000000000,1.0640345941,17,96,616,24,48298527884087,48298527929438,48298528054238,48298544277588
101621,"void miso::kernels::moe_router_kernel<256>(miso::kernels::MoeRouterParams) [clone .kd]",1,1,101924,1553930,1553930,16640,256,0,0,36,0,32,64,0x0,0x73c6a4de3580,1.7757597920,94.2115461618,260,0.0000000000,2.3369444708,0,3084,25709,0,48298528025193,48298528054238,48298528198558,48298544151058
101622,"void miso::kernels::moe_gate_up_kernel<256>(miso::kernels::MoeGateUpParams) [clone .kd]",1,1,101925,1553930,1553930,30720,256,512,0,64,0,48,64,0x0,0x73c6a4de35c0,25.6102033555,83.4038418086,480,0.0000000000,1.8826185375,688,23712,1256456,10593,48298528171391,48298528198558,48298528802716,48298544008006
101623,"void miso::kernels::moe_down_kernel<(miso::kernels::QType)1, 256>(miso::kernels::MoeDownParams) [clone .kd]",1,1,101926,1553930,1553930,30720,256,9728,0,108,0,32,64,0x0,0x73c6a4de3640,25.3141897914,98.3620761324,480,1.1408877533,2.2919835779,2315,26976,1014536,9600,48298528737729,48298528802716,48298536037104,48298543873884
101624,"void miso::kernels::add_rmsnorm_kernel<2048u, 512>(miso::kernels::AddRmsNormParams, unsigned int) [clone .kd]",1,1,101927,1553930,1553930,512,512,512,0,28,0,32,64,0x0,0x73c6a508d680,0.0386739664,98.7695312500,8,0.0000000000,1.5014142353,18,96,616,24,48298535999906,48298536037104,48298536205263,48298543749959
101625,"void miso::kernels::q4k_gemv_kernel<(miso::kernels::ActFormat)1, 2048u, 256, 4>(miso::kernels::Q4kGemvParams) [clone .kd]",1,1,101928,1553930,1553930,61440,256,0,0,72,0,48,64,0x0,0x73c6a5072f40,29.9435457312,95.9869067426,960,0.0000000000,10.1414089236,0,32384,1202640,0,48298536182337,48298536205263,48298536391183,48298543627333
101626,"void miso::kernels::deltanet_step_kernel<256>(miso::kernels::DeltaNetStepParams) [clone .kd]",1,1,101929,1553930,1553930,8192,256,3072,0,184,0,64,64,0x0,0x73c6a5051400,3.2189897235,99.7167266187,128,0.0000000000,3.7701373121,1821,9536,84096,7616,48298536340445,48298536391183,48298536498543,48298543399743
101627,"void miso::kernels::q4k_gemv_kernel<(miso::kernels::ActFormat)1, 4096u, 256, 4>(miso::kernels::Q4kGemvParams) [clone .kd]",1,1,101930,1553930,1553930,61440,256,0,0,112,0,48,64,0x0,0x73c6a5072fc0,13.9027318388,97.3213026928,960,0.0000000000,1.6253435800,0,16384,451392,0,48298536464014,48298536498543,48298536628783,48298543273483
101628,"void miso::kernels::add_rmsnorm_kernel<2048u, 512>(miso::kernels::AddRmsNormParams, unsigned int) [clone .kd]",1,1,101931,1553930,1553930,512,512,512,0,28,0,32,64,0x0,0x73c6a508d680,0.0420775805,98.7695312500,8,0.0000000000,0.4336724355,17,96,616,24,48298536588776,48298536628783,48298536734222,48298543056183
101629,"void miso::kernels::moe_router_kernel<256>(miso::kernels::MoeRouterParams) [clone .kd]",1,1,101932,1553930,1553930,16640,256,0,0,36,0,32,64,0x0,0x73c6a4de3580,1.7019743759,94.2115461618,260,0.0000000000,0.4724203231,0,3084,25709,0,48298536711816,48298536734222,48298536860462,48298542919501
101630,"void miso::kernels::moe_gate_up_kernel<256>(miso::kernels::MoeGateUpParams) [clone .kd]",1,1,101933,1553930,1553930,30720,256,512,0,64,0,48,64,0x0,0x73c6a4de35c0,29.0700399467,83.4121182140,480,0.0000000000,1.3288490473,736,23712,1256456,10593,48298536837533,48298536860462,48298537025102,48298542811383
101631,"void miso::kernels::moe_down_kernel<(miso::kernels::QType)0, 256>(miso::kernels::MoeDownParams) [clone .kd]",1,1,101934,1553930,1553930,30720,256,9728,0,84,0,32,64,0x0,0x73c6a4de3600,20.0468283239,96.6141918024,480,4.1049762147,0.5954209509,1090,14688,667240,9600,48298536966953,48298537025102,48298537136942,48298542702056
101632,"void miso::kernels::add_rmsnorm_kernel<2048u, 512>(miso::kernels::AddRmsNormParams, unsigned int) [clone .kd]",1,1,101935,1553930,1553930,512,512,512,0,28,0,32,64,0x0,0x73c6a508d680,0.0434239809,98.7695312500,8,0.0000000000,0.4969496182,16,96,616,24,48298537095979,48298537136942,48298537254701,48298542590173
101633,"void miso::kernels::q4k_gemv_kernel<(miso::kernels::ActFormat)1, 2048u, 256, 4>(miso::kernels::Q4kGemvParams) [clone .kd]",1,1,101936,1553930,1553930,61440,256,0,0,72,0,48,64,0x0,0x73c6a5072f40,29.6394338374,95.9880097478,960,0.0000000000,9.7201883203,0,32384,1202640,0,48298537230673,48298537254701,48298537417741,48298542480324
101634,"void miso::kernels::deltanet_step_kernel<256>(miso::kernels::DeltaNetStepParams) [clone .kd]",1,1,101937,1553930,1553930,8192,256,3072,0,184,0,64,64,0x0,0x73c6a5051400,3.3050973399,99.7167266187,128,0.0000000000,2.7089644340,1915,9536,84096,7616,48298537359104,48298537417741,48298537527981,48298542367254
101635,"void miso::kernels::q4k_gemv_kernel<(miso::kernels::ActFormat)1, 4096u, 256, 4>(miso::kernels::Q4kGemvParams) [clone .kd]",1,1,101938,1553930,1553930,61440,256,0,0,112,0,48,64,0x0,0x73c6a5072fc0,14.0324634778,97.3210883065,960,0.0000000000,1.2253375794,0,16384,451392,0,48298537494584,48298537527981,48298537667341,48298542253500
101636,"void miso::kernels::add_rmsnorm_kernel<2048u, 512>(miso::kernels::AddRmsNormParams, unsigned int) [clone .kd]",1,1,101939,1553930,1553930,512,512,512,0,28,0,32,64,0x0,0x73c6a508d680,0.0438957476,98.7695312500,8,0.0000000000,0.4012151687,30,96,616,24,48298537626693,48298537667341,48298537793741,48298542252800
101637,"void miso::kernels::moe_router_kernel<256>(miso::kernels::MoeRouterParams) [clone .kd]",1,1,101940,1553930,1553930,16640,256,0,0,36,0,32,64,0x0,0x73c6a4de3580,1.7445712917,94.2115461618,260,0.0000000000,0.4520341537,0,3084,25709,0,48298537764649,48298537793741,48298537926060,48298562649126
101638,"void miso::kernels::moe_gate_up_kernel<256>(miso::kernels::MoeGateUpParams) [clone .kd]",1,1,101941,1553930,1553930,30720,256,512,0,64,0,48,64,0x0,0x73c6a4de35c0,29.2071688807,83.4166333314,480,0.0000000000,1.7137540392,1166,23712,1256456,10593,48298537902114,48298537926060,48298538087820,48298562534231
101639,"void miso::kernels::moe_down_kernel<(miso::kernels::QType)0, 256>(miso::kernels::MoeDownParams) [clone .kd]",1,1,101942,1553930,1553930,30720,256,9728,0,84,0,32,64,0x0,0x73c6a4de3600,20.0419190120,96.6154798161,480,4.1040256502,1.0046374744,978,14688,667240,9600,48298538029261,48298538087820,48298538205100,48298562426729
101640,"void miso::kernels::add_rmsnorm_kernel<2048u, 512>(miso::kernels::AddRmsNormParams, unsigned int) [clone .kd]",1,1,101943,1553930,1553930,512,512,512,0,28,0,32,64,0x0,0x73c6a508d680,0.0406194466,98.7695312500,8,0.0000000000,1.0425627791,16,96,616,24,48298538163504,48298538205100,48298538312140,48298562277708
101641,"void miso::kernels::q4k_gemv_kernel<(miso::kernels::ActFormat)1, 2048u, 256, 4>(miso::kernels::Q4kGemvParams) [clone .kd]",1,1,101944,1553930,1553930,61440,256,0,0,72,0,48,64,0x0,0x73c6a5072f40,24.6940709248,96.1614732611,960,0.0000000000,8.8489356456,0,25088,888000,0,48298538287386,48298538312140,48298538461579,48298562126131
101642,"void miso::kernels::q6k_gemv_kernel<2048u, 256, 1>(miso::kernels::Q6kGemvParams) [clone .kd]",1,1,101945,1553930,1553930,61440,256,0,0,60,0,32,64,0x0,0x73c6a5073040,8.8340854604,97.9845951231,960,0.0000000000,0.4073008452,0,6144,149312,0,48298538417786,48298538461579,48298538564619,48298562012828
101643,"void miso::kernels::attn_prep_kernel<256>(miso::kernels::AttnPrepParams) [clone .kd]",1,1,101946,1553930,1553930,4608,256,1536,0,28,0,64,64,0x0,0x73c6a5032400,0.3754015084,97.9857708255,72,0.0000000000,0.7372054374,93,170,4946,288,48298538540287,48298538564619,48298538734059,48298561891115
101644,"void miso::kernels::attn_split_kernel<256>(miso::kernels::AttnSplitParams) [clone .kd]",1,1,101947,1553930,1553930,4608,256,26112,0,96,0,48,64,0x0,0x73c6a5032440,2.9258656396,96.5673727375,72,0.5052843944,0.1629254164,4795,1136,74994,22784,48298538712816,48298538734059,48298538881099,48298561778338
101645,"void miso::kernels::attn_combine_kernel<256>(miso::kernels::AttnCombineParams) [clone .kd]",1,1,101948,1553930,1553930,4096,256,0,0,16,0,32,64,0x0,0x73c6a5032480,0.6755543114,99.4561464088,64,0.0000000000,0.1279036717,0,2368,9152,0,48298538842645,48298538881099,48298539048298,48298561662802
101646,"void miso::kernels::q4k_gemv_kernel<(miso::kernels::ActFormat)1, 4096u, 256, 4>(miso::kernels::Q4kGemvParams) [clone .kd]",1,1,101949,1553930,1553930,61440,256,0,0,112,0,48,64,0x0,0x73c6a5072fc0,13.2904714225,97.3213026928,960,0.0000000000,1.8945130741,0,16384,451392,0,48298539024192,48298539048298,48298539243178,48298561548155
101647,"void miso::kernels::add_rmsnorm_kernel<2048u, 512>(miso::kernels::AddRmsNormParams, unsigned int) [clone .kd]",1,1,101950,1553930,1553930,512,512,512,0,28,0,32,64,0x0,0x73c6a508d680,0.0425934060,98.7695312500,8,0.0000000000,0.4709719240,27,96,616,24,48298539200816,48298539243178,48298539385418,48298561409103
101648,"void miso::kernels::moe_router_kernel<256>(miso::kernels::MoeRouterParams) [clone .kd]",1,1,101951,1553930,1553930,16640,256,0,0,36,0,32,64,0x0,0x73c6a4de3580,1.6745852332,94.2115461618,260,0.0000000000,0.3241443757,0,3084,25709,0,48298539360668,48298539385418,48298539539978,48298561213294
101649,"void miso::kernels::moe_gate_up_kernel<256>(miso::kernels::MoeGateUpParams) [clone .kd]",1,1,101952,1553930,1553930,30720,256,512,0,64,0,48,64,0x0,0x73c6a4de35c0,29.5860438012,83.4065856044,480,0.0000000000,1.6450121806,882,23712,1256456,10593,48298539510615,48298539539978,48298539731977,48298561043665
101650,"void miso::kernels::moe_down_kernel<(miso::kernels::QType)1, 256>(miso::kernels::MoeDownParams) [clone .kd]",1,1,101953,1553930,1553930,30720,256,9728,0,108,0,32,64,0x0,0x73c6a4de3640,29.9538021666,98.3556308723,480,1.3499024485,0.8512530049,2247,26976,1014536,9600,48298539670472,48298539731977,48298539860297,48298560896553
101651,"void miso::kernels::add_rmsnorm_kernel<2048u, 512>(miso::kernels::AddRmsNormParams, unsigned int) [clone .kd]",1,1,101954,1553930,1553930,512,512,512,0,28,0,32,64,0x0,0x73c6a508d680,0.0431569294,98.7695312500,8,0.0000000000,0.5210981190,16,96,616,24,48298539810491,48298539860297,48298539979497,48298560769488
101652,"void miso::kernels::q4k_gemv_kernel<(miso::kernels::ActFormat)1, 2048u, 256, 4>(miso::kernels::Q4kGemvParams) [clone .kd]",1,1,101955,1553930,1553930,61440,256,0,0,72,0,48,64,0x0,0x73c6a5072f40,29.4726032368,95.9891127784,960,0.0000000000,11.2141722275,0,32384,1202640,0,48298539953407,48298539979497,48298540170057,48298560640819
101653,"void miso::kernels::deltanet_step_kernel<256>(miso::kernels::DeltaNetStepParams) [clone .kd]",1,1,101956,1553930,1553930,8192,256,3072,0,184,0,64,64,0x0,0x73c6a5051400,3.4065496431,99.7167266187,128,0.0000000000,1.8898714358,1717,9536,84096,7616,48298540115472,48298540170057,48298540299976,48298560497350
101654,"void miso::kernels::q4k_gemv_kernel<(miso::kernels::ActFormat)1, 4096u, 256, 4>(miso::kernels::Q4kGemvParams) [clone .kd]",1,1,101957,1553930,1553930,61440,256,0,0,112,0,48,64,0x0,0x73c6a5072fc0,13.7216922389,97.3213026928,960,0.0000000000,2.0542685268,0,16384,451392,0,48298540263667,48298540299976,48298540459336,48298560389147
101655,"void miso::kernels::add_rmsnorm_kernel<2048u, 512>(miso::kernels::AddRmsNormParams, unsigned int) [clone .kd]",1,1,101958,1553930,1553930,512,512,512,0,28,0,32,64,0x0,0x73c6a508d680,0.0451728568,98.7695312500,8,0.0000000000,0.4395560683,18,96,616,24,48298540411337,48298540459336,48298540583016,48298560282337
101656,"void miso::kernels::moe_router_kernel<256>(miso::kernels::MoeRouterParams) [clone .kd]",1,1,101959,1553930,1553930,16640,256,0,0,36,0,32,64,0x0,0x73c6a4de3580,1.5553380783,94.2115461618,260,0.0000000000,0.4626841704,0,3084,25709,0,48298540555030,48298540583016,48298540746536,48298560171189
101657,"void miso::kernels::moe_gate_up_kernel<256>(miso::kernels::MoeGateUpParams) [clone .kd]",1,1,101960,1553930,1553930,30720,256,512,0,64,0,48,64,0x0,0x73c6a4de35c0,29.6053731802,83.4002152639,480,0.0000000000,1.7300654671,723,23712,1256456,10593,48298540715100,48298540746536,48298540914375,48298560055297
101658,"void miso::kernels::moe_down_kernel<(miso::kernels::QType)0, 256>(miso::kernels::MoeDownParams) [clone .kd]",1,1,101961,1553930,1553930,30720,256,9728,0,84,0,32,64,0x0,0x73c6a4de3600,19.7435177549,96.6146211365,480,4.0428854691,0.7517133686,985,14688,667240,9600,48298540850887,48298540914375,48298541040615,48298559940583
101659,"void miso::kernels::add_rmsnorm_kernel<2048u, 512>(miso::kernels::AddRmsNormParams, unsigned int) [clone .kd]",1,1,101962,1553930,1553930,512,512,512,0,28,0,32,64,0x0,0x73c6a508d680,0.0427008273,98.7695312500,8,0.0000000000,0.5290390707,16,96,616,24,48298540993402,48298541040615,48298541327495,48298559816459
101660,"void miso::kernels::q4k_gemv_kernel<(miso::kernels::ActFormat)1, 2048u, 256, 4>(miso::kernels::Q4kGemvParams) [clone .kd]",1,1,101963,1553930,1553930,61440,256,0,0,72,0,48,64,0x0,0x73c6a5072f40,27.6914561853,95.9922644342,960,0.0000000000,10.3507053029,0,32384,1202640,0,48298541304575,48298541327495,48298541584934,48298559689490
101661,"void miso::kernels::deltanet_step_kernel<256>(miso::kernels::DeltaNetStepParams) [clone .kd]",1,1,101964,1553930,1553930,8192,256,3072,0,184,0,64,64,0x0,0x73c6a5051400,3.3940725819,99.7167266187,128,0.0000000000,2.0106356886,1506,9536,84096,7616,48298541530097,48298541584934,48298541766374,48298559529546
101662,"void miso::kernels::q4k_gemv_kernel<(miso::kernels::ActFormat)1, 4096u, 256, 4>(miso::kernels::Q4kGemvParams) [clone .kd]",1,1,101965,1553930,1553930,61440,256,0,0,112,0,48,64,0x0,0x73c6a5072fc0,13.5891587039,97.3208739211,960,0.0000000000,1.0623229462,0,16384,451392,0,48298541731581,48298541766374,48298541903174,48298559376777
101663,"void miso::kernels::add_rmsnorm_kernel<2048u, 512>(miso::kernels::AddRmsNormParams, unsigned int) [clone .kd]",1,1,101966,1553930,1553930,512,512,512,0,28,0,32,64,0x0,0x73c6a508d680,0.0455743075,98.7695312500,8,0.0000000000,0.3608204789,19,96,616,24,48298541862793,48298541903174,48298542008453,48298559265358
101664,"void miso::kernels::moe_router_kernel<256>(miso::kernels::MoeRouterParams) [clone .kd]",1,1,101967,1553930,1553930,16640,256,0,0,36,0,32,64,0x0,0x73c6a4de3580,1.3060693901,94.2115461618,260,0.0000000000,0.4182658270,0,3084,25709,0,48298541986054,48298542008453,48298542171013,48298559155765
101665,"void miso::kernels::moe_gate_up_kernel<256>(miso::kernels::MoeGateUpParams) [clone .kd]",1,1,101968,1553930,1553930,30720,256,512,0,64,0,48,64,0x0,0x73c6a4de35c0,25.8624413201,83.3964268186,480,0.0000000000,1.2079904517,859,23712,1256456,10593,48298542137758,48298542171013,48298543585891,48298559040852
101666,"void miso::kernels::moe_down_kernel<(miso::kernels::QType)0, 256>(miso::kernels::MoeDownParams) [clone .kd]",1,1,101969,1553930,1553930,30720,256,9728,0,84,0,32,64,0x0,0x73c6a4de3600,17.5654655967,96.6167678641,480,3.5969650607,0.5891380118,901,14688,667240,9600,48298543525057,48298543585891,48298547695644,48298558926883
101667,"void miso::kernels::add_rmsnorm_kernel<2048u, 512>(miso::kernels::AddRmsNormParams, unsigned int) [clone .kd]",1,1,101970,1553930,1553930,512,512,512,0,28,0,32,64,0x0,0x73c6a508d680,0.0378613093,98.7695312500,8,0.0000000000,0.4764261849,19,96,616,24,48298547666351,48298547695644,48298547837244,48298558813214
101668,"void miso::kernels::q6k_gemv_kernel<2048u, 256, 2>(miso::kernels::Q6kGemvParams) [clone .kd]",1,1,101971,1553930,1553930,122880,256,0,0,60,0,32,64,0x0,0x73c6a5073000,35.7060197211,97.7443806972,1920,0.0000000000,11.2815192386,0,48128,1430784,0,48298547814033,48298547837244,48298548002523,48298558699773
101669,"void miso::kernels::q4k_gemv_kernel<(miso::kernels::ActFormat)1, 2048u, 256, 4>(miso::kernels::Q4kGemvParams) [clone .kd]",1,1,101972,1553930,1553930,61440,256,0,0,72,0,48,64,0x0,0x73c6a5072f40,16.2495786335,96.7223317083,960,0.0000000000,4.8986857063,0,16000,496080,0,48298547955494,48298548002523,48298548134683,48298558583622
101670,"void miso::kernels::deltanet_step_kernel<256>(miso::kernels::DeltaNetStepParams) [clone .kd]",1,1,101973,1553930,1553930,8192,256,3072,0,184,0,64,64,0x0,0x73c6a5051400,3.2340858691,99.7167266187,128,0.0000000000,1.3456582633,1944,9536,84096,7616,48298548099426,48298548134683,48298548265083,48298558474377
101671,"void miso::kernels::q4k_gemv_kernel<(miso::kernels::ActFormat)1, 4096u, 256, 4>(miso::kernels::Q4kGemvParams) [clone .kd]",1,1,101974,1553930,1553930,61440,256,0,0,112,0,48,64,0x0,0x73c6a5072fc0,13.3781282786,97.3213026928,960,0.0000000000,0.8480897141,0,16384,451392,0,48298548232924,48298548265083,48298548448282,48298558365002
101672,"void miso::kernels::add_rmsnorm_kernel<2048u, 512>(miso::kernels::AddRmsNormParams, unsigned int) [clone .kd]",1,1,101975,1553930,1553930,512,512,512,0,28,0,32,64,0x0,0x73c6a508d680,0.0412844629,98.7695312500,8,0.0000000000,0.3781184497,13,96,616,24,48298548408185,48298548448282,48298548580122,48298558256860
101673,"void miso::kernels::moe_router_kernel<256>(miso::kernels::MoeRouterParams) [clone .kd]",1,1,101976,1553930,1553930,16640,256,0,0,36,0,32,64,0x0,0x73c6a4de3580,1.6022656450,94.2115461618,260,0.0000000000,0.4391089669,0,3084,25709,0,48298548558300,48298548580122,48298548730362,48298558148361
101674,"void miso::kernels::moe_gate_up_kernel<256>(miso::kernels::MoeGateUpParams) [clone .kd]",1,1,101977,1553930,1553930,30720,256,512,0,64,0,48,64,0x0,0x73c6a4de35c0,27.7080107622,83.4133563879,480,0.0000000000,1.9068726164,835,23712,1256456,10593,48298548707371,48298548730362,48298548904922,48298558036265
101675,"void miso::kernels::moe_down_kernel<(miso::kernels::QType)1, 256>(miso::kernels::MoeDownParams) [clone .kd]",1,1,101978,1553930,1553930,30720,256,9728,0,108,0,32,64,0x0,0x73c6a4de3640,27.5616784740,98.3633268031,480,1.2421958399,1.8249072283,2478,26976,1014536,9600,48298548850436,48298548904922,48298549028761,48298557917394
101676,"void miso::kernels::add_rmsnorm_kernel<2048u, 512>(miso::kernels::AddRmsNormParams, unsigned int) [clone .kd]",1,1,101979,1553930,1553930,512,512,512,0,28,0,32,64,0x0,0x73c6a508d680,0.0413837698,98.7695312500,8,0.0000000000,1.6915482784,17,96,616,24,48298548987011,48298549028761,48298549207161,48298557806648
101677,"void miso::kernels::q4k_gemv_kernel<(miso::kernels::ActFormat)1, 2048u, 256, 4>(miso::kernels::Q4kGemvParams) [clone .kd]",1,1,101980,1553930,1553930,61440,256,0,0,72,0,48,64,0x0,0x73c6a5072f40,24.0454536191,96.1361895449,960,0.0000000000,8.9695801521,0,26112,932160,0,48298549185063,48298549207161,48298549427161,48298557692838
101678,"void miso::kernels::attn_prep_kernel<256>(miso::kernels::AttnPrepParams) [clone .kd]",1,1,101981,1553930,1553930,4608,256,1536,0,28,0,64,64,0x0,0x73c6a5032400,0.3596605390,97.9857708255,72,0.0000000000,2.3175400321,87,170,4946,288,48298549379106,48298549427161,48298549589881,48298557583164
101679,"void miso::kernels::attn_split_kernel<256>(miso::kernels::AttnSplitParams) [clone .kd]",1,1,101982,1553930,1553930,4608,256,26112,0,96,0,48,64,0x0,0x73c6a5032440,2.8213404075,96.5673727375,72,0.4872333370,0.4862942998,5598,1136,74994,22784,48298549563853,48298549589881,48298549801080,48298557472836
101680,"void miso::kernels::attn_combine_kernel<256>(miso::kernels::AttnCombineParams) [clone .kd]",1,1,101983,1553930,1553930,4096,256,0,0,16,0,32,64,0x0,0x73c6a5032480,0.5007564951,99.4561464088,64,0.0000000000,0.1758241758,0,2368,9152,0,48298549764822,48298549801080,48298549993240,48298557359801
101681,"void miso::kernels::q4k_gemv_kernel<(miso::kernels::ActFormat)1, 4096u, 256, 4>(miso::kernels::Q4kGemvParams) [clone .kd]",1,1,101984,1553930,1553930,61440,256,0,0,112,0,48,64,0x0,0x73c6a5072fc0,13.4287345509,97.3210883065,960,0.0000000000,1.3415701269,0,16384,451392,0,48298549963968,48298549993240,48298550178200,48298557250693
101682,"void miso::kernels::add_rmsnorm_kernel<2048u, 512>(miso::kernels::AddRmsNormParams, unsigned int) [clone .kd]",1,1,101985,1553930,1553930,512,512,512,0,28,0,32,64,0x0,0x73c6a508d680,0.0427127965,98.7695312500,8,0.0000000000,0.4202180377,19,96,616,24,48298550136212,48298550178200,48298550315479,48298557136941
101683,"void miso::kernels::moe_router_kernel<256>(miso::kernels::MoeRouterParams) [clone .kd]",1,1,101986,1553930,1553930,16640,256,0,0,36,0,32,64,0x0,0x73c6a4de3580,1.6016784549,94.2115461618,260,0.0000000000,0.3009197926,0,3084,25709,0,48298550289498,48298550315479,48298550486359,48298557015340
101684,"void miso::kernels::moe_gate_up_kernel<256>(miso::kernels::MoeGateUpParams) [clone .kd]",1,1,101987,1553930,1553930,30720,256,512,0,64,0,48,64,0x0,0x73c6a4de35c0,28.9528185949,83.4187663897,480,0.0000000000,1.9008754157,948,23712,1256456,10593,48298550458032,48298550486359,48298550682199,48298556899306
101685,"void miso::kernels::moe_down_kernel<(miso::kernels::QType)0, 256>(miso::kernels::MoeDownParams) [clone .kd]",1,1,101988,1553930,1553930,30720,256,9728,0,84,0,32,64,0x0,0x73c6a4de3600,18.9536307077,96.6146211365,480,3.8811400849,1.2891783602,937,14688,667240,9600,48298550620247,48298550682199,48298550867958,48298556742106
101686,"void miso::kernels::add_rmsnorm_kernel<2048u, 512>(miso::kernels::AddRmsNormParams, unsigned int) [clone .kd]",1,1,101989,1553930,1553930,512,512,512,0,28,0,32,64,0x0,0x73c6a508d680,0.0421957620,98.7695312500,8,0.0000000000,0.5168151400,21,96,616,24,48298550851050,48298550867958,48298551075158,48298556570061
101687,"void miso::kernels::q4k_gemv_kernel<(miso::kernels::ActFormat)1, 2048u, 256, 4>(miso::kernels::Q4kGemvParams) [clone .kd]",1,1,101990,1553930,1553930,61440,256,0,0,72,0,48,64,0x0,0x73c6a5072f40,27.4221633983,95.9923432283,960,0.0000000000,11.4413220835,0,32384,1202640,0,48298551052689,48298551075158,48298551273558,48298556412895
101688,"void miso::kernels::deltanet_step_kernel<256>(miso::kernels::DeltaNetStepParams) [clone .kd]",1,1,101991,1553930,1553930,8192,256,3072,0,184,0,64,64,0x0,0x73c6a5051400,3.3205676618,99.7167266187,128,0.0000000000,1.6944524929,1449,9536,84096,7616,48298551214871,48298551273558,48298551393397,48298556412075
101689,"void miso::kernels::q4k_gemv_kernel<(miso::kernels::ActFormat)1, 4096u, 256, 4>(miso::kernels::Q4kGemvParams) [clone .kd]",1,1,101992,1553930,1553930,61440,256,0,0,112,0,48,64,0x0,0x73c6a5072fc0,13.6494978652,97.3206595367,960,0.0000000000,1.9148463120,0,16384,451392,0,48298551360165,48298551393397,48298551556277,48298575498459
101690,"void miso::kernels::add_rmsnorm_kernel<2048u, 512>(miso::kernels::AddRmsNormParams, unsigned int) [clone .kd]",1,1,101993,1553930,1553930,512,512,512,0,28,0,32,64,0x0,0x73c6a508d680,0.0430889383,98.7695312500,8,0.0000000000,0.4741822670,20,96,616,24,48298551511600,48298551556277,48298551681397,48298575390341
101691,"void miso::kernels::moe_router_kernel<256>(miso::kernels::MoeRouterParams) [clone .kd]",1,1,101994,1553930,1553930,16640,256,0,0,36,0,32,64,0x0,0x73c6a4de3580,1.6075106665,94.2115461618,260,0.0000000000,0.4783404272,0,3084,25709,0,48298551655483,48298551681397,48298551843477,48298575277408
101692,"void miso::kernels::moe_gate_up_kernel<256>(miso::kernels::MoeGateUpParams) [clone .kd]",1,1,101995,1553930,1553930,30720,256,512,0,64,0,48,64,0x0,0x73c6a4de35c0,28.9427741987,83.4060987870,480,0.0000000000,2.0414268260,729,23712,1256456,10593,48298551815673,48298551843477,48298552028756,48298575168127
101693,"void miso::kernels::moe_down_kernel<(miso::kernels::QType)0, 256>(miso::kernels::MoeDownParams) [clone .kd]",1,1,101996,1553930,1553930,30720,256,9728,0,84,0,32,64,0x0,0x73c6a4de3600,19.8013680147,96.6154798161,480,4.0547675196,1.4093524012,960,14688,667240,9600,48298551966611,48298552028756,48298552164916,48298575051892
101694,"void miso::kernels::add_rmsnorm_kernel<2048u, 512>(miso::kernels::AddRmsNormParams, unsigned int) [clone .kd]",1,1,101997,1553930,1553930,512,512,512,0,28,0,32,64,0x0,0x73c6a508d680,0.0435640869,98.7695312500,8,0.0000000000,0.4327174657,16,96,616,24,48298552119736,48298552164916,48298552291956,48298574927267
101695,"void miso::kernels::q6k_gemv_kernel<2048u, 256, 2>(miso::kernels::Q6kGemvParams) [clone .kd]",1,1,101998,1553930,1553930,122880,256,0,0,60,0,32,64,0x0,0x73c6a5073000,39.2657884857,97.7476990613,1920,0.0000000000,10.9913427262,0,48128,1430784,0,48298552266743,48298552291956,48298552468276,48298574808315
101696,"void miso::kernels::q4k_gemv_kernel<(miso::kernels::ActFormat)1, 2048u, 256, 4>(miso::kernels::Q4kGemvParams) [clone .kd]",1,1,101999,1553930,1553930,61440,256,0,0,72,0,48,64,0x0,0x73c6a5072f40,17.5144635895,96.7232963714,960,0.0000000000,4.9609041656,0,16000,496080,0,48298552414777,48298552468276,48298552602035,48298574685869
101697,"void miso::kernels::deltanet_step_kernel<256>(miso::kernels::DeltaNetStepParams) [clone .kd]",1,1,102000,1553930,1553930,8192,256,3072,0,184,0,64,64,0x0,0x73c6a5051400,3.2268361336,99.7167266187,128,0.0000000000,1.8866711852,1867,9536,84096,7616,48298552561371,48298552602035,48298552735635,48298574569119
101698,"void miso::kernels::q4k_gemv_kernel<(miso::kernels::ActFormat)1, 4096u, 256, 4>(miso::kernels::Q4kGemvParams) [clone .kd]",1,1,102001,1553930,1553930,61440,256,0,0,112,0,48,64,0x0,0x73c6a5072fc0,14.5059467889,97.3213026928,960,0.0000000000,1.3144372465,0,16384,451392,0,48298552696933,48298552735635,48298552882835,48298574456276
101699,"void miso::kernels::add_rmsnorm_kernel<2048u, 512>(miso::kernels::AddRmsNormParams, unsigned int) [clone .kd]",1,1,102002,1553930,1553930,512,512,512,0,28,0,32,64,0x0,0x73c6a508d680,0.0430315744,98.7695312500,8,0.0000000000,0.5013242527,16,96,616,24,48298552836040,48298552882835,48298553007795,48298574320518
101700,"void miso::kernels::moe_router_kernel<256>(miso::kernels::MoeRouterParams) [clone .kd]",1,1,102003,1553930,1553930,16640,256,0,0,36,0,32,64,0x0,0x73c6a4de3580,1.6169071402,94.2115461618,260,0.0000000000,0.4036930438,0,3084,25709,0,48298552979311,48298553007795,48298553173714,48298574204693
101701,"void miso::kernels::moe_gate_up_kernel<256>(miso::kernels::MoeGateUpParams) [clone .kd]",1,1,102004,1553930,1553930,30720,256,512,0,64,0,48,64,0x0,0x73c6a4de35c0,29.3713340150,83.4094438057,480,0.0000000000,1.3940212712,731,23712,1256456,10593,48298553143361,48298553173714,48298553347474,48298574092312
101702,"void miso::kernels::moe_down_kernel<(miso::kernels::QType)1, 256>(miso::kernels::MoeDownParams) [clone .kd]",1,1,102005,1553930,1553930,30720,256,9728,0,108,0,32,64,0x0,0x73c6a4de3640,29.4339747576,98.3654433952,480,1.3266081669,1.2681486342,2360,26976,1014536,9600,48298553284400,48298553347474,48298553476274,48298573973349
101703,"void miso::kernels::add_rmsnorm_kernel<2048u, 512>(miso::kernels::AddRmsNormParams, unsigned int) [clone .kd]",1,1,102006,1553930,1553930,512,512,512,0,28,0,32,64,0x0,0x73c6a508d680,0.0412333939,98.7695312500,8,0.0000000000,0.4821676288,15,96,616,24,48298553425846,48298553476274,48298553601074,48298573862613
101704,"void miso::kernels::q4k_gemv_kernel<(miso::kernels::ActFormat)1, 2048u, 256, 4>(miso::kernels::Q4kGemvParams) [clone .kd]",1,1,102007,1553930,1553930,61440,256,0,0,72,0,48,64,0x0,0x73c6a5072f40,29.5248550767,95.9906097891,960,0.0000000000,9.6037987017,0,32384,1202640,0,48298553570420,48298553601074,48298553767313,48298573753088
101705,"void miso::kernels::deltanet_step_kernel<256>(miso::kernels::DeltaNetStepParams) [clone .kd]",1,1,102008,1553930,1553930,8192,256,3072,0,184,0,64,64,0x0,0x73c6a5051400,3.3069402624,99.7167266187,128,0.0000000000,2.7834591062,1815,9536,84096,7616,48298553708022,48298553767313,48298553897873,48298573639998
101706,"void miso::kernels::q4k_gemv_kernel<(miso::kernels::ActFormat)1, 4096u, 256, 4>(miso::kernels::Q4kGemvParams) [clone .kd]",1,1,102009,1553930,1553930,61440,256,0,0,112,0,48,64,0x0,0x73c6a5072fc0,13.3512152655,97.3213026928,960,0.0000000000,1.7332711204,0,16384,451392,0,48298553859403,48298553897873,48298554062033,48298573529746
101707,"void miso::kernels::add_rmsnorm_kernel<2048u, 512>(miso::kernels::AddRmsNormParams, unsigned int) [clone .kd]",1,1,102010,1553930,1553930,512,512,512,0,28,0,32,64,0x0,0x73c6a508d680,0.0418694719,98.7695312500,8,0.0000000000,0.4699209632,24,96,616,24,48298554017866,48298554062033,48298554212273,48298573392549
101708,"void miso::kernels::moe_router_kernel<256>(miso::kernels::MoeRouterParams) [clone .kd]",1,1,102011,1553930,1553930,16640,256,0,0,36,0,32,64,0x0,0x73c6a4de3580,1.7021069440,94.2115461618,260,0.0000000000,0.4266617836,0,3084,25709,0,48298554182988,48298554212273,48298554364432,48298573238645
101709,"void miso::kernels::moe_gate_up_kernel<256>(miso::kernels::MoeGateUpParams) [clone .kd]",1,1,102012,1553930,1553930,30720,256,512,0,64,0,48,64,0x0,0x73c6a4de35c0,27.0298449564,83.4131952741,480,0.0000000000,1.5188623839,675,23712,1256456,10593,48298554336388,48298554364432,48298554661872,48298573122780
101710,"void miso::kernels::moe_down_kernel<(miso::kernels::QType)0, 256>(miso::kernels::MoeDownParams) [clone .kd]",1,1,102013,1553930,1553930,30720,256,9728,0,84,0,32,64,0x0,0x73c6a4de3600,19.6985824915,96.6146211365,480,4.0336840631,0.6333375798,965,14688,667240,9600,48298554606112,48298554661872,48298554796912,48298573006230
101711,"void miso::kernels::add_rmsnorm_kernel<2048u, 512>(miso::kernels::AddRmsNormParams, unsigned int) [clone .kd]",1,1,102014,1553930,1553930,512,512,512,0,28,0,32,64,0x0,0x73c6a508d680,0.0406535051,98.7695312500,8,0.0000000000,1.0613353079,16,96,616,24,48298554756273,48298554796912,48298554928751,48298572601460
101712,"void miso::kernels::q4k_gemv_kernel<(miso::kernels::ActFormat)1, 2048u, 256, 4>(miso::kernels::Q4kGemvParams) [clone .kd]",1,1,102015,1553930,1553930,61440,256,0,0,72,0,48,64,0x0,0x73c6a5072f40,24.5809959842,96.1356802766,960,0.0000000000,7.8548519430,0,26112,932160,0,48298554899184,48298554928751,48298555100591,48298572490254
101713,"void miso::kernels::attn_prep_kernel<256>(miso::kernels::AttnPrepParams) [clone .kd]",1,1,102016,1553930,1553930,4608,256,1536,0,28,0,64,64,0x0,0x73c6a5032400,0.3637884460,97.9857708255,72,0.0000000000,0.7834319527,82,170,4946,288,48298555057772,48298555100591,48298555235151,48298572378628
101714,"void miso::kernels::attn_split_kernel<256>(miso::kernels::AttnSplitParams) [clone .kd]",1,1,102017,1553930,1553930,4608,256,26112,0,96,0,48,64,0x0,0x73c6a5032440,2.8287194036,96.5673727375,72,0.4885076579,0.1521644972,5488,1136,74994,22784,48298555213234,48298555235151,48298555378351,48298572270978
101715,"void miso::kernels::attn_combine_kernel<256>(miso::kernels::AttnCombineParams) [clone .kd]",1,1,102018,1553930,1553930,4096,256,0,0,16,0,32,64,0x0,0x73c6a5032480,0.4866327234,99.4561464088,64,0.0000000000,0.1977401130,0,2368,9152,0,48298555346546,48298555378351,48298555551470,48298572160258
101716,"void miso::kernels::q4k_gemv_kernel<(miso::kernels::ActFormat)1, 4096u, 256, 4>(miso::kernels::Q4kGemvParams) [clone .kd]",1,1,102019,1553930,1553930,61440,256,0,0,112,0,48,64,0x0,0x73c6a5072fc0,13.8013498723,97.3208739211,960,0.0000000000,0.8793992746,0,16384,451392,0,48298555520213,48298555551470,48298555731950,48298572047082
101717,"void miso::kernels::add_rmsnorm_kernel<2048u, 512>(miso::kernels::AddRmsNormParams, unsigned int) [clone .kd]",1,1,102020,1553930,1553930,512,512,512,0,28,0,32,64,0x0,0x73c6a508d680,0.0430020829,98.7695312500,8,0.0000000000,0.5011985182,16,96,616,24,48298555693473,48298555731950,48298555840270,48298571937376
101718,"void miso::kernels::moe_router_kernel<256>(miso::kernels::MoeRouterParams) [clone .kd]",1,1,102021,1553930,1553930,16640,256,0,0,36,0,32,64,0x0,0x73c6a4de3580,1.6739438508,94.2115461618,260,0.0000000000,0.2877673908,0,3084,25709,0,48298555817832,48298555840270,48298555969870,48298571824196
101719,"void miso::kernels::moe_gate_up_kernel<256>(miso::kernels::MoeGateUpParams) [clone .kd]",1,1,102022,1553930,1553930,30720,256,512,0,64,0,48,64,0x0,0x73c6a4de35c0,28.7859949370,83.4080119272,480,0.0000000000,2.3105174776,993,23712,1256456,10593,48298555945330,48298555969870,48298556201389,48298571711825
101720,"void miso::kernels::moe_down_kernel<(miso::kernels::QType)0, 256>(miso::kernels::MoeDownParams) [clone .kd]",1,1,102023,1553930,1553930,30720,256,9728,0,84,0,32,64,0x0,0x73c6a4de3600,20.9993281200,96.6144780247,480,4.3000317277,0.6447789216,1166,14688,667240,9600,48298556140486,48298556201389,48298556329069,48298571597590
101721,"void miso::kernels::add_rmsnorm_kernel<2048u, 512>(miso::kernels::AddRmsNormParams, unsigned int) [clone .kd]",1,1,102024,1553930,1553930,512,512,512,0,28,0,32,64,0x0,0x73c6a508d680,0.0329737138,98.7695312500,8,0.0000000000,1.5874934526,17,96,616,24,48298556283908,48298556329069,48298556842988,48298571482178
101722,"void miso::kernels::q6k_gemv_kernel<2048u, 256, 2>(miso::kernels::Q6kGemvParams) [clone .kd]",1,1,102025,1553930,1553930,122880,256,0,0,60,0,32,64,0x0,0x73c6a5073000,34.9772197422,97.7497985510,1920,0.0000000000,12.1256046018,0,48128,1430784,0,48298556809644,48298556842988,48298563095138,48298571370399
101723,"void miso::kernels::q4k_gemv_kernel<(miso::kernels::ActFormat)1, 2048u, 256, 4>(miso::kernels::Q4kGemvParams) [clone .kd]",1,1,102026,1553930,1553930,61440,256,0,0,72,0,48,64,0x0,0x73c6a5072f40,17.6588467364,96.7252257554,960,0.0000000000,5.0011951477,0,16000,496080,0,48298563055623,48298563095138,48298563319297,48298571258367
101724,"void miso::kernels::deltanet_step_kernel<256>(miso::kernels::DeltaNetStepParams) [clone .kd]",1,1,102027,1553930,1553930,8192,256,3072,0,184,0,64,64,0x0,0x73c6a5051400,3.1292430862,99.7167266187,128,0.0000000000,2.8445744658,1982,9536,84096,7616,48298563284216,48298563319297,48298563524097,48298571149039
101725,"void miso::kernels::q4k_gemv_kernel<(miso::kernels::ActFormat)1, 4096u, 256, 4>(miso::kernels::Q4kGemvParams) [clone .kd]",1,1,102028,1553930,1553930,61440,256,0,0,112,0,48,64,0x0,0x73c6a5072fc0,13.7053474386,97.3208739211,960,0.0000000000,1.4846626914,0,16384,451392,0,48298563491884,48298563524097,48298563659137,48298571036343
101726,"void miso::kernels::add_rmsnorm_kernel<2048u, 512>(miso::kernels::AddRmsNormParams, unsigned int) [clone .kd]",1,1,102029,1553930,1553930,512,512,512,0,28,0,32,64,0x0,0x73c6a508d680,0.0426700803,98.7695312500,8,0.0000000000,0.4484879549,19,96,616,24,48298563620268,48298563659137,48298563772896,48298570917080
101727,"void miso::kernels::moe_router_kernel<256>(miso::kernels::MoeRouterParams) [clone .kd]",1,1,102030,1553930,1553930,16640,256,0,0,36,0,32,64,0x0,0x73c6a4de3580,1.5957136077,94.2115461618,260,0.0000000000,0.4425201667,0,3084,25709,0,48298563752857,48298563772896,48298563910016,48298570804549
101728,"void miso::kernels::moe_gate_up_kernel<256>(miso::kernels::MoeGateUpParams) [clone .kd]",1,1,102031,1553930,1553930,30720,256,512,0,64,0,48,64,0x0,0x73c6a4de35c0,27.6896279103,83.4134233670,480,0.0000000000,2.0908367138,717,23712,1256456,10593,48298563885909,48298563910016,48298564077856,48298570689479
101729,"void miso::kernels::moe_down_kernel<(miso::kernels::QType)1, 256>(miso::kernels::MoeDownParams) [clone .kd]",1,1,102032,1553930,1553930,30720,256,9728,0,108,0,32,64,0x0,0x73c6a4de3640,27.4128917058,98.3594786871,480,1.2354417348,1.9185703448,2449,26976,1014536,9600,48298564017164,48298564077856,48298564348255,48298570571564
101730,"void miso::kernels::add_rmsnorm_kernel<2048u, 512>(miso::kernels::AddRmsNormParams, unsigned int) [clone .kd]",1,1,102033,1553930,1553930,512,512,512,0,28,0,32,64,0x0,0x73c6a508d680,0.0429345784,98.7695312500,8,0.0000000000,0.4555080513,16,96,616,24,48298564302496,48298564348255,48298564566495,48298570456492
101731,"void miso::kernels::q4k_gemv_kernel<(miso::kernels::ActFormat)1, 2048u, 256, 4>(miso::kernels::Q4kGemvParams) [clone .kd]",1,1,102034,1553930,1553930,61440,256,0,0,72,0,48,64,0x0,0x73c6a5072f40,29.9006759045,95.9886400479,960,0.0000000000,11.7142500243,0,32384,1202640,0,48298564543793,48298564566495,48298564759455,48298570347668
101732,"void miso::kernels::deltanet_step_kernel<256>(miso::kernels::DeltaNetStepParams) [clone .kd]",1,1,102035,1553930,1553930,8192,256,3072,0,184,0,64,64,0x0,0x73c6a5051400,3.2433536043,99.7167266187,128,0.0000000000,2.5862451470,1512,9536,84096,7616,48298564701955,48298564759455,48298564862975,48298570211327
101733,"void miso::kernels::q4k_gemv_kernel<(miso::kernels::ActFormat)1, 4096u, 256, 4>(miso::kernels::Q4kGemvParams) [clone .kd]",1,1,102036,1553930,1553930,61440,256,0,0,112,0,48,64,0x0,0x73c6a5072fc0,13.6968813739,97.3210883065,960,0.0000000000,1.2288302851,0,16384,451392,0,48298564831113,48298564862975,48298565011934,48298570069060
101734,"void miso::kernels::add_rmsnorm_kernel<2048u, 512>(miso::kernels::AddRmsNormParams, unsigned int) [clone .kd]",1,1,102037,1553930,1553930,512,512,512,0,28,0,32,64,0x0,0x73c6a508d680,0.0438398203,98.7695312500,8,0.0000000000,0.4665820816,14,96,616,24,48298564972620,48298565011934,48298565140414,48298569868348
101735,"void miso::kernels::moe_router_kernel<256>(miso::kernels::MoeRouterParams) [clone .kd]",1,1,102038,1553930,1553930,16640,256,0,0,36,0,32,64,0x0,0x73c6a4de3580,1.6699144123,94.2115461618,260,0.0000000000,0.5079677195,0,3084,25709,0,48298565119702,48298565140414,48298565282974,48298569867524
101736,"void miso::kernels::moe_gate_up_kernel<256>(miso::kernels::MoeGateUpParams) [clone .kd]",1,1,102039,1553930,1553930,30720,256,512,0,64,0,48,64,0x0,0x73c6a4de35c0,27.3064992245,83.4066808667,480,0.0000000000,1.5638458562,865,23712,1256456,10593,48298565251682,48298565282974,48298565443134,48298592108744
101737,"void miso::kernels::moe_down_kernel<(miso::kernels::QType)0, 256>(miso::kernels::MoeDownParams) [clone .kd]",1,1,102040,1553930,1553930,30720,256,9728,0,84,0,32,64,0x0,0x73c6a4de3600,19.3999402268,96.6167678641,480,3.9726192734,0.8089803085,1049,14688,667240,9600,48298565387232,48298565443134,48298565610493,48298591989200
101738,"void miso::kernels::add_rmsnorm_kernel<2048u, 512>(miso::kernels::AddRmsNormParams, unsigned int) [clone .kd]",1,1,102041,1553930,1553930,512,512,512,0,28,0,32,64,0x0,0x73c6a508d680,0.0427008273,98.7695312500,8,0.0000000000,0.9826545133,17,96,616,24,48298565568655,48298565610493,48298565783453,48298591880311
101739,"void miso::kernels::q4k_gemv_kernel<(miso::kernels::ActFormat)1, 2048u, 256, 4>(miso::kernels::Q4kGemvParams) [clone .kd]",1,1,102042,1553930,1553930,61440,256,0,0,72,0,48,64,0x0,0x73c6a5072f40,27.8467298435,95.9898218830,960,0.0000000000,10.5399024307,0,32384,1202640,0,48298565761467,48298565783453,48298565949213,48298591771240
101740,"void miso::kernels::deltanet_step_kernel<256>(miso::kernels::DeltaNetStepParams) [clone .kd]",1,1,102043,1553930,1553930,8192,256,3072,0,184,0,64,64,0x0,0x73c6a5051400,3.3202702198,99.7167266187,128,0.0000000000,1.7526522638,1755,9536,84096,7616,48298565897825,48298565949213,48298566070493,48298591659426
101741,"void miso::kernels::q4k_gemv_kernel<(miso::kernels::ActFormat)1, 4096u, 256, 4>(miso::kernels::Q4kGemvParams) [clone .kd]",1,1,102044,1553930,1553930,61440,256,0,0,112,0,48,64,0x0,0x73c6a5072fc0,13.4346958828,97.3210883065,960,0.0000000000,1.4783633919,0,16384,451392,0,48298566040043,48298566070493,48298566213372,48298591544251
101742,"void miso::kernels::add_rmsnorm_kernel<2048u, 512>(miso::kernels::AddRmsNormParams, unsigned int) [clone .kd]",1,1,102045,1553930,1553930,512,512,512,0,28,0,32,64,0x0,0x73c6a508d680,0.0425102290,98.7695312500,8,0.0000000000,0.4259029142,16,96,616,24,48298566172341,48298566213372,48298566334172,48298591434463
101743,"void miso::kernels::moe_router_kernel<256>(miso::kernels::MoeRouterParams) [clone .kd]",1,1,102046,1553930,1553930,16640,256,0,0,36,0,32,64,0x0,0x73c6a4de3580,1.5920515809,94.2115461618,260,0.0000000000,0.4629084775,0,3084,25709,0,48298566311039,48298566334172,48298566469852,48298591322804
101744,"void miso::kernels::moe_gate_up_kernel<256>(miso::kernels::MoeGateUpParams) [clone .kd]",1,1,102047,1553930,1553930,30720,256,512,0,64,0,48,64,0x0,0x73c6a4de35c0,28.8069948585,83.4102699946,480,0.0000000000,1.9262798906,800,23712,1256456,10593,48298566445003,48298566469852,48298566639772,48298591208433
101745,"void miso::kernels::moe_down_kernel<(miso::kernels::QType)0, 256>(miso::kernels::MoeDownParams) [clone .kd]",1,1,102048,1553930,1553930,30720,256,9728,0,84,0,32,64,0x0,0x73c6a4de3600,21.7627659574,96.6170541017,480,4.4564796905,0.9438309869,950,14688,667240,9600,48298566580535,48298566639772,48298566765851,48298591018920
101746,"void miso::kernels::add_rmsnorm_kernel<2048u, 512>(miso::kernels::AddRmsNormParams, unsigned int) [clone .kd]",1,1,102049,1553930,1553930,512,512,512,0,28,0,32,64,0x0,0x73c6a508d680,0.0450184294,98.7695312500,8,0.0000000000,0.4917999264,22,96,616,24,48298566717605,48298566765851,48298566870171,48298590867138
101747,"void miso::kernels::q4k_gemv_kernel<(miso::kernels::ActFormat)1, 2048u, 256, 4>(miso::kernels::Q4kGemvParams) [clone .kd]",1,1,102050,1553930,1553930,61440,256,0,0,72,0,48,64,0x0,0x73c6a5072f40,23.8223260941,96.1716346357,960,0.0000000000,8.5939418747,0,25088,888000,0,48298566842420,48298566870171,48298567025531,48298590742143
101748,"void miso::kernels::q6k_gemv_kernel<2048u, 256, 1>(miso::kernels::Q6kGemvParams) [clone .kd]",1,1,102051,1553930,1553930,61440,256,0,0,60,0,32,64,0x0,0x73c6a5073040,8.7571648259,97.9885057471,960,0.0000000000,0.4183684534,0,6144,149312,0,48298566980304,48298567025531,48298567141851,48298590476672
101749,"void miso::kernels::attn_prep_kernel<256>(miso::kernels::AttnPrepParams) [clone .kd]",1,1,102052,1553930,1553930,4608,256,1536,0,28,0,64,64,0x0,0x73c6a5032400,0.3521977511,97.9857708255,72,0.0000000000,0.8003065470,71,170,4946,288,48298567117301,48298567141851,48298567272570,48298590317899
101750,"void miso::kernels::attn_split_kernel<256>(miso::kernels::AttnSplitParams) [clone .kd]",1,1,102053,1553930,1553930,4608,256,26112,0,96,0,48,64,0x0,0x73c6a5032440,3.0464118906,96.5673727375,72,0.5261022128,0.2236338519,5486,1136,74994,22784,48298567250563,48298567272570,48298567600730,48298590189542
101751,"void miso::kernels::attn_combine_kernel<256>(miso::kernels::AttnCombineParams) [clone .kd]",1,1,102054,1553930,1553930,4096,256,0,0,16,0,32,64,0x0,0x73c6a5032480,0.4855068819,99.4561464088,64,0.0000000000,0.1862651902,0,2368,9152,0,48298567565720,48298567600730,48298567741530,48298590072319
101752,"void miso::kernels::q4k_gemv_kernel<(miso::kernels::ActFormat)1, 4096u, 256, 4>(miso::kernels::Q4kGemvParams) [clone .kd]",1,1,102055,1553930,1553930,61440,256,0,0,112,0,48,64,0x0,0x73c6a5072fc0,13.5854387004,97.3213026928,960,0.0000000000,1.8366570668,0,16384,451392,0,48298567709154,48298567741530,48298567915449,48298589957679
101753,"void miso::kernels::add_rmsnorm_kernel<2048u, 512>(miso::kernels::AddRmsNormParams, unsigned int) [clone .kd]",1,1,102056,1553930,1553930,512,512,512,0,28,0,32,64,0x0,0x73c6a508d680,0.0417776385,98.7695312500,8,0.0000000000,0.3751165903,20,96,616,24,48298567875915,48298567915449,48298568041049,48298589833940
101754,"void miso::kernels::moe_router_kernel<256>(miso::kernels::MoeRouterParams) [clone .kd]",1,1,102057,1553930,1553930,16640,256,0,0,36,0,32,64,0x0,0x73c6a4de3580,1.7027037556,94.2115461618,260,0.0000000000,0.2695622461,0,3084,25709,0,48298568015778,48298568041049,48298568174329,48298589710102
101755,"void miso::kernels::moe_gate_up_kernel<256>(miso::kernels::MoeGateUpParams) [clone .kd]",1,1,102058,1553930,1553930,30720,256,512,0,64,0,48,64,0x0,0x73c6a4de35c0,27.2708801732,83.4005033649,480,0.0000000000,1.2605094821,805,23712,1256456,10593,48298568151397,48298568174329,48298568343609,48298589527743
101756,"void miso::kernels::moe_down_kernel<(miso::kernels::QType)1, 256>(miso::kernels::MoeDownParams) [clone .kd]",1,1,102060,1553930,1553930,30720,256,9728,0,108,0,32,64,0x0,0x73c6a4de3640,27.4319966086,98.3653471845,480,1.2363765153,0.8280954612,2224,26976,1014536,9600,48298568291225,48298568343609,48298568495128,48298589030191
101757,"void miso::kernels::add_rmsnorm_kernel<2048u, 512>(miso::kernels::AddRmsNormParams, unsigned int) [clone .kd]",1,1,102061,1553930,1553930,512,512,512,0,28,0,32,64,0x0,0x73c6a508d680,0.0416715501,98.7695312500,8,0.0000000000,0.4418782210,16,96,616,24,48298568449373,48298568495128,48298568599608,48298588920520
101758,"void miso::kernels::q4k_gemv_kernel<(miso::kernels::ActFormat)1, 2048u, 256, 4>(miso::kernels::Q4kGemvParams) [clone .kd]",1,1,102062,1553930,1553930,61440,256,0,0,72,0,48,64,0x0,0x73c6a5072f40,28.0581580669,95.9918704659,960,0.0000000000,11.6021039021,0,32384,1202640,0,48298568575918,48298568599608,48298568757528,48298588811839
101759,"void miso::kernels::deltanet_step_kernel<256>(miso::kernels::DeltaNetStepParams) [clone .kd]",1,1,102063,1553930,1553930,8192,256,3072,0,184,0,64,64,0x0,0x73c6a5051400,3.2505353006,99.7167266187,128,0.0000000000,1.6542597188,1672,9536,84096,7616,48298568704723,48298568757528,48298568877048,48298588700965
101760,"void miso::kernels::q4k_gemv_kernel<(miso::kernels::ActFormat)1, 4096u, 256, 4>(miso::kernels::Q4kGemvParams) [clone .kd]",1,1,102064,1553930,1553930,61440,256,0,0,112,0,48,64,0x0,0x73c6a5072fc0,13.4805345212,97.3202307708,960,0.0000000000,1.4885476178,0,16384,451392,0,48298568837992,48298568877048,48298568996408,48298588590519
101761,"void miso::kernels::add_rmsnorm_kernel<2048u, 512>(miso::kernels::AddRmsNormParams, unsigned int) [clone .kd]",1,1,102065,1553930,1553930,512,512,512,0,28,0,32,64,0x0,0x73c6a508d680,0.0414513141,98.7695312500,8,0.0000000000,0.4925721467,12,96,616,24,48298568956804,48298568996408,48298569192407,48298588476394
101762,"void miso::kernels::moe_router_kernel<256>(miso::kernels::MoeRouterParams) [clone .kd]",1,1,102066,1553930,1553930,16640,256,0,0,36,0,32,64,0x0,0x73c6a4de3580,1.6462013635,94.2115461618,260,0.0000000000,0.4658042703,0,3084,25709,0,48298569168800,48298569192407,48298569449047,48298588365698
101763,"void miso::kernels::moe_gate_up_kernel<256>(miso::kernels::MoeGateUpParams) [clone .kd]",1,1,102067,1553930,1553930,30720,256,512,0,64,0,48,64,0x0,0x73c6a4de35c0,29.3821137117,83.4161617056,480,0.0000000000,1.1985589580,938,23712,1256456,10593,48298569426122,48298569449047,48298569667446,48298588256183
101764,"void miso::kernels::moe_down_kernel<(miso::kernels::QType)0, 256>(miso::kernels::MoeDownParams) [clone .kd]",1,1,102068,1553930,1553930,30720,256,9728,0,84,0,32,64,0x0,0x73c6a4de3600,20.0930721242,96.6173403409,480,4.1145796128,0.9976453092,944,14688,667240,9600,48298569607468,48298569667446,48298569797846,48298588144161
101765,"void miso::kernels::add_rmsnorm_kernel<2048u, 512>(miso::kernels::AddRmsNormParams, unsigned int) [clone .kd]",1,1,102069,1553930,1553930,512,512,512,0,28,0,32,64,0x0,0x73c6a508d680,0.0357869780,98.7695312500,8,0.0000000000,0.4895354368,16,96,616,24,48298569749806,48298569797846,48298570288885,48298588030388
101766,"void miso::kernels::q4k_gemv_kernel<(miso::kernels::ActFormat)1, 2048u, 256, 4>(miso::kernels::Q4kGemvParams) [clone .kd]",1,1,102070,1553930,1553930,61440,256,0,0,72,0,48,64,0x0,0x73c6a5072f40,28.1836352280,95.9902946251,960,0.0000000000,10.9259515745,0,32384,1202640,0,48298570260990,48298570288885,48298575991756,48298587920748
101767,"void miso::kernels::deltanet_step_kernel<256>(miso::kernels::DeltaNetStepParams) [clone .kd]",1,1,102071,1553930,1553930,8192,256,3072,0,184,0,64,64,0x0,0x73c6a5051400,3.2018888841,99.7167266187,128,0.0000000000,4.0279995088,1877,9536,84096,7616,48298575950148,48298575991756,48298576138955,48298587808579
101768,"void miso::kernels::q4k_gemv_kernel<(miso::kernels::ActFormat)1, 4096u, 256, 4>(miso::kernels::Q4kGemvParams) [clone .kd]",1,1,102072,1553930,1553930,61440,256,0,0,112,0,48,64,0x0,0x73c6a5072fc0,13.3363886881,97.3213026928,960,0.0000000000,1.7158524080,0,16384,451392,0,48298576105656,48298576138955,48298576310635,48298587697132
101769,"void miso::kernels::add_rmsnorm_kernel<2048u, 512>(miso::kernels::AddRmsNormParams, unsigned int) [clone .kd]",1,1,102073,1553930,1553930,512,512,512,0,28,0,32,64,0x0,0x73c6a508d680,0.0425356568,98.7695312500,8,0.0000000000,1.3924535530,19,96,616,24,48298576270594,48298576310635,48298576419275,48298587578786
101770,"void miso::kernels::moe_router_kernel<256>(miso::kernels::MoeRouterParams) [clone .kd]",1,1,102074,1553930,1553930,16640,256,0,0,36,0,32,64,0x0,0x73c6a4de3580,1.5750117121,94.2115461618,260,0.0000000000,4.1707325888,0,3084,25709,0,48298576397176,48298576419275,48298576551275,48298587463008
101771,"void miso::kernels::moe_gate_up_kernel<256>(miso::kernels::MoeGateUpParams) [clone .kd]",1,1,102075,1553930,1553930,30720,256,512,0,64,0,48,64,0x0,0x73c6a4de35c0,28.5655968284,83.4070578590,480,0.0000000000,1.8554577089,612,23712,1256456,10593,48298576526591,48298576551275,48298576714154,48298587349229
101772,"void miso::kernels::moe_down_kernel<(miso::kernels::QType)0, 256>(miso::kernels::MoeDownParams) [clone .kd]",1,1,102076,1553930,1553930,30720,256,9728,0,84,0,32,64,0x0,0x73c6a4de3600,19.4977212470,96.6153367018,480,3.9925832221,0.8065625054,1008,14688,667240,9600,48298576656662,48298576714154,48298576828074,48298587237394
101773,"void miso::kernels::add_rmsnorm_kernel<2048u, 512>(miso::kernels::AddRmsNormParams, unsigned int) [clone .kd]",1,1,102077,1553930,1553930,512,512,512,0,28,0,32,64,0x0,0x73c6a508d680,0.0421191181,98.7695312500,8,0.0000000000,1.0598048067,15,96,616,24,48298576785664,48298576828074,48298576928074,48298587125377
101774,"void miso::kernels::q6k_gemv_kernel<2048u, 256, 2>(miso::kernels::Q6kGemvParams) [clone .kd]",1,1,102078,1553930,1553930,122880,256,0,0,60,0,32,64,0x0,0x73c6a5073000,39.4551597455,97.7428231753,1920,0.0000000000,13.0364502735,0,48128,1430784,0,48298576905578,48298576928074,48298577081354,48298587008174
101775,"void miso::kernels::q4k_gemv_kernel<(miso::kernels::ActFormat)1, 2048u, 256, 4>(miso::kernels::Q4kGemvParams) [clone .kd]",1,1,102079,1553930,1553930,61440,256,0,0,72,0,48,64,0x0,0x73c6a5072f40,17.1151009873,96.7256116414,960,0.0000000000,4.4047502688,0,16000,496080,0,48298577033651,48298577081354,48298577195754,48298586890306
101776,"void miso::kernels::deltanet_step_kernel<256>(miso::kernels::DeltaNetStepParams) [clone .kd]",1,1,102080,1553930,1553930,8192,256,3072,0,184,0,64,64,0x0,0x73c6a5051400,3.2642757021,99.7167266187,128,0.0000000000,1.8224207001,1843,9536,84096,7616,48298577159548,48298577195754,48298577311433,48298586758182
101777,"void miso::kernels::q4k_gemv_kernel<(miso::kernels::ActFormat)1, 4096u, 256, 4>(miso::kernels::Q4kGemvParams) [clone .kd]",1,1,102081,1553930,1553930,61440,256,0,0,112,0,48,64,0x0,0x73c6a5072fc0,13.3453277595,97.3213026928,960,0.0000000000,1.0208322041,0,16384,451392,0,48298577277957,48298577311433,48298577448873,48298586618799
101778,"void miso::kernels::add_rmsnorm_kernel<2048u, 512>(miso::kernels::AddRmsNormParams, unsigned int) [clone .kd]",1,1,102082,1553930,1553930,512,512,512,0,28,0,32,64,0x0,0x73c6a508d680,0.0426461965,98.7695312500,8,0.0000000000,0.3957783641,17,96,616,24,48298577407453,48298577448873,48298577548233,48298586441605
101779,"void miso::kernels::moe_router_kernel<256>(miso::kernels::MoeRouterParams) [clone .kd]",1,1,102083,1553930,1553930,16640,256,0,0,36,0,32,64,0x0,0x73c6a4de3580,1.6744569174,94.2115461618,260,0.0000000000,0.4954283643,0,3084,25709,0,48298577524966,48298577548233,48298577677193,48298586312296
101780,"void miso::kernels::moe_gate_up_kernel<256>(miso::kernels::MoeGateUpParams) [clone .kd]",1,1,102084,1553930,1553930,30720,256,512,0,64,0,48,64,0x0,0x73c6a4de35c0,30.1682236103,83.4106573547,480,0.0000000000,1.5760080772,656,23712,1256456,10593,48298577652059,48298577677193,48298577835433,48298586311214
101781,"void miso::kernels::moe_down_kernel<(miso::kernels::QType)1, 256>(miso::kernels::MoeDownParams) [clone .kd]",1,1,102085,1553930,1553930,30720,256,9728,0,108,0,32,64,0x0,0x73c6a4de3640,27.0903815580,98.3658282399,480,1.2209856916,1.3494426307,2319,26976,1014536,9600,48298577778315,48298577835446,48298577969046,48298607156757
101782,"void miso::kernels::add_rmsnorm_kernel<2048u, 512>(miso::kernels::AddRmsNormParams, unsigned int) [clone .kd]",1,1,102086,1553930,1553930,512,512,512,0,28,0,32,64,0x0,0x73c6a508d680,0.0444370383,98.7695312500,8,0.0000000000,0.4095254137,16,96,616,24,48298577923652,48298577969046,48298578115766,48298607037639
101783,"void miso::kernels::q4k_gemv_kernel<(miso::kernels::ActFormat)1, 2048u, 256, 4>(miso::kernels::Q4kGemvParams) [clone .kd]",1,1,102087,1553930,1553930,61440,256,0,0,72,0,48,64,0x0,0x73c6a5072f40,23.8335374550,96.1676767924,960,0.0000000000,9.9177792381,0,25088,888000,0,48298578086004,48298578115766,48298578278486,48298606924363
101784,"void miso::kernels::q6k_gemv_kernel<2048u, 256, 1>(miso::kernels::Q6kGemvParams) [clone .kd]",1,1,102088,1553930,1553930,61440,256,0,0,60,0,32,64,0x0,0x73c6a5073040,8.9241490663,97.9872021711,960,0.0000000000,0.3654526609,0,6144,149312,0,48298578233050,48298578278486,48298578385525,48298606816271
101785,"void miso::kernels::attn_prep_kernel<256>(miso::kernels::AttnPrepParams) [clone .kd]",1,1,102089,1553930,1553930,4608,256,1536,0,28,0,64,64,0x0,0x73c6a5032400,0.3725861948,97.9857708255,72,0.0000000000,0.7863161145,91,170,4946,288,48298578361021,48298578385525,48298578509205,48298606703616
101786,"void miso::kernels::attn_split_kernel<256>(miso::kernels::AttnSplitParams) [clone .kd]",1,1,102090,1553930,1553930,4608,256,26112,0,96,0,48,64,0x0,0x73c6a5032440,2.9870180530,96.5673727375,72,0.5158451528,0.1456310680,5857,1136,74994,22784,48298578486024,48298578509205,48298578646005,48298606589186
101787,"void miso::kernels::attn_combine_kernel<256>(miso::kernels::AttnCombineParams) [clone .kd]",1,1,102091,1553930,1553930,4096,256,0,0,16,0,32,64,0x0,0x73c6a5032480,0.6727061556,99.4561464088,64,0.0000000000,0.1404748958,0,2368,9152,0,48298578614883,48298578646005,48298578776725,48298606474985
101788,"void miso::kernels::q4k_gemv_kernel<(miso::kernels::ActFormat)1, 4096u, 256, 4>(miso::kernels::Q4kGemvParams) [clone .kd]",1,1,102092,1553930,1553930,61440,256,0,0,112,0,48,64,0x0,0x73c6a5072fc0,13.7316841507,97.3210883065,960,0.0000000000,1.2373366679,0,16384,451392,0,48298578750651,48298578776725,48298578916565,48298606361389
101789,"void miso::kernels::add_rmsnorm_kernel<2048u, 512>(miso::kernels::AddRmsNormParams, unsigned int) [clone .kd]",1,1,102093,1553930,1553930,512,512,512,0,28,0,32,64,0x0,0x73c6a508d680,0.0403963896,98.7695312500,8,0.0000000000,0.4482576325,16,96,616,24,48298578874487,48298578916565,48298579021524,48298606249875
101790,"void miso::kernels::moe_router_kernel<256>(miso::kernels::MoeRouterParams) [clone .kd]",1,1,102094,1553930,1553930,16640,256,0,0,36,0,32,64,0x0,0x73c6a4de3580,1.6487475479,94.2115461618,260,0.0000000000,0.2888435325,0,3084,25709,0,48298578998392,48298579021524,48298579203604,48298606131201
101791,"void miso::kernels::moe_gate_up_kernel<256>(miso::kernels::MoeGateUpParams) [clone .kd]",1,1,102095,1553930,1553930,30720,256,512,0,64,0,48,64,0x0,0x73c6a4de35c0,29.1467642098,83.4023166801,480,0.0000000000,1.6980776969,909,23712,1256456,10593,48298579181602,48298579203604,48298579417684,48298606014769
101792,"void miso::kernels::moe_down_kernel<(miso::kernels::QType)1, 256>(miso::kernels::MoeDownParams) [clone .kd]",1,1,102096,1553930,1553930,30720,256,9728,0,108,0,32,64,0x0,0x73c6a4de3640,27.1132979062,98.3577471332,480,1.2219181569,0.9196479505,2349,26976,1014536,9600,48298579361523,48298579417684,48298579536403,48298605874073
101793,"void miso::kernels::add_rmsnorm_kernel<2048u, 512>(miso::kernels::AddRmsNormParams, unsigned int) [clone .kd]",1,1,102097,1553930,1553930,512,512,512,0,28,0,32,64,0x0,0x73c6a508d680,0.0405129958,98.7695312500,8,0.0000000000,0.4377964247,19,96,616,24,48298579491627,48298579536403,48298579649043,48298605762086
101794,"void miso::kernels::q6k_gemv_kernel<2048u, 256, 2>(miso::kernels::Q6kGemvParams) [clone .kd]",1,1,102098,1553930,1553930,122880,256,0,0,60,0,32,64,0x0,0x73c6a5073000,35.8677511381,97.7461414338,1920,0.0000000000,12.0481697337,0,48128,1430784,0,48298579626024,48298579649043,48298579828083,48298605649266
101795,"void miso::kernels::q4k_gemv_kernel<(miso::kernels::ActFormat)1, 2048u, 256, 4>(miso::kernels::Q4kGemvParams) [clone .kd]",1,1,102099,1553930,1553930,61440,256,0,0,72,0,48,64,0x0,0x73c6a5072f40,17.1934589953,96.7246469321,960,0.0000000000,7.2494554552,0,16000,496080,0,48298579781525,48298579828083,48298579975923,48298605532905
101796,"void miso::kernels::deltanet_step_kernel<256>(miso::kernels::DeltaNetStepParams) [clone .kd]",1,1,102100,1553930,1553930,8192,256,3072,0,184,0,64,64,0x0,0x73c6a5051400,3.2511055074,99.7167266187,128,0.0000000000,1.7916806817,1702,9536,84096,7616,48298579939554,48298579975923,48298580197682,48298605414446
101797,"void miso::kernels::q4k_gemv_kernel<(miso::kernels::ActFormat)1, 4096u, 256, 4>(miso::kernels::Q4kGemvParams) [clone .kd]",1,1,102101,1553930,1553930,61440,256,0,0,112,0,48,64,0x0,0x73c6a5072fc0,13.2812271432,97.3206595367,960,0.0000000000,1.4923490078,0,16384,451392,0,48298580169820,48298580197682,48298580389842,48298605295366
101798,"void miso::kernels::add_rmsnorm_kernel<2048u, 512>(miso::kernels::AddRmsNormParams, unsigned int) [clone .kd]",1,1,102102,1553930,1553930,512,512,512,0,28,0,32,64,0x0,0x73c6a508d680,0.0425917053,98.7695312500,8,0.0000000000,0.4052127876,22,96,616,24,48298580345533,48298580389842,48298580528082,48298605174305
101799,"void miso::kernels::moe_router_kernel<256>(miso::kernels::MoeRouterParams) [clone .kd]",1,1,102103,1553930,1553930,16640,256,0,0,36,0,32,64,0x0,0x73c6a4de3580,1.5382584823,94.2115461618,260,0.0000000000,0.4610595560,0,3084,25709,0,48298580500179,48298580528082,48298580660402,48298605056707
101800,"void miso::kernels::moe_gate_up_kernel<256>(miso::kernels::MoeGateUpParams) [clone .kd]",1,1,102104,1553930,1553930,30720,256,512,0,64,0,48,64,0x0,0x73c6a4de35c0,29.3155856945,83.4120556174,480,0.0000000000,1.3613267553,668,23712,1256456,10593,48298580637513,48298580660402,48298580838161,48298604942824
101801,"void miso::kernels::moe_down_kernel<(miso::kernels::QType)1, 256>(miso::kernels::MoeDownParams) [clone .kd]",1,1,102105,1553930,1553930,30720,256,9728,0,108,0,32,64,0x0,0x73c6a4de3640,27.3287521115,98.3585167052,480,1.2316376932,0.8729444490,2182,26976,1014536,9600,48298580782238,48298580838161,48298580972241,48298604824514
101802,"void miso::kernels::add_rmsnorm_kernel<2048u, 512>(miso::kernels::AddRmsNormParams, unsigned int) [clone .kd]",1,1,102106,1553930,1553930,512,512,512,0,28,0,32,64,0x0,0x73c6a508d680,0.0422559389,98.7695312500,8,0.0000000000,0.4043263943,19,96,616,24,48298580922520,48298580972241,48298581120881,48298604705946
101803,"void miso::kernels::q6k_gemv_kernel<2048u, 256, 2>(miso::kernels::Q6kGemvParams) [clone .kd]",1,1,102107,1553930,1553930,122880,256,0,0,60,0,32,64,0x0,0x73c6a5073000,35.7342652149,97.7454642199,1920,0.0000000000,11.1604211990,0,48128,1430784,0,48298581098982,48298581120881,48298581284081,48298604586619
101804,"void miso::kernels::q4k_gemv_kernel<(miso::kernels::ActFormat)1, 2048u, 256, 4>(miso::kernels::Q4kGemvParams) [clone .kd]",1,1,102108,1553930,1553930,61440,256,0,0,72,0,48,64,0x0,0x73c6a5072f40,16.6170816429,96.7200165954,960,0.0000000000,9.2795386464,0,16000,496080,0,48298581236361,48298581284081,48298581435120,48298604366098
101805,"void miso::kernels::deltanet_step_kernel<256>(miso::kernels::DeltaNetStepParams) [clone .kd]",1,1,102109,1553930,1553930,8192,256,3072,0,184,0,64,64,0x0,0x73c6a5051400,3.1592479740,99.7167266187,128,0.0000000000,2.8966050787,1562,9536,84096,7616,48298581394966,48298581435120,48298581558960,48298604141595
101806,"void miso::kernels::q4k_gemv_kernel<(miso::kernels::ActFormat)1, 4096u, 256, 4>(miso::kernels::Q4kGemvParams) [clone .kd]",1,1,102110,1553930,1553930,61440,256,0,0,112,0,48,64,0x0,0x73c6a5072fc0,14.1270508129,97.3210883065,960,0.0000000000,2.6689136228,0,16384,451392,0,48298581528155,48298581558960,48298581711920,48298603920487
101807,"void miso::kernels::add_rmsnorm_kernel<2048u, 512>(miso::kernels::AddRmsNormParams, unsigned int) [clone .kd]",1,1,102111,1553930,1553930,512,512,512,0,28,0,32,64,0x0,0x73c6a508d680,0.0414271659,98.7695312500,8,0.0000000000,0.9419502542,17,96,616,24,48298581671896,48298581711920,48298581859920,48298603758630
101808,"void miso::kernels::moe_router_kernel<256>(miso::kernels::MoeRouterParams) [clone .kd]",1,1,102112,1553930,1553930,16640,256,0,0,36,0,32,64,0x0,0x73c6a4de3580,1.6374433330,94.2115461618,260,0.0000000000,6.2052617772,0,3084,25709,0,48298581835629,48298581859920,48298582054319,48298603639617
101809,"void miso::kernels::moe_gate_up_kernel<256>(miso::kernels::MoeGateUpParams) [clone .kd]",1,1,102113,1553930,1553930,30720,256,512,0,64,0,48,64,0x0,0x73c6a4de35c0,29.1156585054,83.4015206165,480,0.0000000000,1.6507887530,754,23712,1256456,10593,48298582025864,48298582054319,48298582265359,48298603489961
101810,"void miso::kernels::moe_down_kernel<(miso::kernels::QType)1, 256>(miso::kernels::MoeDownParams) [clone .kd]",1,1,102114,1553930,1553930,30720,256,9728,0,108,0,32,64,0x0,0x73c6a4de3640,26.6932443581,98.3624609507,480,1.2030452082,0.8965249251,2378,26976,1014536,9600,48298582204983,48298582265359,48298582465198,48298603372012
101811,"void miso::kernels::add_rmsnorm_kernel<2048u, 512>(miso::kernels::AddRmsNormParams, unsigned int) [clone .kd]",1,1,102115,1553930,1553930,512,512,512,0,28,0,32,64,0x0,0x73c6a508d680,0.0429934166,98.7695312500,8,0.0000000000,0.9526641782,16,96,616,24,48298582416400,48298582465198,48298582623918,48298603249424
101812,"void miso::kernels::q6k_gemv_kernel<2048u, 256, 2>(miso::kernels::Q6kGemvParams) [clone .kd]",1,1,102116,1553930,1553930,122880,256,0,0,60,0,32,64,0x0,0x73c6a5073000,35.6349370939,97.7435003526,1920,0.0000000000,12.8859358214,0,48128,1430784,0,48298582601059,48298582623918,48298582815918,48298603130156
101813,"void miso::kernels::q4k_gemv_kernel<(miso::kernels::ActFormat)1, 2048u, 256, 4>(miso::kernels::Q4kGemvParams) [clone .kd]",1,1,102117,1553930,1553930,61440,256,0,0,72,0,48,64,0x0,0x73c6a5072f40,15.9419598565,96.7227175713,960,0.0000000000,4.9207538004,0,16000,496080,0,48298582768349,48298582815918,48298582950638,48298602998580
101814,"void miso::kernels::deltanet_step_kernel<256>(miso::kernels::DeltaNetStepParams) [clone .kd]",1,1,102118,1553930,1553930,8192,256,3072,0,184,0,64,64,0x0,0x73c6a5051400,3.3216835439,99.7167266187,128,0.0000000000,2.0655109034,1471,9536,84096,7616,48298582914171,48298582950638,48298583097997,48298602873074
101815,"void miso::kernels::q4k_gemv_kernel<(miso::kernels::ActFormat)1, 4096u, 256, 4>(miso::kernels::Q4kGemvParams) [clone .kd]",1,1,102119,1553930,1553930,61440,256,0,0,112,0,48,64,0x0,0x73c6a5072fc0,13.4790341641,97.3206595367,960,0.0000000000,1.4828565778,0,16384,451392,0,48298583067745,48298583097997,48298583244877,48298602755617
101816,"void miso::kernels::add_rmsnorm_kernel<2048u, 512>(miso::kernels::AddRmsNormParams, unsigned int) [clone .kd]",1,1,102120,1553930,1553930,512,512,512,0,28,0,32,64,0x0,0x73c6a508d680,0.0409956826,98.7695312500,8,0.0000000000,0.4793742904,16,96,616,24,48298583202773,48298583244877,48298583386477,48298602634997
101817,"void miso::kernels::moe_router_kernel<256>(miso::kernels::MoeRouterParams) [clone .kd]",1,1,102121,1553930,1553930,16640,256,0,0,36,0,32,64,0x0,0x73c6a4de3580,1.6070968928,94.2115461618,260,0.0000000000,0.4792533737,0,3084,25709,0,48298583364322,48298583386477,48298583550957,48298602518813
101818,"void miso::kernels::moe_gate_up_kernel<256>(miso::kernels::MoeGateUpParams) [clone .kd]",1,1,102122,1553930,1553930,30720,256,512,0,64,0,48,64,0x0,0x73c6a4de35c0,29.2279508566,83.4118014404,480,0.0000000000,1.5041313818,746,23712,1256456,10593,48298583519783,48298583550957,48298583709356,48298602399295
101819,"void miso::kernels::moe_down_kernel<(miso::kernels::QType)1, 256>(miso::kernels::MoeDownParams) [clone .kd]",1,1,102123,1553930,1553930,30720,256,9728,0,108,0,32,64,0x0,0x73c6a4de3640,27.1472801525,98.3676562934,480,1.2235728966,1.5135226887,2195,26976,1014536,9600,48298583653206,48298583709356,48298583824396,48298602281130
101820,"void miso::kernels::add_rmsnorm_kernel<2048u, 512>(miso::kernels::AddRmsNormParams, unsigned int) [clone .kd]",1,1,102124,1553930,1553930,512,512,512,0,28,0,32,64,0x0,0x73c6a508d680,0.0418431926,98.7695312500,8,0.0000000000,0.4305894015,16,96,616,24,48298583780681,48298583824396,48298583945996,48298602157927
101821,"void miso::kernels::q4k_gemv_kernel<(miso::kernels::ActFormat)1, 2048u, 256, 4>(miso::kernels::Q4kGemvParams) [clone .kd]",1,1,102125,1553930,1553930,61440,256,0,0,72,0,48,64,0x0,0x73c6a5072f40,23.9734400000,96.1739881024,960,0.0000000000,9.5109616222,0,25088,888000,0,48298583923393,48298583945996,48298584235115,48298602031134
101822,"void miso::kernels::q6k_gemv_kernel<2048u, 256, 1>(miso::kernels::Q6kGemvParams) [clone .kd]",1,1,102126,1553930,1553930,61440,256,0,0,60,0,32,64,0x0,0x73c6a5073040,8.9495303068,97.9885057471,960,0.0000000000,0.3325402833,0,6144,149312,0,48298584191086,48298584235115,48298584484715,48298601895102
101823,"void miso::kernels::attn_prep_kernel<256>(miso::kernels::AttnPrepParams) [clone .kd]",1,1,102127,1553930,1553930,4608,256,1536,0,28,0,64,64,0x0,0x73c6a5032400,0.3774524450,97.9857708255,72,0.0000000000,0.9413939477,95,170,4946,288,48298584461716,48298584484715,48298584767755,48298601774976
101824,"void miso::kernels::attn_split_kernel<256>(miso::kernels::AttnSplitParams) [clone .kd]",1,1,102128,1553930,1553930,4608,256,26112,0,96,0,48,64,0x0,0x73c6a5032440,2.4759114836,96.5673727375,72,0.4275792496,0.1584916293,5506,1136,74994,22784,48298584747103,48298584767755,48298586306952,48298601654097
101825,"void miso::kernels::attn_combine_kernel<256>(miso::kernels::AttnCombineParams) [clone .kd]",1,1,102129,1553930,1553930,4096,256,0,0,16,0,32,64,0x0,0x73c6a5032480,0.4904276848,99.4561464088,64,0.0000000000,0.1666043317,0,2368,9152,0,48298586286348,48298586306952,48298586839911,48298601531996
101826,"void miso::kernels::q4k_gemv_kernel<(miso::kernels::ActFormat)1, 4096u, 256, 4>(miso::kernels::Q4kGemvParams) [clone .kd]",1,1,102130,1553930,1553930,61440,256,0,0,112,0,48,64,0x0,0x73c6a5072fc0,13.4463658391,97.3213026928,960,0.0000000000,1.8911365451,0,16384,451392,0,48298586809218,48298586839911,48298589475907,48298601409799
101827,"void miso::kernels::add_rmsnorm_kernel<2048u, 512>(miso::kernels::AddRmsNormParams, unsigned int) [clone .kd]",1,1,102131,1553930,1553930,512,512,512,0,28,0,32,64,0x0,0x73c6a508d680,0.0315087781,98.7695312500,8,0.0000000000,0.4615646403,15,96,616,24,48298589434868,48298589475907,48298589652066,48298601291701
101828,"void miso::kernels::moe_router_kernel<256>(miso::kernels::MoeRouterParams) [clone .kd]",1,1,102132,1553930,1553930,16640,256,0,0,36,0,32,64,0x0,0x73c6a4de3580,1.5538450599,94.2115461618,260,0.0000000000,0.2762587215,0,3084,25709,0,48298589628655,48298589652066,48298592560221,48298601172911
101829,"void miso::kernels::moe_gate_up_kernel<256>(miso::kernels::MoeGateUpParams) [clone .kd]",1,1,102133,1553930,1553930,30720,256,512,0,64,0,48,64,0x0,0x73c6a4de35c0,29.4267196837,83.4063604807,480,0.0000000000,1.5401941891,635,23712,1256456,10593,48298592538409,48298592560221,48298592730301,48298601044939
101830,"void miso::kernels::moe_down_kernel<(miso::kernels::QType)1, 256>(miso::kernels::MoeDownParams) [clone .kd]",1,1,102134,1553930,1553930,30720,256,9728,0,108,0,32,64,0x0,0x73c6a4de3640,27.5716512416,98.3627495665,480,1.2426380170,1.4419442523,2243,26976,1014536,9600,48298592673222,48298592730301,48298592849661,48298600912457
101831,"void miso::kernels::add_rmsnorm_kernel<2048u, 512>(miso::kernels::AddRmsNormParams, unsigned int) [clone .kd]",1,1,102135,1553930,1553930,512,512,512,0,28,0,32,64,0x0,0x73c6a508d680,0.0411713242,98.7695312500,8,0.0000000000,0.4366272604,22,96,616,24,48298592806229,48298592849661,48298592958941,48298600769738
101832,"void miso::kernels::q6k_gemv_kernel<2048u, 256, 1>(miso::kernels::Q6kGemvParams) [clone .kd]",1,1,102136,1553930,1553930,491520,256,0,0,60,0,32,64,0x0,0x73c6a5073040,58.0496908136,95.9643396980,7680,0.0000000000,44.0545164770,0,1054720,35909120,0,48298592936051,48298592958941,48298593785499,48298600647012
101833,"void miso::kernels::argmax_partial_kernel<256>(miso::kernels::ArgmaxParams) [clone .kd]",1,1,102137,1553930,1553930,61440,256,2048,0,12,0,32,64,0x0,0x73c6a508d6c0,5.1372504708,90.2863670689,960,0.0000000000,0.6404484265,3164,4078,61239,10154,48298593070848,48298593785499,48298593822459,48298600523379
101834,"void miso::kernels::argmax_final_kernel<256>(miso::kernels::ArgmaxParams) [clone .kd]",1,1,102138,1553930,1553930,256,256,2048,0,12,0,32,64,0x0,0x73c6a508d700,0.0122165838,86.9427447552,4,0.0000000000,0.0136877209,2,8,139,42,48298593198136,48298593822459,48298593849179,48298600398549
101835,"void miso::kernels::embed_q4k_kernel<2048u, 256>(miso::kernels::EmbedParams, unsigned int) [clone .kd]",1,1,102139,1553930,1553930,256,256,0,0,24,0,32,64,0x0,0x73c6a508d740,0.0762819607,100.0000000000,4,0.0000000000,0.4023889683,0,128,972,0,48298593330468,48298593849179,48298593878459,48298600274805
101836,"void miso::kernels::add_rmsnorm_kernel<2048u, 512>(miso::kernels::AddRmsNormParams, unsigned int) [clone .kd]",1,1,102140,1553930,1553930,512,512,512,0,28,0,32,64,0x0,0x73c6a508d680,0.0453688616,98.6135563380,8,0.0000000000,0.3434590139,29,64,544,24,48298593463515,48298593878459,48298593905179,48298600149255
101837,"void miso::kernels::q6k_gemv_kernel<2048u, 256, 2>(miso::kernels::Q6kGemvParams) [clone .kd]",1,1,102141,1553930,1553930,122880,256,0,0,60,0,32,64,0x0,0x73c6a5073000,43.7860310758,97.7432971985,1920,0.0000000000,13.5843077962,0,48128,1430784,0,48298593591986,48298593905179,48298593957339,48298600019459
101838,"void miso::kernels::q4k_gemv_kernel<(miso::kernels::ActFormat)1, 2048u, 256, 4>(miso::kernels::Q4kGemvParams) [clone .kd]",1,1,102142,1553930,1553930,61440,256,0,0,72,0,48,64,0x0,0x73c6a5072f40,21.7645194620,96.7213670645,960,0.0000000000,4.5944944306,0,16000,496080,0,48298593723717,48298593957339,48298593997019,48298599879572
101839,"void miso::kernels::deltanet_step_kernel<256>(miso::kernels::DeltaNetStepParams) [clone .kd]",1,1,102143,1553930,1553930,8192,256,3072,0,184,0,64,64,0x0,0x73c6a5051400,3.4741586022,99.7167266187,128,0.0000000000,1.3323484968,1887,9536,84096,7616,48298593880712,48298593997019,48298594038779,48298599754290
101840,"void miso::kernels::q4k_gemv_kernel<(miso::kernels::ActFormat)1, 4096u, 256, 4>(miso::kernels::Q4kGemvParams) [clone .kd]",1,1,102144,1553930,1553930,61440,256,0,0,112,0,48,64,0x0,0x73c6a5072fc0,13.4096038188,97.3200163892,960,0.0000000000,1.2521775048,0,16384,451392,0,48298594010798,48298594038779,48298594230779,48298599618397
101841,"void miso::kernels::add_rmsnorm_kernel<2048u, 512>(miso::kernels::AddRmsNormParams, unsigned int) [clone .kd]",1,1,102145,1553930,1553930,512,512,512,0,28,0,32,64,0x0,0x73c6a508d680,0.0423599804,98.7695312500,8,0.0000000000,0.3997200899,16,96,616,24,48298594188917,48298594230779,48298594353658,48298599435970
101842,"void miso::kernels::moe_router_kernel<256>(miso::kernels::MoeRouterParams) [clone .kd]",1,1,102146,1553930,1553930,16640,256,0,0,36,0,32,64,0x0,0x73c6a4de3580,1.6199036323,94.2115461618,260,0.0000000000,0.5007379296,0,3084,25709,0,48298594332976,48298594353658,48298594500218,48298599183061
101843,"void miso::kernels::moe_gate_up_kernel<256>(miso::kernels::MoeGateUpParams) [clone .kd]",1,1,102147,1553930,1553930,30720,256,512,0,64,0,48,64,0x0,0x73c6a4de35c0,29.3937843599,83.4065494903,480,0.0000000000,1.2887003938,908,23712,1256456,10593,48298594479128,48298594500218,48298594688058,48298598956425
101844,"void miso::kernels::moe_down_kernel<(miso::kernels::QType)1, 256>(miso::kernels::MoeDownParams) [clone .kd]",1,1,102148,1553930,1553930,30720,256,9728,0,108,0,32,64,0x0,0x73c6a4de3640,28.3097994917,98.3554384894,480,1.2758110869,1.3727633390,2257,26976,1014536,9600,48298594633828,48298594688058,48298594811898,48298598955454
101845,"void miso::kernels::add_rmsnorm_kernel<2048u, 512>(miso::kernels::AddRmsNormParams, unsigned int) [clone .kd]",1,1,102149,1553930,1553930,512,512,512,0,28,0,32,64,0x0,0x73c6a508d680,0.0443908056,98.7695312500,8,0.0000000000,0.3969057551,18,96,616,24,48298594761164,48298594811898,48298594915257,48298622504706
101846,"void miso::kernels::q6k_gemv_kernel<2048u, 256, 2>(miso::kernels::Q6kGemvParams) [clone .kd]",1,1,102150,1553930,1553930,122880,256,0,0,60,0,32,64,0x0,0x73c6a5073000,36.0114218137,97.7438389448,1920,0.0000000000,11.8094936415,0,48128,1430784,0,48298594893844,48298594915257,48298595097977,48298622392973
101847,"void miso::kernels::q4k_gemv_kernel<(miso::kernels::ActFormat)1, 2048u, 256, 4>(miso::kernels::Q4kGemvParams) [clone .kd]",1,1,102151,1553930,1553930,61440,256,0,0,72,0,48,64,0x0,0x73c6a5072f40,17.7976342620,96.7211741380,960,0.0000000000,5.4800896915,0,16000,496080,0,48298595049999,48298595097977,48298595219737,48298622285229
101848,"void miso::kernels::deltanet_step_kernel<256>(miso::kernels::DeltaNetStepParams) [clone .kd]",1,1,102152,1553930,1553930,8192,256,3072,0,184,0,64,64,0x0,0x73c6a5051400,3.2045186018,99.7167266187,128,0.0000000000,3.4639169243,1653,9536,84096,7616,48298595186728,48298595219737,48298595405657,48298622171294
101849,"void miso::kernels::q4k_gemv_kernel<(miso::kernels::ActFormat)1, 4096u, 256, 4>(miso::kernels::Q4kGemvParams) [clone .kd]",1,1,102153,1553930,1553930,61440,256,0,0,112,0,48,64,0x0,0x73c6a5072fc0,14.1846178843,97.3204451533,960,0.0000000000,1.9767748746,0,16384,451392,0,48298595372870,48298595405657,48298595593816,48298622059118
101850,"void miso::kernels::add_rmsnorm_kernel<2048u, 512>(miso::kernels::AddRmsNormParams, unsigned int) [clone .kd]",1,1,102154,1553930,1553930,512,512,512,0,28,0,32,64,0x0,0x73c6a508d680,0.0424577744,98.7695312500,8,0.0000000000,0.8728313361,19,96,616,24,48298595548413,48298595593816,48298595701176,48298621946167
101851,"void miso::kernels::moe_router_kernel<256>(miso::kernels::MoeRouterParams) [clone .kd]",1,1,102155,1553930,1553930,16640,256,0,0,36,0,32,64,0x0,0x73c6a4de3580,1.7477805327,94.2115461618,260,0.0000000000,6.3638592389,0,3084,25709,0,48298595679188,48298595701176,48298595830616,48298621838992
101852,"void miso::kernels::moe_gate_up_kernel<256>(miso::kernels::MoeGateUpParams) [clone .kd]",1,1,102156,1553930,1553930,30720,256,512,0,64,0,48,64,0x0,0x73c6a4de35c0,26.8531388250,83.4082702232,480,0.0000000000,2.8432829187,734,23712,1256456,10593,48298595806457,48298595830616,48298596014935,48298621725440
101853,"void miso::kernels::moe_down_kernel<(miso::kernels::QType)1, 256>(miso::kernels::MoeDownParams) [clone .kd]",1,1,102157,1553930,1553930,30720,256,9728,0,108,0,32,64,0x0,0x73c6a4de3640,28.5659603478,98.3640002543,480,1.2874673104,1.1398323562,2327,26976,1014536,9600,48298595957610,48298596014935,48298596160695,48298621612850
101854,"void miso::kernels::add_rmsnorm_kernel<2048u, 512>(miso::kernels::AddRmsNormParams, unsigned int) [clone .kd]",1,1,102158,1553930,1553930,512,512,512,0,28,0,32,64,0x0,0x73c6a508d680,0.0389464972,98.7695312500,8,0.0000000000,1.5004830918,16,96,616,24,48298596116247,48298596160695,48298596282295,48298621501630
101855,"void miso::kernels::q6k_gemv_kernel<2048u, 256, 2>(miso::kernels::Q6kGemvParams) [clone .kd]",1,1,102159,1553930,1553930,122880,256,0,0,60,0,32,64,0x0,0x73c6a5073000,39.3300089921,97.7444484166,1920,0.0000000000,11.8605434539,0,48128,1430784,0,48298596258199,48298596282295,48298596443895,48298621394623
101856,"void miso::kernels::q4k_gemv_kernel<(miso::kernels::ActFormat)1, 2048u, 256, 4>(miso::kernels::Q4kGemvParams) [clone .kd]",1,1,102160,1553930,1553930,61440,256,0,0,72,0,48,64,0x0,0x73c6a5072f40,16.0082442495,96.7171228601,960,0.0000000000,5.3242417716,0,16000,496080,0,48298596397825,48298596443895,48298596557975,48298621286291
101857,"void miso::kernels::deltanet_step_kernel<256>(miso::kernels::DeltaNetStepParams) [clone .kd]",1,1,102161,1553930,1553930,8192,256,3072,0,184,0,64,64,0x0,0x73c6a5051400,3.4215647813,99.7167266187,128,0.0000000000,3.1713106516,1602,9536,84096,7616,48298596521112,48298596557975,48298596698294,48298621175887
101858,"void miso::kernels::q4k_gemv_kernel<(miso::kernels::ActFormat)1, 4096u, 256, 4>(miso::kernels::Q4kGemvParams) [clone .kd]",1,1,102162,1553930,1553930,61440,256,0,0,112,0,48,64,0x0,0x73c6a5072fc0,10.4240549639,97.3210883065,960,0.0000000000,1.5819755132,0,16384,451392,0,48298596665725,48298596698294,48298596852534,48298621064975
101859,"void miso::kernels::add_rmsnorm_kernel<2048u, 512>(miso::kernels::AddRmsNormParams, unsigned int) [clone .kd]",1,1,102163,1553930,1553930,512,512,512,0,28,0,32,64,0x0,0x73c6a508d680,0.0467241958,98.7695312500,8,0.0000000000,0.3722703501,16,96,616,24,48298596797191,48298596852534,48298596944534,48298620950531
101860,"void miso::kernels::moe_router_kernel<256>(miso::kernels::MoeRouterParams) [clone .kd]",1,1,102164,1553930,1553930,16640,256,0,0,36,0,32,64,0x0,0x73c6a4de3580,1.6536758863,94.2115461618,260,0.0000000000,0.4720597135,0,3084,25709,0,48298596922406,48298596944534,48298597075574,48298620841270
101861,"void miso::kernels::moe_gate_up_kernel<256>(miso::kernels::MoeGateUpParams) [clone .kd]",1,1,102165,1553930,1553930,30720,256,512,0,64,0,48,64,0x0,0x73c6a4de35c0,30.6361590959,83.4076966298,480,0.0000000000,2.1171205388,802,23712,1256456,10593,48298597053261,48298597075574,48298597232053,48298620721596
101862,"void miso::kernels::moe_down_kernel<(miso::kernels::QType)1, 256>(miso::kernels::MoeDownParams) [clone .kd]",1,1,102166,1553930,1553930,30720,256,9728,0,108,0,32,64,0x0,0x73c6a4de3640,29.2942602238,98.3571699621,480,1.3202000928,0.6077558908,2272,26976,1014536,9600,48298597177389,48298597232053,48298597341493,48298620611284
101863,"void miso::kernels::add_rmsnorm_kernel<2048u, 512>(miso::kernels::AddRmsNormParams, unsigned int) [clone .kd]",1,1,102167,1553930,1553930,512,512,512,0,28,0,32,64,0x0,0x73c6a508d680,0.0446621725,98.7695312500,8,0.0000000000,0.3925911013,16,96,616,24,48298597299264,48298597341493,48298597445013,48298620500644
101864,"void miso::kernels::q4k_gemv_kernel<(miso::kernels::ActFormat)1, 2048u, 256, 4>(miso::kernels::Q4kGemvParams) [clone .kd]",1,1,102168,1553930,1553930,61440,256,0,0,72,0,48,64,0x0,0x73c6a5072f40,23.1138808334,96.1684255486,960,0.0000000000,9.4925035226,0,25088,888000,0,48298597421919,48298597445013,48298597593813,48298620392501
101865,"void miso::kernels::q6k_gemv_kernel<2048u, 256, 1>(miso::kernels::Q6kGemvParams) [clone .kd]",1,1,102169,1553930,1553930,61440,256,0,0,60,0,32,64,0x0,0x73c6a5073040,9.5646448067,97.9865503961,960,0.0000000000,0.3326176481,0,6144,149312,0,48298597547992,48298597593813,48298597695893,48298620282606
101866,"void miso::kernels::attn_prep_kernel<256>(miso::kernels::AttnPrepParams) [clone .kd]",1,1,102170,1553930,1553930,4608,256,1536,0,28,0,64,64,0x0,0x73c6a5032400,0.3820509497,97.9857708255,72,0.0000000000,0.8490947482,95,170,4946,288,48298597672037,48298597695893,48298597817652,48298620170260
101867,"void miso::kernels::attn_split_kernel<256>(miso::kernels::AttnSplitParams) [clone .kd]",1,1,102171,1553930,1553930,4608,256,26112,0,96,0,48,64,0x0,0x73c6a5032440,3.1531620472,96.7522895087,72,0.5449564380,0.1642804039,5203,1136,75074,22824,48298597796624,48298597817652,48298597955412,48298620056327
101868,"void miso::kernels::attn_combine_kernel<256>(miso::kernels::AttnCombineParams) [clone .kd]",1,1,102172,1553930,1553930,4096,256,0,0,16,0,32,64,0x0,0x73c6a5032480,0.6793099000,99.4561464088,64,0.0000000000,0.1966363406,0,2368,9152,0,48298597924412,48298597955412,48298598079892,48298619938229
101869,"void miso::kernels::q4k_gemv_kernel<(miso::kernels::ActFormat)1, 4096u, 256, 4>(miso::kernels::Q4kGemvParams) [clone .kd]",1,1,102173,1553930,1553930,61440,256,0,0,112,0,48,64,0x0,0x73c6a5072fc0,14.4125472267,97.3213026928,960,0.0000000000,1.5062937318,0,16384,451392,0,48298598054872,48298598079892,48298598215252,48298619576353
101870,"void miso::kernels::add_rmsnorm_kernel<2048u, 512>(miso::kernels::AddRmsNormParams, unsigned int) [clone .kd]",1,1,102174,1553930,1553930,512,512,512,0,28,0,32,64,0x0,0x73c6a508d680,0.0426956997,98.7695312500,8,0.0000000000,0.4375288538,19,96,616,24,48298598176042,48298598215252,48298598331092,48298619390548
101871,"void miso::kernels::moe_router_kernel<256>(miso::kernels::MoeRouterParams) [clone .kd]",1,1,102175,1553930,1553930,16640,256,0,0,36,0,32,64,0x0,0x73c6a4de3580,1.7677155800,94.2115461618,260,0.0000000000,0.2750809061,0,3084,25709,0,48298598307989,48298598331092,48298598457011,48298619242272
101872,"void miso::kernels::moe_gate_up_kernel<256>(miso::kernels::MoeGateUpParams) [clone .kd]",1,1,102176,1553930,1553930,30720,256,512,0,64,0,48,64,0x0,0x73c6a4de35c0,30.9229592487,83.4184175931,480,0.0000000000,1.6957717649,767,23712,1256456,10593,48298598432648,48298598457011,48298598622131,48298619110711
101873,"void miso::kernels::moe_down_kernel<(miso::kernels::QType)1, 256>(miso::kernels::MoeDownParams) [clone .kd]",1,1,102177,1553930,1553930,30720,256,9728,0,108,0,32,64,0x0,0x73c6a4de3640,30.1185910465,98.3568813791,480,1.3573461056,1.1289425013,2373,26976,1014536,9600,48298598567787,48298598622131,48298598750291,48298618984187
101874,"void miso::kernels::add_rmsnorm_kernel<2048u, 512>(miso::kernels::AddRmsNormParams, unsigned int) [clone .kd]",1,1,102178,1553930,1553930,512,512,512,0,28,0,32,64,0x0,0x73c6a508d680,0.0464758253,98.7695312500,8,0.0000000000,0.3731343284,16,96,616,24,48298598708365,48298598750291,48298598857331,48298618852928
101875,"void miso::kernels::q6k_gemv_kernel<2048u, 256, 2>(miso::kernels::Q6kGemvParams) [clone .kd]",1,1,102179,1553930,1553930,122880,256,0,0,60,0,32,64,0x0,0x73c6a5073000,35.2109222910,97.7462768777,1920,0.0000000000,11.9681384267,0,48128,1430784,0,48298598829078,48298598857331,48298599307569,48298618716555
101876,"void miso::kernels::q4k_gemv_kernel<(miso::kernels::ActFormat)1, 2048u, 256, 4>(miso::kernels::Q4kGemvParams) [clone .kd]",1,1,102180,1553930,1553930,61440,256,0,0,72,0,48,64,0x0,0x73c6a5072f40,16.6451190927,96.7205953632,960,0.0000000000,5.4229411894,0,16000,496080,0,48298599262041,48298599307569,48298607657475,48298618591847
101877,"void miso::kernels::deltanet_step_kernel<256>(miso::kernels::DeltaNetStepParams) [clone .kd]",1,1,102181,1553930,1553930,8192,256,3072,0,184,0,64,64,0x0,0x73c6a5051400,3.3021529324,99.7167266187,128,0.0000000000,1.7897861965,1608,9536,84096,7616,48298607632364,48298607657475,48298607865634,48298618462935
101878,"void miso::kernels::q4k_gemv_kernel<(miso::kernels::ActFormat)1, 4096u, 256, 4>(miso::kernels::Q4kGemvParams) [clone .kd]",1,1,102182,1553930,1553930,61440,256,0,0,112,0,48,64,0x0,0x73c6a5072fc0,14.1691792922,97.3206595367,960,0.0000000000,1.7382001719,0,16384,451392,0,48298607833956,48298607865634,48298608010754,48298618331947
101879,"void miso::kernels::add_rmsnorm_kernel<2048u, 512>(miso::kernels::AddRmsNormParams, unsigned int) [clone .kd]",1,1,102183,1553930,1553930,512,512,512,0,28,0,32,64,0x0,0x73c6a508d680,0.0409045008,98.7695312500,8,0.0000000000,0.4006975875,17,96,616,24,48298607973326,48298608010754,48298608137634,48298618203089
101880,"void miso::kernels::moe_router_kernel<256>(miso::kernels::MoeRouterParams) [clone .kd]",1,1,102184,1553930,1553930,16640,256,0,0,36,0,32,64,0x0,0x73c6a4de3580,1.6462013635,94.2115461618,260,0.0000000000,0.4410077918,0,3084,25709,0,48298608114643,48298608137634,48298608263874,48298618074330
101881,"void miso::kernels::moe_gate_up_kernel<256>(miso::kernels::MoeGateUpParams) [clone .kd]",1,1,102185,1553930,1553930,30720,256,512,0,64,0,48,64,0x0,0x73c6a4de35c0,28.8313260437,83.4059769423,480,0.0000000000,1.3206939680,834,23712,1256456,10593,48298608240713,48298608263874,48298608434913,48298617939358
101882,"void miso::kernels::moe_down_kernel<(miso::kernels::QType)1, 256>(miso::kernels::MoeDownParams) [clone .kd]",1,1,102186,1553930,1553930,30720,256,9728,0,108,0,32,64,0x0,0x73c6a4de3640,29.2291309320,98.3615951136,480,1.3173241852,1.6217365422,2327,26976,1014536,9600,48298608377280,48298608434913,48298608547873,48298617756031
101883,"void miso::kernels::add_rmsnorm_kernel<2048u, 512>(miso::kernels::AddRmsNormParams, unsigned int) [clone .kd]",1,1,102187,1553930,1553930,512,512,512,0,28,0,32,64,0x0,0x73c6a508d680,0.0420775805,98.7695312500,8,0.0000000000,0.4115534271,13,96,616,24,48298608504028,48298608547873,48298608652193,48298617522220
101884,"void miso::kernels::q4k_gemv_kernel<(miso::kernels::ActFormat)1, 2048u, 256, 4>(miso::kernels::Q4kGemvParams) [clone .kd]",1,1,102188,1553930,1553930,61440,256,0,0,72,0,48,64,0x0,0x73c6a5072f40,27.5352472392,95.9909249552,960,0.0000000000,10.8797839003,0,32384,1202640,0,48298608628965,48298608652193,48298608810273,48298617256751
101885,"void miso::kernels::deltanet_step_kernel<256>(miso::kernels::DeltaNetStepParams) [clone .kd]",1,1,102189,1553930,1553930,8192,256,3072,0,184,0,64,64,0x0,0x73c6a5051400,3.3318352060,99.7167266187,128,0.0000000000,6.3175871252,1753,9536,84096,7616,48298608757489,48298608810273,48298608925793,48298617119746
101886,"void miso::kernels::q4k_gemv_kernel<(miso::kernels::ActFormat)1, 4096u, 256, 4>(miso::kernels::Q4kGemvParams) [clone .kd]",1,1,102190,1553930,1553930,61440,256,0,0,112,0,48,64,0x0,0x73c6a5072fc0,13.7949980247,97.3213026928,960,0.0000000000,1.2099810811,0,16384,451392,0,48298608894089,48298608925793,48298609068672,48298616997543
101887,"void miso::kernels::add_rmsnorm_kernel<2048u, 512>(miso::kernels::AddRmsNormParams, unsigned int) [clone .kd]",1,1,102191,1553930,1553930,512,512,512,0,28,0,32,64,0x0,0x73c6a508d680,0.0418251448,98.7695312500,8,0.0000000000,0.4277933585,19,96,616,24,48298609021733,48298609068672,48298609171232,48298616877987
101888,"void miso::kernels::moe_router_kernel<256>(miso::kernels::MoeRouterParams) [clone .kd]",1,1,102192,1553930,1553930,16640,256,0,0,36,0,32,64,0x0,0x73c6a4de3580,1.5855826440,94.2115461618,260,0.0000000000,0.4567220635,0,3084,25709,0,48298609148236,48298609171232,48298609387072,48298616750883
101889,"void miso::kernels::moe_gate_up_kernel<256>(miso::kernels::MoeGateUpParams) [clone .kd]",1,1,102193,1553930,1553930,30720,256,512,0,64,0,48,64,0x0,0x73c6a4de35c0,29.1003700791,83.4080394008,480,0.0000000000,1.2998672315,788,23712,1256456,10593,48298609365322,48298609387072,48298609607391,48298616580576
101890,"void miso::kernels::moe_down_kernel<(miso::kernels::QType)0, 256>(miso::kernels::MoeDownParams) [clone .kd]",1,1,102194,1553930,1553930,30720,256,9728,0,84,0,32,64,0x0,0x73c6a4de3600,20.0263132913,96.6184853149,480,4.1009576021,1.1718061674,944,14688,667240,9600,48298609552171,48298609607391,48298609733951,48298616382309
101891,"void miso::kernels::add_rmsnorm_kernel<2048u, 512>(miso::kernels::AddRmsNormParams, unsigned int) [clone .kd]",1,1,102195,1553930,1553930,512,512,512,0,28,0,32,64,0x0,0x73c6a508d680,0.0425611151,98.7695312500,8,0.0000000000,0.4133282462,22,96,616,24,48298609692916,48298609733951,48298609845311,48298616380912
101892,"void miso::kernels::q4k_gemv_kernel<(miso::kernels::ActFormat)1, 2048u, 256, 4>(miso::kernels::Q4kGemvParams) [clone .kd]",1,1,102196,1553930,1553930,61440,256,0,0,72,0,48,64,0x0,0x73c6a5072f40,27.1072410755,95.9900582534,960,0.0000000000,10.0920236966,0,32384,1202640,0,48298609815635,48298609845311,48298610000511,48298636384102
101893,"void miso::kernels::deltanet_step_kernel<256>(miso::kernels::DeltaNetStepParams) [clone .kd]",1,1,102197,1553930,1553930,8192,256,3072,0,184,0,64,64,0x0,0x73c6a5051400,3.2492530663,99.7167266187,128,0.0000000000,2.0323977940,1761,9536,84096,7616,48298609949002,48298610000511,48298610115711,48298636275735
101894,"void miso::kernels::q4k_gemv_kernel<(miso::kernels::ActFormat)1, 4096u, 256, 4>(miso::kernels::Q4kGemvParams) [clone .kd]",1,1,102198,1553930,1553930,61440,256,0,0,112,0,48,64,0x0,0x73c6a5072fc0,13.4919247939,97.3213026928,960,0.0000000000,1.2398311100,0,16384,451392,0,48298610085688,48298610115711,48298610258910,48298636160220
101895,"void miso::kernels::add_rmsnorm_kernel<2048u, 512>(miso::kernels::AddRmsNormParams, unsigned int) [clone .kd]",1,1,102199,1553930,1553930,512,512,512,0,28,0,32,64,0x0,0x73c6a508d680,0.0412079068,98.7695312500,8,0.0000000000,0.4965082953,19,96,616,24,48298610218306,48298610258910,48298610378430,48298636043619
101896,"void miso::kernels::moe_router_kernel<256>(miso::kernels::MoeRouterParams) [clone .kd]",1,1,102200,1553930,1553930,16640,256,0,0,36,0,32,64,0x0,0x73c6a4de3580,1.8465080908,94.2115461618,260,0.0000000000,0.5118328084,0,3084,25709,0,48298610355213,48298610378430,48298610563070,48298635926358
101897,"void miso::kernels::moe_gate_up_kernel<256>(miso::kernels::MoeGateUpParams) [clone .kd]",1,1,102201,1553930,1553930,30720,256,512,0,64,0,48,64,0x0,0x73c6a4de35c0,28.9608121432,83.4005981698,480,0.0000000000,2.3074053348,714,23712,1256456,10593,48298610541069,48298610563070,48298610775869,48298635812292
101898,"void miso::kernels::moe_down_kernel<(miso::kernels::QType)0, 256>(miso::kernels::MoeDownParams) [clone .kd]",1,1,102202,1553930,1553930,30720,256,9728,0,84,0,32,64,0x0,0x73c6a4de3600,20.4560191498,96.6129038231,480,4.1887101173,1.4779170275,1067,14688,667240,9600,48298610713070,48298610775869,48298610884509,48298635697197
101899,"void miso::kernels::add_rmsnorm_kernel<2048u, 512>(miso::kernels::AddRmsNormParams, unsigned int) [clone .kd]",1,1,102203,1553930,1553930,512,512,512,0,28,0,32,64,0x0,0x73c6a508d680,0.0436907785,98.7695312500,8,0.0000000000,1.5424314152,14,96,616,24,48298610844739,48298610884509,48298610987549,48298635576186
101900,"void miso::kernels::q4k_gemv_kernel<(miso::kernels::ActFormat)1, 2048u, 256, 4>(miso::kernels::Q4kGemvParams) [clone .kd]",1,1,102204,1553930,1553930,61440,256,0,0,72,0,48,64,0x0,0x73c6a5072f40,24.8098108042,96.1692812842,960,0.0000000000,10.4236512012,0,25088,888000,0,48298610964144,48298610987549,48298611148189,48298635467109
101901,"void miso::kernels::q6k_gemv_kernel<2048u, 256, 1>(miso::kernels::Q6kGemvParams) [clone .kd]",1,1,102205,1553930,1553930,61440,256,0,0,60,0,32,64,0x0,0x73c6a5073040,8.8135940999,97.9878539548,960,0.0000000000,0.3448407985,0,6144,149312,0,48298611102953,48298611148189,48298611259709,48298635353886
101902,"void miso::kernels::attn_prep_kernel<256>(miso::kernels::AttnPrepParams) [clone .kd]",1,1,102206,1553930,1553930,4608,256,1536,0,28,0,64,64,0x0,0x73c6a5032400,0.4058809130,97.9857708255,72,0.0000000000,0.8061353436,96,170,4946,288,48298611228422,48298611259709,48298611373308,48298635237784
101903,"void miso::kernels::attn_split_kernel<256>(miso::kernels::AttnSplitParams) [clone .kd]",1,1,102207,1553930,1553930,4608,256,26112,0,96,0,48,64,0x0,0x73c6a5032440,2.9652926067,96.7522895087,72,0.5124872342,0.1542599017,5555,1136,75074,22824,48298611351697,48298611373308,48298611508348,48298635108873
101904,"void miso::kernels::attn_combine_kernel<256>(miso::kernels::AttnCombineParams) [clone .kd]",1,1,102208,1553930,1553930,4096,256,0,0,16,0,32,64,0x0,0x73c6a5032480,0.4924541938,99.4561464088,64,0.0000000000,0.1434010470,0,2368,9152,0,48298611476062,48298611508348,48298611625948,48298634882664
101905,"void miso::kernels::q4k_gemv_kernel<(miso::kernels::ActFormat)1, 4096u, 256, 4>(miso::kernels::Q4kGemvParams) [clone .kd]",1,1,102209,1553930,1553930,61440,256,0,0,112,0,48,64,0x0,0x73c6a5072fc0,13.6935012911,97.3204451533,960,0.0000000000,1.5439654397,0,16384,451392,0,48298611600637,48298611625948,48298611771868,48298634762402
101906,"void miso::kernels::add_rmsnorm_kernel<2048u, 512>(miso::kernels::AddRmsNormParams, unsigned int) [clone .kd]",1,1,102210,1553930,1553930,512,512,512,0,28,0,32,64,0x0,0x73c6a508d680,0.0435498578,98.7695312500,8,0.0000000000,0.4188264566,16,96,616,24,48298611730699,48298611771868,48298611889148,48298634641118
101907,"void miso::kernels::moe_router_kernel<256>(miso::kernels::MoeRouterParams) [clone .kd]",1,1,102211,1553930,1553930,16640,256,0,0,36,0,32,64,0x0,0x73c6a4de3580,1.6681934425,94.2115461618,260,0.0000000000,0.2853598015,0,3084,25709,0,48298611867183,48298611889148,48298612020667,48298634529952
101908,"void miso::kernels::moe_gate_up_kernel<256>(miso::kernels::MoeGateUpParams) [clone .kd]",1,1,102212,1553930,1553930,30720,256,512,0,64,0,48,64,0x0,0x73c6a4de35c0,28.7480631894,83.4068061996,480,0.0000000000,1.4935064935,643,23712,1256456,10593,48298611995454,48298612020667,48298612186747,48298634408531
101909,"void miso::kernels::moe_down_kernel<(miso::kernels::QType)1, 256>(miso::kernels::MoeDownParams) [clone .kd]",1,1,102213,1553930,1553930,30720,256,9728,0,108,0,32,64,0x0,0x73c6a4de3640,29.6253092966,98.3570737676,480,1.3351181267,0.8451091027,2258,26976,1014536,9600,48298612129794,48298612186747,48298612301147,48298634272538
101910,"void miso::kernels::add_rmsnorm_kernel<2048u, 512>(miso::kernels::AddRmsNormParams, unsigned int) [clone .kd]",1,1,102214,1553930,1553930,512,512,512,0,28,0,32,64,0x0,0x73c6a508d680,0.0437248070,98.7695312500,8,0.0000000000,0.4812391110,16,96,616,24,48298612254797,48298612301147,48298612398107,48298634120451
101911,"void miso::kernels::q4k_gemv_kernel<(miso::kernels::ActFormat)1, 2048u, 256, 4>(miso::kernels::Q4kGemvParams) [clone .kd]",1,1,102215,1553930,1553930,61440,256,0,0,72,0,48,64,0x0,0x73c6a5072f40,27.0927398552,95.9876158145,960,0.0000000000,12.6249879654,0,32384,1202640,0,48298612376367,48298612398107,48298612562426,48298633970087
101912,"void miso::kernels::deltanet_step_kernel<256>(miso::kernels::DeltaNetStepParams) [clone .kd]",1,1,102216,1553930,1553930,8192,256,3072,0,184,0,64,64,0x0,0x73c6a5051400,3.3425765193,99.7167266187,128,0.0000000000,1.8254215074,1429,9536,84096,7616,48298612507054,48298612562426,48298612674746,48298633833140
101913,"void miso::kernels::q4k_gemv_kernel<(miso::kernels::ActFormat)1, 4096u, 256, 4>(miso::kernels::Q4kGemvParams) [clone .kd]",1,1,102217,1553930,1553930,61440,256,0,0,112,0,48,64,0x0,0x73c6a5072fc0,13.7853169108,97.3204451533,960,0.0000000000,1.6161948650,0,16384,451392,0,48298612641760,48298612674746,48298612820186,48298633720876
101914,"void miso::kernels::add_rmsnorm_kernel<2048u, 512>(miso::kernels::AddRmsNormParams, unsigned int) [clone .kd]",1,1,102218,1553930,1553930,512,512,512,0,28,0,32,64,0x0,0x73c6a508d680,0.0431098358,98.7695312500,8,0.0000000000,0.4426530017,20,96,616,24,48298612780435,48298612820186,48298612936506,48298633609728
101915,"void miso::kernels::moe_router_kernel<256>(miso::kernels::MoeRouterParams) [clone .kd]",1,1,102219,1553930,1553930,16640,256,0,0,36,0,32,64,0x0,0x73c6a4de3580,1.5339931908,94.2115461618,260,0.0000000000,0.5465404553,0,3084,25709,0,48298612913664,48298612936506,48298613076666,48298633495388
101916,"void miso::kernels::moe_gate_up_kernel<256>(miso::kernels::MoeGateUpParams) [clone .kd]",1,1,102220,1553930,1553930,30720,256,512,0,64,0,48,64,0x0,0x73c6a4de35c0,29.0038879147,83.4048930593,480,0.0000000000,1.7371133382,845,23712,1256456,10593,48298613051884,48298613076666,48298613247385,48298633387588
101917,"void miso::kernels::moe_down_kernel<(miso::kernels::QType)0, 256>(miso::kernels::MoeDownParams) [clone .kd]",1,1,102221,1553930,1553930,30720,256,9728,0,84,0,32,64,0x0,0x73c6a4de3600,19.1210226082,96.6167678641,480,3.9155039682,1.0728808531,921,14688,667240,9600,48298613190400,48298613247385,48298613359545,48298633275126
101918,"void miso::kernels::add_rmsnorm_kernel<2048u, 512>(miso::kernels::AddRmsNormParams, unsigned int) [clone .kd]",1,1,102222,1553930,1553930,512,512,512,0,28,0,32,64,0x0,0x73c6a508d680,0.0423650277,98.7695312500,8,0.0000000000,0.4134578967,30,96,616,24,48298613316855,48298613359545,48298613483545,48298633126261
101919,"void miso::kernels::q4k_gemv_kernel<(miso::kernels::ActFormat)1, 2048u, 256, 4>(miso::kernels::Q4kGemvParams) [clone .kd]",1,1,102223,1553930,1553930,61440,256,0,0,72,0,48,64,0x0,0x73c6a5072f40,26.9933484887,95.9913977082,960,0.0000000000,10.7946093483,0,32384,1202640,0,48298613460377,48298613483545,48298613666585,48298633014217
101920,"void miso::kernels::deltanet_step_kernel<256>(miso::kernels::DeltaNetStepParams) [clone .kd]",1,1,102224,1553930,1553930,8192,256,3072,0,184,0,64,64,0x0,0x73c6a5051400,3.2998011810,99.7167266187,128,0.0000000000,2.1652009351,1957,9536,84096,7616,48298613614796,48298613666585,48298613797304,48298632903704
101921,"void miso::kernels::q4k_gemv_kernel<(miso::kernels::ActFormat)1, 4096u, 256, 4>(miso::kernels::Q4kGemvParams) [clone .kd]",1,1,102225,1553930,1553930,61440,256,0,0,112,0,48,64,0x0,0x73c6a5072fc0,13.2912011337,97.3210883065,960,0.0000000000,1.6510628717,0,16384,451392,0,48298613765895,48298613797304,48298613943224,48298632794873
101922,"void miso::kernels::add_rmsnorm_kernel<2048u, 512>(miso::kernels::AddRmsNormParams, unsigned int) [clone .kd]",1,1,102226,1553930,1553930,512,512,512,0,28,0,32,64,0x0,0x73c6a508d680,0.0429587864,98.7695312500,8,0.0000000000,0.4012358479,17,96,616,24,48298613903369,48298613943224,48298614152184,48298632678189
101923,"void miso::kernels::moe_router_kernel<256>(miso::kernels::MoeRouterParams) [clone .kd]",1,1,102227,1553930,1553930,16640,256,0,0,36,0,32,64,0x0,0x73c6a4de3580,1.6796694850,94.2115461618,260,0.0000000000,0.4834938374,0,3084,25709,0,48298614128304,48298614152184,48298614313943,48298632571361
101924,"void miso::kernels::moe_gate_up_kernel<256>(miso::kernels::MoeGateUpParams) [clone .kd]",1,1,102228,1553930,1553930,30720,256,512,0,64,0,48,64,0x0,0x73c6a4de35c0,26.9623825226,83.4099211030,480,0.0000000000,2.1977702938,678,23712,1256456,10593,48298614283166,48298614313943,48298614577463,48298632461324
101925,"void miso::kernels::moe_down_kernel<(miso::kernels::QType)0, 256>(miso::kernels::MoeDownParams) [clone .kd]",1,1,102229,1553930,1553930,30720,256,9728,0,84,0,32,64,0x0,0x73c6a4de3600,19.1292212834,96.6147642487,480,3.9171016168,1.2002844605,949,14688,667240,9600,48298614524544,48298614577463,48298614767223,48298632354465
101926,"void miso::kernels::add_rmsnorm_kernel<2048u, 512>(miso::kernels::AddRmsNormParams, unsigned int) [clone .kd]",1,1,102230,1553930,1553930,512,512,512,0,28,0,32,64,0x0,0x73c6a508d680,0.0423566162,98.7695312500,8,0.0000000000,1.0487006343,16,96,616,24,48298614724293,48298614767223,48298614914742,48298632247460
101927,"void miso::kernels::q6k_gemv_kernel<2048u, 256, 2>(miso::kernels::Q6kGemvParams) [clone .kd]",1,1,102231,1553930,1553930,122880,256,0,0,60,0,32,64,0x0,0x73c6a5073000,34.9754046719,97.7449224555,1920,0.0000000000,11.2353844070,0,48128,1430784,0,48298614890424,48298614914742,48298615118902,48298632136233
101928,"void miso::kernels::q4k_gemv_kernel<(miso::kernels::ActFormat)1, 2048u, 256, 4>(miso::kernels::Q4kGemvParams) [clone .kd]",1,1,102232,1553930,1553930,61440,256,0,0,72,0,48,64,0x0,0x73c6a5072f40,16.6506576325,96.7250328135,960,0.0000000000,4.9552930077,0,16000,496080,0,48298615066911,48298615118902,48298615265142,48298632026123
101929,"void miso::kernels::deltanet_step_kernel<256>(miso::kernels::DeltaNetStepParams) [clone .kd]",1,1,102233,1553930,1553930,8192,256,3072,0,184,0,64,64,0x0,0x73c6a5051400,3.2363448512,99.7167266187,128,0.0000000000,2.0734097281,1708,9536,84096,7616,48298615223046,48298615265142,48298615457141,48298631910572
101930,"void miso::kernels::q4k_gemv_kernel<(miso::kernels::ActFormat)1, 4096u, 256, 4>(miso::kernels::Q4kGemvParams) [clone .kd]",1,1,102234,1553930,1553930,61440,256,0,0,112,0,48,64,0x0,0x73c6a5072fc0,12.9240760037,97.3210883065,960,0.0000000000,2.7971604190,0,16384,451392,0,48298615423910,48298615457141,48298615707221,48298631795198
101931,"void miso::kernels::add_rmsnorm_kernel<2048u, 512>(miso::kernels::AddRmsNormParams, unsigned int) [clone .kd]",1,1,102235,1553930,1553930,512,512,512,0,28,0,32,64,0x0,0x73c6a508d680,0.0414384316,98.7695312500,8,0.0000000000,0.9421018050,16,96,616,24,48298615663063,48298615707221,48298615823701,48298631685188
101932,"void miso::kernels::moe_router_kernel<256>(miso::kernels::MoeRouterParams) [clone .kd]",1,1,102236,1553930,1553930,16640,256,0,0,36,0,32,64,0x0,0x73c6a4de3580,1.7259013545,94.2115461618,260,0.0000000000,5.9714213180,0,3084,25709,0,48298615803022,48298615823701,48298615973461,48298631569431
101933,"void miso::kernels::moe_gate_up_kernel<256>(miso::kernels::MoeGateUpParams) [clone .kd]",1,1,102237,1553930,1553930,30720,256,512,0,64,0,48,64,0x0,0x73c6a4de35c0,29.3427548698,83.4127522747,480,0.0000000000,2.1813124588,710,23712,1256456,10593,48298615951543,48298615973461,48298616159220,48298631457622
101934,"void miso::kernels::moe_down_kernel<(miso::kernels::QType)1, 256>(miso::kernels::MoeDownParams) [clone .kd]",1,1,102238,1553930,1553930,30720,256,9728,0,108,0,32,64,0x0,0x73c6a4de3640,27.6692429261,98.3595748864,480,1.2469961681,1.4692352839,2525,26976,1014536,9600,48298616102161,48298616159220,48298616307380,48298631346201
101935,"void miso::kernels::add_rmsnorm_kernel<2048u, 512>(miso::kernels::AddRmsNormParams, unsigned int) [clone .kd]",1,1,102239,1553930,1553930,512,512,512,0,28,0,32,64,0x0,0x73c6a508d680,0.0291574411,98.7695312500,8,0.0000000000,1.0195161618,30,96,616,24,48298616255608,48298616307380,48298616687859,48298631234121
101936,"void miso::kernels::q4k_gemv_kernel<(miso::kernels::ActFormat)1, 2048u, 256, 4>(miso::kernels::Q4kGemvParams) [clone .kd]",1,1,102240,1553930,1553930,61440,256,0,0,72,0,48,64,0x0,0x73c6a5072f40,22.8443873229,96.1398564353,960,0.0000000000,8.7980716981,0,26112,932160,0,48298616654679,48298616687859,48298617897937,48298631115648
101937,"void miso::kernels::attn_prep_kernel<256>(miso::kernels::AttnPrepParams) [clone .kd]",1,1,102241,1553930,1553930,4608,256,1536,0,28,0,64,64,0x0,0x73c6a5032400,0.2823091248,97.9857708255,72,0.0000000000,0.8290683643,86,170,4946,288,48298617852659,48298617897937,48298619925454,48298630992893
101938,"void miso::kernels::attn_split_kernel<256>(miso::kernels::AttnSplitParams) [clone .kd]",1,1,102242,1553930,1553930,4608,256,26112,0,96,0,48,64,0x0,0x73c6a5032440,2.7750867056,96.7522895087,72,0.4796142233,0.1532115498,5933,1136,75074,22824,48298619908846,48298619925454,48298622841929,48298630877395
101939,"void miso::kernels::attn_combine_kernel<256>(miso::kernels::AttnCombineParams) [clone .kd]",1,1,102243,1553930,1553930,4096,256,0,0,16,0,32,64,0x0,0x73c6a5032480,0.4869641251,99.4561464088,64,0.0000000000,0.1371742112,0,2368,9152,0,48298622813029,48298622841929,48298622982089,48298630764104
101940,"void miso::kernels::q4k_gemv_kernel<(miso::kernels::ActFormat)1, 4096u, 256, 4>(miso::kernels::Q4kGemvParams) [clone .kd]",1,1,102244,1553930,1553930,61440,256,0,0,112,0,48,64,0x0,0x73c6a5072fc0,13.4963163810,97.3208739211,960,0.0000000000,1.3121978198,0,16384,451392,0,48298622959398,48298622982089,48298623143528,48298630651987
101941,"void miso::kernels::add_rmsnorm_kernel<2048u, 512>(miso::kernels::AddRmsNormParams, unsigned int) [clone .kd]",1,1,102245,1553930,1553930,512,512,512,0,28,0,32,64,0x0,0x73c6a508d680,0.0395926902,98.7695312500,8,0.0000000000,0.3603733840,17,96,616,24,48298623104360,48298623143528,48298623248328,48298630540270
101942,"void miso::kernels::moe_router_kernel<256>(miso::kernels::MoeRouterParams) [clone .kd]",1,1,102246,1553930,1553930,16640,256,0,0,36,0,32,64,0x0,0x73c6a4de3580,1.6227304793,94.2115461618,260,0.0000000000,0.2987296920,0,3084,25709,0,48298623224852,48298623248328,48298623379688,48298630426952
101943,"void miso::kernels::moe_gate_up_kernel<256>(miso::kernels::MoeGateUpParams) [clone .kd]",1,1,102247,1553930,1553930,30720,256,512,0,64,0,48,64,0x0,0x73c6a4de35c0,29.2709087496,83.4040055881,480,0.0000000000,1.4977965319,595,23712,1256456,10593,48298623355490,48298623379688,48298623541448,48298630311882
101944,"void miso::kernels::moe_down_kernel<(miso::kernels::QType)0, 256>(miso::kernels::MoeDownParams) [clone .kd]",1,1,102248,1553930,1553930,30720,256,9728,0,84,0,32,64,0x0,0x73c6a4de3600,19.6135341491,96.6157660460,480,4.0163162849,0.7778974543,1069,14688,667240,9600,48298623485688,48298623541448,48298623671528,48298630195892
101945,"void miso::kernels::add_rmsnorm_kernel<2048u, 512>(miso::kernels::AddRmsNormParams, unsigned int) [clone .kd]",1,1,102249,1553930,1553930,512,512,512,0,28,0,32,64,0x0,0x73c6a508d680,0.0362085158,98.7695312500,8,0.0000000000,1.0425514703,16,96,616,24,48298623629802,48298623671528,48298623837927,48298630080644
101946,"void miso::kernels::q4k_gemv_kernel<(miso::kernels::ActFormat)1, 2048u, 256, 4>(miso::kernels::Q4kGemvParams) [clone .kd]",1,1,102250,1553930,1553930,61440,256,0,0,72,0,48,64,0x0,0x73c6a5072f40,27.0334398438,95.9906885805,960,0.0000000000,12.0509876593,0,32384,1202640,0,48298623809493,48298623837927,48298624023847,48298629935863
101947,"void miso::kernels::deltanet_step_kernel<256>(miso::kernels::DeltaNetStepParams) [clone .kd]",1,1,102251,1553930,1553930,8192,256,3072,0,184,0,64,64,0x0,0x73c6a5051400,3.1478454102,99.7167266187,128,0.0000000000,2.2907747932,1651,9536,84096,7616,48298623967530,48298624023847,48298624200967,48298629819807
101948,"void miso::kernels::q4k_gemv_kernel<(miso::kernels::ActFormat)1, 4096u, 256, 4>(miso::kernels::Q4kGemvParams) [clone .kd]",1,1,102252,1553930,1553930,61440,256,0,0,112,0,48,64,0x0,0x73c6a5072fc0,13.8419412479,97.3213026928,960,0.0000000000,2.0430279034,0,16384,451392,0,48298624163642,48298624200967,48298624421446,48298629694243
101949,"void miso::kernels::add_rmsnorm_kernel<2048u, 512>(miso::kernels::AddRmsNormParams, unsigned int) [clone .kd]",1,1,102253,1553930,1553930,512,512,512,0,28,0,32,64,0x0,0x73c6a508d680,0.0417596471,98.7695312500,8,0.0000000000,0.3778131765,15,96,616,24,48298624375778,48298624421446,48298624548326,48298629539917
101950,"void miso::kernels::moe_router_kernel<256>(miso::kernels::MoeRouterParams) [clone .kd]",1,1,102254,1553930,1553930,16640,256,0,0,36,0,32,64,0x0,0x73c6a4de3580,1.7324005074,94.2115461618,260,0.0000000000,0.5438358816,0,3084,25709,0,48298624518312,48298624548326,48298624739686,48298629423532
101951,"void miso::kernels::moe_gate_up_kernel<256>(miso::kernels::MoeGateUpParams) [clone .kd]",1,1,102255,1553930,1553930,30720,256,512,0,64,0,48,64,0x0,0x73c6a4de35c0,27.7000338324,83.4038427774,480,0.0000000000,1.8010072427,839,23712,1256456,10593,48298624717120,48298624739686,48298624981605,48298629303964
101952,"void miso::kernels::moe_down_kernel<(miso::kernels::QType)0, 256>(miso::kernels::MoeDownParams) [clone .kd]",1,1,102256,1553930,1553930,30720,256,9728,0,84,0,32,64,0x0,0x73c6a4de3600,19.4536270221,96.6133331457,480,3.9834713602,1.1150532184,987,14688,667240,9600,48298624925380,48298624981605,48298625112965,48298629178273
101953,"void miso::kernels::add_rmsnorm_kernel<2048u, 512>(miso::kernels::AddRmsNormParams, unsigned int) [clone .kd]",1,1,102257,1553930,1553930,512,512,512,0,28,0,32,64,0x0,0x73c6a508d680,0.0405545839,98.7695312500,8,0.0000000000,1.0903952419,20,96,616,24,48298625072608,48298625112965,48298625254085,48298629177600
101954,"void miso::kernels::q6k_gemv_kernel<2048u, 256, 2>(miso::kernels::Q6kGemvParams) [clone .kd]",1,1,102258,1553930,1553930,122880,256,0,0,60,0,32,64,0x0,0x73c6a5073000,38.2749156749,97.7430263275,1920,0.0000000000,12.8267811578,0,48128,1430784,0,48298625224908,48298625254085,48298625416485,48298648615995
101955,"void miso::kernels::q4k_gemv_kernel<(miso::kernels::ActFormat)1, 2048u, 256, 4>(miso::kernels::Q4kGemvParams) [clone .kd]",1,1,102259,1553930,1553930,61440,256,0,0,72,0,48,64,0x0,0x73c6a5072f40,16.8924292049,96.7246469321,960,0.0000000000,4.8005498041,0,16000,496080,0,48298625369378,48298625416485,48298625532644,48298648500079
101956,"void miso::kernels::deltanet_step_kernel<256>(miso::kernels::DeltaNetStepParams) [clone .kd]",1,1,102260,1553930,1553930,8192,256,3072,0,184,0,64,64,0x0,0x73c6a5051400,3.3613699396,99.7167266187,128,0.0000000000,2.4213654475,1904,9536,84096,7616,48298625498257,48298625532644,48298625673764,48298648386401
101957,"void miso::kernels::q4k_gemv_kernel<(miso::kernels::ActFormat)1, 4096u, 256, 4>(miso::kernels::Q4kGemvParams) [clone .kd]",1,1,102261,1553930,1553930,61440,256,0,0,112,0,48,64,0x0,0x73c6a5072fc0,13.0270785266,97.3213026928,960,0.0000000000,1.2607932227,0,16384,451392,0,48298625635089,48298625673764,48298625809284,48298648243406
101958,"void miso::kernels::add_rmsnorm_kernel<2048u, 512>(miso::kernels::AddRmsNormParams, unsigned int) [clone .kd]",1,1,102262,1553930,1553930,512,512,512,0,28,0,32,64,0x0,0x73c6a508d680,0.0447539929,98.7695312500,8,0.0000000000,0.4527326741,15,96,616,24,48298625767476,48298625809284,48298625933764,48298648086543
101959,"void miso::kernels::moe_router_kernel<256>(miso::kernels::MoeRouterParams) [clone .kd]",1,1,102263,1553930,1553930,16640,256,0,0,36,0,32,64,0x0,0x73c6a4de3580,1.6962934213,94.2115461618,260,0.0000000000,0.4618599383,0,3084,25709,0,48298625905599,48298625933764,48298626073923,48298647975951
101960,"void miso::kernels::moe_gate_up_kernel<256>(miso::kernels::MoeGateUpParams) [clone .kd]",1,1,102264,1553930,1553930,30720,256,512,0,64,0,48,64,0x0,0x73c6a4de35c0,28.5207587594,83.4193710922,480,0.0000000000,1.3638494381,627,23712,1256456,10593,48298626050301,48298626073923,48298626239363,48298647862636
101961,"void miso::kernels::moe_down_kernel<(miso::kernels::QType)1, 256>(miso::kernels::MoeDownParams) [clone .kd]",1,1,102265,1553930,1553930,30720,256,9728,0,108,0,32,64,0x0,0x73c6a4de3640,27.2537745506,98.3640964624,480,1.2283283219,0.9582291020,2136,26976,1014536,9600,48298626183009,48298626239363,48298626360963,48298647750109
101962,"void miso::kernels::add_rmsnorm_kernel<2048u, 512>(miso::kernels::AddRmsNormParams, unsigned int) [clone .kd]",1,1,102266,1553930,1553930,512,512,512,0,28,0,32,64,0x0,0x73c6a508d680,0.0419765718,98.7695312500,8,0.0000000000,0.4854674328,17,96,616,24,48298626316710,48298626360963,48298626465123,48298647624419
101963,"void miso::kernels::q4k_gemv_kernel<(miso::kernels::ActFormat)1, 2048u, 256, 4>(miso::kernels::Q4kGemvParams) [clone .kd]",1,1,102267,1553930,1553930,61440,256,0,0,72,0,48,64,0x0,0x73c6a5072f40,29.2867410912,95.9894279347,960,0.0000000000,9.3835052851,0,32384,1202640,0,48298626441565,48298626465123,48298626636002,48298647506074
101964,"void miso::kernels::deltanet_step_kernel<256>(miso::kernels::DeltaNetStepParams) [clone .kd]",1,1,102268,1553930,1553930,8192,256,3072,0,184,0,64,64,0x0,0x73c6a5051400,3.3989745000,99.7167266187,128,0.0000000000,1.3177364751,1658,9536,84096,7616,48298626584515,48298626636002,48298626757442,48298647394326
101965,"void miso::kernels::q4k_gemv_kernel<(miso::kernels::ActFormat)1, 4096u, 256, 4>(miso::kernels::Q4kGemvParams) [clone .kd]",1,1,102269,1553930,1553930,61440,256,0,0,112,0,48,64,0x0,0x73c6a5072fc0,13.2042444022,97.3208739211,960,0.0000000000,2.0803000424,0,16384,451392,0,48298626724845,48298626757442,48298626894402,48298647281019
101966,"void miso::kernels::add_rmsnorm_kernel<2048u, 512>(miso::kernels::AddRmsNormParams, unsigned int) [clone .kd]",1,1,102270,1553930,1553930,512,512,512,0,28,0,32,64,0x0,0x73c6a508d680,0.0450070323,98.7695312500,8,0.0000000000,0.4656974103,16,96,616,24,48298626853947,48298626894402,48298626996482,48298647160173
101967,"void miso::kernels::moe_router_kernel<256>(miso::kernels::MoeRouterParams) [clone .kd]",1,1,102271,1553930,1553930,16640,256,0,0,36,0,32,64,0x0,0x73c6a4de3580,1.5832850312,94.2115461618,260,0.0000000000,0.4504335423,0,3084,25709,0,48298626974072,48298626996482,48298627144322,48298647046683
101968,"void miso::kernels::moe_gate_up_kernel<256>(miso::kernels::MoeGateUpParams) [clone .kd]",1,1,102272,1553930,1553930,30720,256,512,0,64,0,48,64,0x0,0x73c6a4de35c0,30.1280688922,83.4100205670,480,0.0000000000,1.3148020762,707,23712,1256456,10593,48298627119144,48298627144322,48298627300801,48298646929558
101969,"void miso::kernels::moe_down_kernel<(miso::kernels::QType)0, 256>(miso::kernels::MoeDownParams) [clone .kd]",1,1,102273,1553930,1553930,30720,256,9728,0,84,0,32,64,0x0,0x73c6a4de3600,19.3611230606,96.6139055818,480,3.9645530414,1.1854345707,987,14688,667240,9600,48298627245013,48298627300801,48298627412001,48298646816164
101970,"void miso::kernels::add_rmsnorm_kernel<2048u, 512>(miso::kernels::AddRmsNormParams, unsigned int) [clone .kd]",1,1,102274,1553930,1553930,512,512,512,0,28,0,32,64,0x0,0x73c6a508d680,0.0440935334,98.7695312500,8,0.0000000000,0.4720752275,16,96,616,24,48298627369994,48298627412001,48298627513601,48298646692838
101971,"void miso::kernels::q4k_gemv_kernel<(miso::kernels::ActFormat)1, 2048u, 256, 4>(miso::kernels::Q4kGemvParams) [clone .kd]",1,1,102275,1553930,1553930,61440,256,0,0,72,0,48,64,0x0,0x73c6a5072f40,23.0602462621,96.1320137048,960,0.0000000000,11.4502882413,0,26112,932160,0,48298627489765,48298627513601,48298627707521,48298646573311
101972,"void miso::kernels::attn_prep_kernel<256>(miso::kernels::AttnPrepParams) [clone .kd]",1,1,102276,1553930,1553930,4608,256,1536,0,28,0,64,64,0x0,0x73c6a5032400,0.3849446452,97.9857708255,72,0.0000000000,0.8199588927,99,170,4946,288,48298627656776,48298627707521,48298627851360,48298646462077
101973,"void miso::kernels::attn_split_kernel<256>(miso::kernels::AttnSplitParams) [clone .kd]",1,1,102277,1553930,1553930,4608,256,26112,0,96,0,48,64,0x0,0x73c6a5032440,2.8683580302,96.7522895087,72,0.4957341715,0.2369398310,5991,1136,75074,22824,48298627823148,48298627851360,48298628010880,48298646346642
101974,"void miso::kernels::attn_combine_kernel<256>(miso::kernels::AttnCombineParams) [clone .kd]",1,1,102278,1553930,1553930,4096,256,0,0,16,0,32,64,0x0,0x73c6a5032480,0.6894007023,99.4561464088,64,0.0000000000,0.1783552682,0,2368,9152,0,48298627971566,48298628010880,48298628180480,48298646130494
101975,"void miso::kernels::q4k_gemv_kernel<(miso::kernels::ActFormat)1, 4096u, 256, 4>(miso::kernels::Q4kGemvParams) [clone .kd]",1,1,102279,1553930,1553930,61440,256,0,0,112,0,48,64,0x0,0x73c6a5072fc0,13.9353446423,97.3206595367,960,0.0000000000,2.2711987894,0,16384,451392,0,48298628149178,48298628180480,48298628335680,48298645895359
101976,"void miso::kernels::add_rmsnorm_kernel<2048u, 512>(miso::kernels::AddRmsNormParams, unsigned int) [clone .kd]",1,1,102280,1553930,1553930,512,512,512,0,28,0,32,64,0x0,0x73c6a508d680,0.0442435052,98.7695312500,8,0.0000000000,0.3832079691,19,96,616,24,48298628289973,48298628335680,48298628459519,48298645778306
101977,"void miso::kernels::moe_router_kernel<256>(miso::kernels::MoeRouterParams) [clone .kd]",1,1,102281,1553930,1553930,16640,256,0,0,36,0,32,64,0x0,0x73c6a4de3580,1.5995095886,94.2115461618,260,0.0000000000,0.2754767867,0,3084,25709,0,48298628430813,48298628459519,48298628602239,48298645666417
101978,"void miso::kernels::moe_gate_up_kernel<256>(miso::kernels::MoeGateUpParams) [clone .kd]",1,1,102282,1553930,1553930,30720,256,512,0,64,0,48,64,0x0,0x73c6a4de35c0,27.6085032121,83.4097321784,480,0.0000000000,1.4169183526,646,23712,1256456,10593,48298628571954,48298628602239,48298628815839,48298645546470
101979,"void miso::kernels::moe_down_kernel<(miso::kernels::QType)0, 256>(miso::kernels::MoeDownParams) [clone .kd]",1,1,102283,1553930,1553930,30720,256,9728,0,84,0,32,64,0x0,0x73c6a4de3600,19.4441180198,96.6154798161,480,3.9816126914,0.9867275294,966,14688,667240,9600,48298628752917,48298628815839,48298628966239,48298645435352
101980,"void miso::kernels::add_rmsnorm_kernel<2048u, 512>(miso::kernels::AddRmsNormParams, unsigned int) [clone .kd]",1,1,102284,1553930,1553930,512,512,512,0,28,0,32,64,0x0,0x73c6a508d680,0.0446304045,98.7695312500,8,0.0000000000,1.0398437182,19,96,616,24,48298628918585,48298628966239,48298629095998,48298645320983
101981,"void miso::kernels::q6k_gemv_kernel<2048u, 256, 2>(miso::kernels::Q6kGemvParams) [clone .kd]",1,1,102285,1553930,1553930,122880,256,0,0,60,0,32,64,0x0,0x73c6a5073000,35.1174418265,97.7446515756,1920,0.0000000000,12.5938750020,0,48128,1430784,0,48298629071247,48298629095998,48298636903985,48298645207535
101982,"void miso::kernels::q4k_gemv_kernel<(miso::kernels::ActFormat)1, 2048u, 256, 4>(miso::kernels::Q4kGemvParams) [clone .kd]",1,1,102286,1553930,1553930,61440,256,0,0,72,0,48,64,0x0,0x73c6a5072f40,16.6815395979,96.7175086814,960,0.0000000000,3.6438567872,0,16000,496080,0,48298636867494,48298636903985,48298637039825,48298645086807
101983,"void miso::kernels::deltanet_step_kernel<256>(miso::kernels::DeltaNetStepParams) [clone .kd]",1,1,102287,1553930,1553930,8192,256,3072,0,184,0,64,64,0x0,0x73c6a5051400,3.1780735787,99.7167266187,128,0.0000000000,4.8245802610,1860,9536,84096,7616,48298637007942,48298637039825,48298637182705,48298644971311
101984,"void miso::kernels::q4k_gemv_kernel<(miso::kernels::ActFormat)1, 4096u, 256, 4>(miso::kernels::Q4kGemvParams) [clone .kd]",1,1,102288,1553930,1553930,61440,256,0,0,112,0,48,64,0x0,0x73c6a5072fc0,13.5075817087,97.3213026928,960,0.0000000000,2.6958640510,0,16384,451392,0,48298637149158,48298637182705,48298637318224,48298644853155
101985,"void miso::kernels::add_rmsnorm_kernel<2048u, 512>(miso::kernels::AddRmsNormParams, unsigned int) [clone .kd]",1,1,102289,1553930,1553930,512,512,512,0,28,0,32,64,0x0,0x73c6a508d680,0.0420046730,98.7695312500,8,0.0000000000,1.0029777474,20,96,616,24,48298637278237,48298637318224,48298637415504,48298644735748
101986,"void miso::kernels::moe_router_kernel<256>(miso::kernels::MoeRouterParams) [clone .kd]",1,1,102290,1553930,1553930,16640,256,0,0,36,0,32,64,0x0,0x73c6a4de3580,1.6193634444,94.2115461618,260,0.0000000000,4.8490760932,0,3084,25709,0,48298637393740,48298637415504,48298637550544,48298644606664
101987,"void miso::kernels::moe_gate_up_kernel<256>(miso::kernels::MoeGateUpParams) [clone .kd]",1,1,102291,1553930,1553930,30720,256,512,0,64,0,48,64,0x0,0x73c6a4de35c0,29.8329006104,83.4082370985,480,0.0000000000,1.3855673234,723,23712,1256456,10593,48298637526037,48298637550544,48298637707184,48298644189711
101988,"void miso::kernels::moe_down_kernel<(miso::kernels::QType)1, 256>(miso::kernels::MoeDownParams) [clone .kd]",1,1,102292,1553930,1553930,30720,256,9728,0,108,0,32,64,0x0,0x73c6a4de3640,28.2162174095,98.3564966044,480,1.2716073912,0.7569222442,2391,26976,1014536,9600,48298637649910,48298637707184,48298637816944,48298644074962
101989,"void miso::kernels::add_rmsnorm_kernel<2048u, 512>(miso::kernels::AddRmsNormParams, unsigned int) [clone .kd]",1,1,102293,1553930,1553930,512,512,512,0,28,0,32,64,0x0,0x73c6a508d680,0.0447352234,98.7695312500,8,0.0000000000,1.0096173862,16,96,616,24,48298637772311,48298637816944,48298637921583,48298643960257
101990,"void miso::kernels::q4k_gemv_kernel<(miso::kernels::ActFormat)1, 2048u, 256, 4>(miso::kernels::Q4kGemvParams) [clone .kd]",1,1,102294,1553930,1553930,61440,256,0,0,72,0,48,64,0x0,0x73c6a5072f40,30.0019947693,95.9924220224,960,0.0000000000,9.9472949389,0,32384,1202640,0,48298637898101,48298637921583,48298638079823,48298643846075
101991,"void miso::kernels::deltanet_step_kernel<256>(miso::kernels::DeltaNetStepParams) [clone .kd]",1,1,102295,1553930,1553930,8192,256,3072,0,184,0,64,64,0x0,0x73c6a5051400,3.5438277802,99.7167266187,128,0.0000000000,1.6244773421,1536,9536,84096,7616,48298638026429,48298638079823,48298638186223,48298643733126
101992,"void miso::kernels::q4k_gemv_kernel<(miso::kernels::ActFormat)1, 4096u, 256, 4>(miso::kernels::Q4kGemvParams) [clone .kd]",1,1,102296,1553930,1553930,61440,256,0,0,112,0,48,64,0x0,0x73c6a5072fc0,13.9355706181,97.3208739211,960,0.0000000000,1.6815914864,0,16384,451392,0,48298638153792,48298638186223,48298638359183,48298643618572
101993,"void miso::kernels::add_rmsnorm_kernel<2048u, 512>(miso::kernels::AddRmsNormParams, unsigned int) [clone .kd]",1,1,102297,1553930,1553930,512,512,512,0,28,0,32,64,0x0,0x73c6a508d680,0.0438614526,98.7695312500,8,0.0000000000,0.3521864911,18,96,616,24,48298638315549,48298638359183,48298638499982,48298643461309
101994,"void miso::kernels::moe_router_kernel<256>(miso::kernels::MoeRouterParams) [clone .kd]",1,1,102298,1553930,1553930,16640,256,0,0,36,0,32,64,0x0,0x73c6a4de3580,1.6150548760,94.2115461618,260,0.0000000000,0.4711565111,0,3084,25709,0,48298638477910,48298638499982,48298638638222,48298643276991
101995,"void miso::kernels::moe_gate_up_kernel<256>(miso::kernels::MoeGateUpParams) [clone .kd]",1,1,102299,1553930,1553930,30720,256,512,0,64,0,48,64,0x0,0x73c6a4de35c0,29.3909104371,83.4042904026,480,0.0000000000,1.4524807608,672,23712,1256456,10593,48298638613112,48298638638222,48298638796462,48298643276036
101996,"void miso::kernels::moe_down_kernel<(miso::kernels::QType)0, 256>(miso::kernels::MoeDownParams) [clone .kd]",1,1,102300,1553930,1553930,30720,256,9728,0,84,0,32,64,0x0,0x73c6a4de3600,19.1987316213,96.6164816282,480,3.9314051702,0.9116591851,979,14688,667240,9600,48298638738976,48298638796462,48298638913902,48298663805068
101997,"void miso::kernels::add_rmsnorm_kernel<2048u, 512>(miso::kernels::AddRmsNormParams, unsigned int) [clone .kd]",1,1,102301,1553930,1553930,512,512,512,0,28,0,32,64,0x0,0x73c6a508d680,0.0451422687,98.7695312500,8,0.0000000000,0.5092019301,20,96,616,24,48298638871167,48298638913902,48298639043181,48298663694061
101998,"void miso::kernels::q4k_gemv_kernel<(miso::kernels::ActFormat)1, 2048u, 256, 4>(miso::kernels::Q4kGemvParams) [clone .kd]",1,1,102302,1553930,1553930,61440,256,0,0,72,0,48,64,0x0,0x73c6a5072f40,29.5017217081,95.9891127784,960,0.0000000000,10.8583035424,0,32384,1202640,0,48298639016416,48298639043181,48298639212141,48298663586291
101999,"void miso::kernels::deltanet_step_kernel<256>(miso::kernels::DeltaNetStepParams) [clone .kd]",1,1,102303,1553930,1553930,8192,256,3072,0,184,0,64,64,0x0,0x73c6a5051400,3.3420491089,99.7167266187,128,0.0000000000,2.7056300500,1822,9536,84096,7616,48298639151906,48298639212141,48298639323821,48298663477317
102000,"void miso::kernels::q4k_gemv_kernel<(miso::kernels::ActFormat)1, 4096u, 256, 4>(miso::kernels::Q4kGemvParams) [clone .kd]",1,1,102304,1553930,1553930,61440,256,0,0,112,0,48,64,0x0,0x73c6a5072fc0,13.0237148480,97.3213026928,960,0.0000000000,1.2240970725,0,16384,451392,0,48298639286959,48298639323821,48298639456621,48298663368182
102001,"void miso::kernels::add_rmsnorm_kernel<2048u, 512>(miso::kernels::AddRmsNormParams, unsigned int) [clone .kd]",1,1,102305,1553930,1553930,512,512,512,0,28,0,32,64,0x0,0x73c6a508d680,0.0438416221,98.7695312500,8,0.0000000000,0.4310527880,18,96,616,24,48298639414894,48298639456621,48298639598700,48298663255435
102002,"void miso::kernels::moe_router_kernel<256>(miso::kernels::MoeRouterParams) [clone .kd]",1,1,102306,1553930,1553930,16640,256,0,0,36,0,32,64,0x0,0x73c6a4de3580,1.6198435936,94.2115461618,260,0.0000000000,0.4594490464,0,3084,25709,0,48298639575966,48298639598700,48298639731660,48298663146490
102003,"void miso::kernels::moe_gate_up_kernel<256>(miso::kernels::MoeGateUpParams) [clone .kd]",1,1,102307,1553930,1553930,30720,256,512,0,64,0,48,64,0x0,0x73c6a4de35c0,29.6903842318,83.4079818859,480,0.0000000000,1.4281222326,733,23712,1256456,10593,48298639708580,48298639731660,48298639908780,48298663031816
102004,"void miso::kernels::moe_down_kernel<(miso::kernels::QType)0, 256>(miso::kernels::MoeDownParams) [clone .kd]",1,1,102308,1553930,1553930,30720,256,9728,0,84,0,32,64,0x0,0x73c6a4de3600,19.2022493003,96.6136193629,480,3.9320090109,0.8947277292,958,14688,667240,9600,48298639847970,48298639908780,48298640089740,48298662915096
102005,"void miso::kernels::add_rmsnorm_kernel<2048u, 512>(miso::kernels::AddRmsNormParams, unsigned int) [clone .kd]",1,1,102309,1553930,1553930,512,512,512,0,28,0,32,64,0x0,0x73c6a508d680,0.0429743631,98.7695312500,8,0.0000000000,1.0411132453,17,96,616,24,48298640048800,48298640089740,48298640245899,48298662807967
102006,"void miso::kernels::q4k_gemv_kernel<(miso::kernels::ActFormat)1, 2048u, 256, 4>(miso::kernels::Q4kGemvParams) [clone .kd]",1,1,102310,1553930,1553930,61440,256,0,0,72,0,48,64,0x0,0x73c6a5072f40,24.1102135831,96.1731322830,960,0.0000000000,9.5713927646,0,25088,888000,0,48298640223899,48298640245899,48298640415819,48298662695403
102007,"void miso::kernels::q6k_gemv_kernel<2048u, 256, 1>(miso::kernels::Q6kGemvParams) [clone .kd]",1,1,102311,1553930,1553930,61440,256,0,0,60,0,32,64,0x0,0x73c6a5073040,8.8860517076,97.9885057471,960,0.0000000000,0.4282024990,0,6144,149312,0,48298640372953,48298640415819,48298640538379,48298662588809
102008,"void miso::kernels::attn_prep_kernel<256>(miso::kernels::AttnPrepParams) [clone .kd]",1,1,102312,1553930,1553930,4608,256,1536,0,28,0,64,64,0x0,0x73c6a5032400,0.3644330888,97.9857708255,72,0.0000000000,0.6436762010,127,170,4946,288,48298640508999,48298640538379,48298640660939,48298662482379
102009,"void miso::kernels::attn_split_kernel<256>(miso::kernels::AttnSplitParams) [clone .kd]",1,1,102313,1553930,1553930,4608,256,26112,0,96,0,48,64,0x0,0x73c6a5032440,3.0251868690,96.7522895087,72,0.5228386730,0.1632401997,5733,1136,75074,22824,48298640638309,48298640660939,48298640801258,48298662370010
102010,"void miso::kernels::attn_combine_kernel<256>(miso::kernels::AttnCombineParams) [clone .kd]",1,1,102314,1553930,1553930,4096,256,0,0,16,0,32,64,0x0,0x73c6a5032480,0.4749020187,99.4561464088,64,0.0000000000,0.1332022171,0,2368,9152,0,48298640770257,48298640801258,48298640923498,48298662257106
102011,"void miso::kernels::q4k_gemv_kernel<(miso::kernels::ActFormat)1, 4096u, 256, 4>(miso::kernels::Q4kGemvParams) [clone .kd]",1,1,102315,1553930,1553930,61440,256,0,0,112,0,48,64,0x0,0x73c6a5072fc0,13.6008544858,97.3210883065,960,0.0000000000,1.9516652713,0,16384,451392,0,48298640898795,48298640923498,48298641080138,48298662141420
102012,"void miso::kernels::add_rmsnorm_kernel<2048u, 512>(miso::kernels::AddRmsNormParams, unsigned int) [clone .kd]",1,1,102316,1553930,1553930,512,512,512,0,28,0,32,64,0x0,0x73c6a508d680,0.0400821684,98.7695312500,8,0.0000000000,0.4846864162,24,96,616,24,48298641034822,48298641080138,48298641185578,48298662031280
102013,"void miso::kernels::moe_router_kernel<256>(miso::kernels::MoeRouterParams) [clone .kd]",1,1,102317,1553930,1553930,16640,256,0,0,36,0,32,64,0x0,0x73c6a4de3580,1.7258332017,94.2115461618,260,0.0000000000,0.3243074278,0,3084,25709,0,48298641165262,48298641185578,48298641320618,48298661917976
102014,"void miso::kernels::moe_gate_up_kernel<256>(miso::kernels::MoeGateUpParams) [clone .kd]",1,1,102318,1553930,1553930,30720,256,512,0,64,0,48,64,0x0,0x73c6a4de35c0,29.6105422572,83.4040648855,480,0.0000000000,1.8031441379,944,23712,1256456,10593,48298641296632,48298641320618,48298641486537,48298661810215
102015,"void miso::kernels::moe_down_kernel<(miso::kernels::QType)1, 256>(miso::kernels::MoeDownParams) [clone .kd]",1,1,102319,1553930,1553930,30720,256,9728,0,108,0,32,64,0x0,0x73c6a4de3640,28.1441477151,98.3591900906,480,1.2683941931,2.0359453042,2310,26976,1014536,9600,48298641431011,48298641486537,48298641611177,48298661701810
102016,"void miso::kernels::add_rmsnorm_kernel<2048u, 512>(miso::kernels::AddRmsNormParams, unsigned int) [clone .kd]",1,1,102320,1553930,1553930,512,512,512,0,28,0,32,64,0x0,0x73c6a508d680,0.0416992442,98.7695312500,8,0.0000000000,0.4933051445,18,96,616,24,48298641566513,48298641611177,48298641717577,48298661586599
102017,"void miso::kernels::q4k_gemv_kernel<(miso::kernels::ActFormat)1, 2048u, 256, 4>(miso::kernels::Q4kGemvParams) [clone .kd]",1,1,102321,1553930,1553930,61440,256,0,0,72,0,48,64,0x0,0x73c6a5072f40,28.1821651631,95.9886400479,960,0.0000000000,10.4211799227,0,32384,1202640,0,48298641694780,48298641717577,48298641874217,48298661474196
102018,"void miso::kernels::deltanet_step_kernel<256>(miso::kernels::DeltaNetStepParams) [clone .kd]",1,1,102322,1553930,1553930,8192,256,3072,0,184,0,64,64,0x0,0x73c6a5051400,3.2897705000,99.7167266187,128,0.0000000000,4.1015091660,1943,9536,84096,7616,48298641819868,48298641874217,48298641981096,48298661363536
102019,"void miso::kernels::q4k_gemv_kernel<(miso::kernels::ActFormat)1, 4096u, 256, 4>(miso::kernels::Q4kGemvParams) [clone .kd]",1,1,102323,1553930,1553930,61440,256,0,0,112,0,48,64,0x0,0x73c6a5072fc0,13.5346451998,97.3213026928,960,0.0000000000,2.0497054614,0,16384,451392,0,48298641948563,48298641981096,48298642112616,48298661252810
102020,"void miso::kernels::add_rmsnorm_kernel<2048u, 512>(miso::kernels::AddRmsNormParams, unsigned int) [clone .kd]",1,1,102324,1553930,1553930,512,512,512,0,28,0,32,64,0x0,0x73c6a508d680,0.0435783252,98.7695312500,8,0.0000000000,1.4277106092,14,96,616,24,48298642071824,48298642112616,48298642228936,48298661139961
102021,"void miso::kernels::moe_router_kernel<256>(miso::kernels::MoeRouterParams) [clone .kd]",1,1,102325,1553930,1553930,16640,256,0,0,36,0,32,64,0x0,0x73c6a4de3580,1.7536714549,94.2115461618,260,0.0000000000,4.7204610951,0,3084,25709,0,48298642201575,48298642228936,48298642355336,48298661028986
102022,"void miso::kernels::moe_gate_up_kernel<256>(miso::kernels::MoeGateUpParams) [clone .kd]",1,1,102326,1553930,1553930,30720,256,512,0,64,0,48,64,0x0,0x73c6a4de35c0,29.6184785263,83.4029490500,480,0.0000000000,1.5845965073,947,23712,1256456,10593,48298642331866,48298642355336,48298642512136,48298660920285
102023,"void miso::kernels::moe_down_kernel<(miso::kernels::QType)0, 256>(miso::kernels::MoeDownParams) [clone .kd]",1,1,102327,1553930,1553930,30720,256,9728,0,84,0,32,64,0x0,0x73c6a4de3600,19.7440306976,96.6171972211,480,4.0430983048,0.6861759362,1041,14688,667240,9600,48298642455373,48298642512136,48298642624295,48298660801305
102024,"void miso::kernels::add_rmsnorm_kernel<2048u, 512>(miso::kernels::AddRmsNormParams, unsigned int) [clone .kd]",1,1,102328,1553930,1553930,512,512,512,0,28,0,32,64,0x0,0x73c6a508d680,0.0405931677,98.7695312500,8,0.0000000000,1.4642843595,22,96,616,24,48298642582429,48298642624295,48298642727015,48298660682044
102025,"void miso::kernels::q4k_gemv_kernel<(miso::kernels::ActFormat)1, 2048u, 256, 4>(miso::kernels::Q4kGemvParams) [clone .kd]",1,1,102329,1553930,1553930,61440,256,0,0,72,0,48,64,0x0,0x73c6a5072f40,30.3701820249,95.9888764126,960,0.0000000000,11.3187850557,0,32384,1202640,0,48298642703070,48298642727015,48298642884135,48298660572448
102026,"void miso::kernels::deltanet_step_kernel<256>(miso::kernels::DeltaNetStepParams) [clone .kd]",1,1,102330,1553930,1553930,8192,256,3072,0,184,0,64,64,0x0,0x73c6a5051400,3.2413682538,99.7167266187,128,0.0000000000,3.7231151893,1814,9536,84096,7616,48298642832294,48298642884135,48298642990535,48298660460560
102027,"void miso::kernels::q4k_gemv_kernel<(miso::kernels::ActFormat)1, 4096u, 256, 4>(miso::kernels::Q4kGemvParams) [clone .kd]",1,1,102331,1553930,1553930,61440,256,0,0,112,0,48,64,0x0,0x73c6a5072fc0,15.8321475405,97.3213026928,960,0.0000000000,1.5368084134,0,16384,451392,0,48298642957259,48298642990535,48298643174534,48298660330469
102028,"void miso::kernels::add_rmsnorm_kernel<2048u, 512>(miso::kernels::AddRmsNormParams, unsigned int) [clone .kd]",1,1,102332,1553930,1553930,512,512,512,0,28,0,32,64,0x0,0x73c6a508d680,0.0330810900,98.7695312500,8,0.0000000000,0.4014300306,16,96,616,24,48298643128558,48298643174534,48298643559174,48298660209010
102029,"void miso::kernels::moe_router_kernel<256>(miso::kernels::MoeRouterParams) [clone .kd]",1,1,102333,1553930,1553930,16640,256,0,0,36,0,32,64,0x0,0x73c6a4de3580,1.3095131086,94.2115461618,260,0.0000000000,0.4498189041,0,3084,25709,0,48298643527046,48298643559174,48298646288449,48298660087766
102030,"void miso::kernels::moe_gate_up_kernel<256>(miso::kernels::MoeGateUpParams) [clone .kd]",1,1,102334,1553930,1553930,30720,256,512,0,64,0,48,64,0x0,0x73c6a4de35c0,26.3215134014,83.4206144530,480,0.0000000000,1.5709246031,884,23712,1256456,10593,48298646280291,48298646288449,48298649100924,48298659972136
102031,"void miso::kernels::moe_down_kernel<(miso::kernels::QType)0, 256>(miso::kernels::MoeDownParams) [clone .kd]",1,1,102335,1553930,1553930,30720,256,9728,0,84,0,32,64,0x0,0x73c6a4de3600,19.3661899107,96.6119020851,480,3.9655083389,0.7061970575,966,14688,667240,9600,48298649058425,48298649100924,48298649385884,48298659850742
102032,"void miso::kernels::add_rmsnorm_kernel<2048u, 512>(miso::kernels::AddRmsNormParams, unsigned int) [clone .kd]",1,1,102336,1553930,1553930,512,512,512,0,28,0,32,64,0x0,0x73c6a508d680,0.0395897512,98.7695312500,8,0.0000000000,0.5444060457,22,96,616,24,48298649346998,48298649385884,48298649625883,48298659734050
102033,"void miso::kernels::q6k_gemv_kernel<2048u, 256, 2>(miso::kernels::Q6kGemvParams) [clone .kd]",1,1,102337,1553930,1553930,122880,256,0,0,60,0,32,64,0x0,0x73c6a5073000,34.8513517429,97.7489181088,1920,0.0000000000,12.8580323786,0,48128,1430784,0,48298649604972,48298649625883,48298649826363,48298659607522
102034,"void miso::kernels::q4k_gemv_kernel<(miso::kernels::ActFormat)1, 2048u, 256, 4>(miso::kernels::Q4kGemvParams) [clone .kd]",1,1,102338,1553930,1553930,61440,256,0,0,72,0,48,64,0x0,0x73c6a5072f40,16.3449663204,96.7240681158,960,0.0000000000,5.0165461712,0,16000,496080,0,48298649780876,48298649826363,48298649966843,48298659479779
102035,"void miso::kernels::deltanet_step_kernel<256>(miso::kernels::DeltaNetStepParams) [clone .kd]",1,1,102339,1553930,1553930,8192,256,3072,0,184,0,64,64,0x0,0x73c6a5051400,3.2050727771,99.7167266187,128,0.0000000000,2.2198094545,1816,9536,84096,7616,48298649934201,48298649966843,48298650131163,48298659320147
102036,"void miso::kernels::q4k_gemv_kernel<(miso::kernels::ActFormat)1, 4096u, 256, 4>(miso::kernels::Q4kGemvParams) [clone .kd]",1,1,102340,1553930,1553930,61440,256,0,0,112,0,48,64,0x0,0x73c6a5072fc0,13.8074251162,97.3206595367,960,0.0000000000,1.0496671787,0,16384,451392,0,48298650093707,48298650131163,48298650373722,48298659206197
102037,"void miso::kernels::add_rmsnorm_kernel<2048u, 512>(miso::kernels::AddRmsNormParams, unsigned int) [clone .kd]",1,1,102341,1553930,1553930,512,512,512,0,28,0,32,64,0x0,0x73c6a508d680,0.0418267848,98.7695312500,8,0.0000000000,0.4203432987,18,96,616,24,48298650331266,48298650373722,48298650509242,48298659081238
102038,"void miso::kernels::moe_router_kernel<256>(miso::kernels::MoeRouterParams) [clone .kd]",1,1,102342,1553930,1553930,16640,256,0,0,36,0,32,64,0x0,0x73c6a4de3580,1.7274703557,94.2115461618,260,0.0000000000,0.4478688276,0,3084,25709,0,48298650481751,48298650509242,48298650725562,48298658917408
102039,"void miso::kernels::moe_gate_up_kernel<256>(miso::kernels::MoeGateUpParams) [clone .kd]",1,1,102343,1553930,1553930,30720,256,512,0,64,0,48,64,0x0,0x73c6a4de35c0,29.2850340684,83.4036182516,480,0.0000000000,2.3308389879,869,23712,1256456,10593,48298650702159,48298650725562,48298650940441,48298658805363
102040,"void miso::kernels::moe_down_kernel<(miso::kernels::QType)1, 256>(miso::kernels::MoeDownParams) [clone .kd]",1,1,102344,1553930,1553930,30720,256,9728,0,108,0,32,64,0x0,0x73c6a4de3640,27.2267224805,98.3595748864,480,1.2270526770,1.0988402449,2255,26976,1014536,9600,48298650880933,48298650940441,48298651232761,48298658691045
102041,"void miso::kernels::add_rmsnorm_kernel<2048u, 512>(miso::kernels::AddRmsNormParams, unsigned int) [clone .kd]",1,1,102345,1553930,1553930,512,512,512,0,28,0,32,64,0x0,0x73c6a508d680,0.0413500801,98.7695312500,8,0.0000000000,1.0508781310,16,96,616,24,48298651188177,48298651232761,48298651378040,48298658581797
102042,"void miso::kernels::q4k_gemv_kernel<(miso::kernels::ActFormat)1, 2048u, 256, 4>(miso::kernels::Q4kGemvParams) [clone .kd]",1,1,102346,1553930,1553930,61440,256,0,0,72,0,48,64,0x0,0x73c6a5072f40,24.8922680929,96.1352728660,960,0.0000000000,9.5995692951,0,26112,932160,0,48298651348677,48298651378040,48298651546360,48298658469502
102043,"void miso::kernels::attn_prep_kernel<256>(miso::kernels::AttnPrepParams) [clone .kd]",1,1,102347,1553930,1553930,4608,256,1536,0,28,0,64,64,0x0,0x73c6a5032400,0.3537899397,97.9857708255,72,0.0000000000,0.8179959100,85,170,4946,288,48298651497414,48298651546360,48298651654520,48298658349161
102044,"void miso::kernels::attn_split_kernel<256>(miso::kernels::AttnSplitParams) [clone .kd]",1,1,102348,1553930,1553930,4608,256,26112,0,96,0,48,64,0x0,0x73c6a5032440,3.0048372808,96.7522895087,72,0.5193216831,0.2363715258,5310,1136,75074,22824,48298651633294,48298651654520,48298651826040,48298658241492
102045,"void miso::kernels::attn_combine_kernel<256>(miso::kernels::AttnCombineParams) [clone .kd]",1,1,102349,1553930,1553930,4096,256,0,0,16,0,32,64,0x0,0x73c6a5032480,0.4841675862,99.4561464088,64,0.0000000000,0.1909893501,0,2368,9152,0,48298651795204,48298651826040,48298651962519,48298658126858
102046,"void miso::kernels::q4k_gemv_kernel<(miso::kernels::ActFormat)1, 4096u, 256, 4>(miso::kernels::Q4kGemvParams) [clone .kd]",1,1,102350,1553930,1553930,61440,256,0,0,112,0,48,64,0x0,0x73c6a5072fc0,13.6342776136,97.3204451533,960,0.0000000000,1.6558318777,0,16384,451392,0,48298651938295,48298651962519,48298652124279,48298658011844
102047,"void miso::kernels::add_rmsnorm_kernel<2048u, 512>(miso::kernels::AddRmsNormParams, unsigned int) [clone .kd]",1,1,102351,1553930,1553930,512,512,512,0,28,0,32,64,0x0,0x73c6a508d680,0.0423078957,98.7695312500,8,0.0000000000,0.3893180222,17,96,616,24,48298652085033,48298652124279,48298652252919,48298657899044
102048,"void miso::kernels::moe_router_kernel<256>(miso::kernels::MoeRouterParams) [clone .kd]",1,1,102352,1553930,1553930,16640,256,0,0,36,0,32,64,0x0,0x73c6a4de3580,1.7080272003,94.2115461618,260,0.0000000000,0.3687715359,0,3084,25709,0,48298652233164,48298652252919,48298652389079,48298657745591
102049,"void miso::kernels::moe_gate_up_kernel<256>(miso::kernels::MoeGateUpParams) [clone .kd]",1,1,102353,1553930,1553930,30720,256,512,0,64,0,48,64,0x0,0x73c6a4de35c0,29.0120757860,83.4180699519,480,0.0000000000,1.7628840912,921,23712,1256456,10593,48298652366540,48298652389079,48298652573398,48298657558247
102050,"void miso::kernels::moe_down_kernel<(miso::kernels::QType)0, 256>(miso::kernels::MoeDownParams) [clone .kd]",1,1,102354,1553930,1553930,30720,256,9728,0,84,0,32,64,0x0,0x73c6a4de3600,21.6290856898,96.6143349133,480,4.4289806040,1.3199476211,1011,14688,667240,9600,48298652518931,48298652573398,48298652698358,48298657557378
102051,"void miso::kernels::add_rmsnorm_kernel<2048u, 512>(miso::kernels::AddRmsNormParams, unsigned int) [clone .kd]",1,1,102355,1553930,1553930,512,512,512,0,28,0,32,64,0x0,0x73c6a508d680,0.0438939413,98.7695312500,8,0.0000000000,0.5278971748,17,96,616,24,48298652650745,48298652698322,48298652840882,48298677278039
102052,"void miso::kernels::q4k_gemv_kernel<(miso::kernels::ActFormat)1, 2048u, 256, 4>(miso::kernels::Q4kGemvParams) [clone .kd]",1,1,102356,1553930,1553930,61440,256,0,0,72,0,48,64,0x0,0x73c6a5072f40,30.5113525372,95.9898218830,960,0.0000000000,9.4231884058,0,32384,1202640,0,48298652818526,48298652840882,48298653014002,48298677170572
102053,"void miso::kernels::deltanet_step_kernel<256>(miso::kernels::DeltaNetStepParams) [clone .kd]",1,1,102357,1553930,1553930,8192,256,3072,0,184,0,64,64,0x0,0x73c6a5051400,3.2442762011,99.7167266187,128,0.0000000000,1.8633323234,1625,9536,84096,7616,48298652962515,48298653014002,48298653158161,48298677056900
102054,"void miso::kernels::q4k_gemv_kernel<(miso::kernels::ActFormat)1, 4096u, 256, 4>(miso::kernels::Q4kGemvParams) [clone .kd]",1,1,102358,1553930,1553930,61440,256,0,0,112,0,48,64,0x0,0x73c6a5072fc0,13.7273205603,97.3202307708,960,0.0000000000,1.5125836421,0,16384,451392,0,48298653124631,48298653158161,48298653349361,48298676938628
102055,"void miso::kernels::add_rmsnorm_kernel<2048u, 512>(miso::kernels::AddRmsNormParams, unsigned int) [clone .kd]",1,1,102359,1553930,1553930,512,512,512,0,28,0,32,64,0x0,0x73c6a508d680,0.0421874176,98.7695312500,8,0.0000000000,0.4286195712,17,96,616,24,48298653304399,48298653349361,48298653478641,48298676828430
102056,"void miso::kernels::moe_router_kernel<256>(miso::kernels::MoeRouterParams) [clone .kd]",1,1,102360,1553930,1553930,16640,256,0,0,36,0,32,64,0x0,0x73c6a4de3580,1.6667302265,94.2115461618,260,0.0000000000,0.4809656453,0,3084,25709,0,48298653451656,48298653478641,48298653631121,48298676713516
102057,"void miso::kernels::moe_gate_up_kernel<256>(miso::kernels::MoeGateUpParams) [clone .kd]",1,1,102361,1553930,1553930,30720,256,512,0,64,0,48,64,0x0,0x73c6a4de35c0,29.2842707230,83.4093822214,480,0.0000000000,1.2425735848,909,23712,1256456,10593,48298653602604,48298653631121,48298653815120,48298676606215
102058,"void miso::kernels::moe_down_kernel<(miso::kernels::QType)0, 256>(miso::kernels::MoeDownParams) [clone .kd]",1,1,102362,1553930,1553930,30720,256,9728,0,84,0,32,64,0x0,0x73c6a4de3600,20.5432520266,96.6119020851,480,4.2065288834,0.6160863642,990,14688,667240,9600,48298653754218,48298653815120,48298653942800,48298676493131
102059,"void miso::kernels::add_rmsnorm_kernel<2048u, 512>(miso::kernels::AddRmsNormParams, unsigned int) [clone .kd]",1,1,102363,1553930,1553930,512,512,512,0,28,0,32,64,0x0,0x73c6a508d680,0.0411078567,98.7695312500,8,0.0000000000,0.5766453476,20,96,616,24,48298653897053,48298653942800,48298654076240,48298676377075
102060,"void miso::kernels::q6k_gemv_kernel<2048u, 256, 2>(miso::kernels::Q6kGemvParams) [clone .kd]",1,1,102364,1553930,1553930,122880,256,0,0,60,0,32,64,0x0,0x73c6a5073000,35.8035541532,97.7450578960,1920,0.0000000000,11.6936878675,0,48128,1430784,0,48298654052592,48298654076240,48298654267759,48298676265342
102061,"void miso::kernels::q4k_gemv_kernel<(miso::kernels::ActFormat)1, 2048u, 256, 4>(miso::kernels::Q4kGemvParams) [clone .kd]",1,1,102365,1553930,1553930,61440,256,0,0,72,0,48,64,0x0,0x73c6a5072f40,17.4608697469,96.7221387780,960,0.0000000000,4.7585901411,0,16000,496080,0,48298654220525,48298654267759,48298654385679,48298676156075
102062,"void miso::kernels::deltanet_step_kernel<256>(miso::kernels::DeltaNetStepParams) [clone .kd]",1,1,102366,1553930,1553930,8192,256,3072,0,184,0,64,64,0x0,0x73c6a5051400,3.3335581686,99.7167266187,128,0.0000000000,1.1696860583,1582,9536,84096,7616,48298654352052,48298654385679,48298654516719,48298676029562
102063,"void miso::kernels::q4k_gemv_kernel<(miso::kernels::ActFormat)1, 4096u, 256, 4>(miso::kernels::Q4kGemvParams) [clone .kd]",1,1,102367,1553930,1553930,61440,256,0,0,112,0,48,64,0x0,0x73c6a5072fc0,13.5303182040,97.3210883065,960,0.0000000000,1.8699612510,0,16384,451392,0,48298654484993,48298654516719,48298654652719,48298675916584
102064,"void miso::kernels::add_rmsnorm_kernel<2048u, 512>(miso::kernels::AddRmsNormParams, unsigned int) [clone .kd]",1,1,102368,1553930,1553930,512,512,512,0,28,0,32,64,0x0,0x73c6a508d680,0.0416976141,98.7695312500,8,0.0000000000,0.4349324790,15,96,616,24,48298654613741,48298654652719,48298654935438,48298675802192
102065,"void miso::kernels::moe_router_kernel<256>(miso::kernels::MoeRouterParams) [clone .kd]",1,1,102369,1553930,1553930,16640,256,0,0,36,0,32,64,0x0,0x73c6a4de3580,1.6203841020,94.2115461618,260,0.0000000000,0.4404948864,0,3084,25709,0,48298654911358,48298654935438,48298655114798,48298675692644
102066,"void miso::kernels::moe_gate_up_kernel<256>(miso::kernels::MoeGateUpParams) [clone .kd]",1,1,102370,1553930,1553930,30720,256,512,0,64,0,48,64,0x0,0x73c6a4de35c0,27.3775843763,83.4184806922,480,0.0000000000,1.3069874989,892,23712,1256456,10593,48298655084089,48298655114798,48298655313518,48298675581270
102067,"void miso::kernels::moe_down_kernel<(miso::kernels::QType)1, 256>(miso::kernels::MoeDownParams) [clone .kd]",1,1,102371,1553930,1553930,30720,256,9728,0,108,0,32,64,0x0,0x73c6a4de3640,27.5386782594,98.3627495665,480,1.2411519441,1.9183794816,2511,26976,1014536,9600,48298655256722,48298655313518,48298655483917,48298675473443
102068,"void miso::kernels::add_rmsnorm_kernel<2048u, 512>(miso::kernels::AddRmsNormParams, unsigned int) [clone .kd]",1,1,102372,1553930,1553930,512,512,512,0,28,0,32,64,0x0,0x73c6a508d680,0.0428776246,98.7695312500,8,0.0000000000,0.4976781748,24,96,616,24,48298655439019,48298655483917,48298655634477,48298675361365
102069,"void miso::kernels::q4k_gemv_kernel<(miso::kernels::ActFormat)1, 2048u, 256, 4>(miso::kernels::Q4kGemvParams) [clone .kd]",1,1,102373,1553930,1553930,61440,256,0,0,72,0,48,64,0x0,0x73c6a5072f40,29.5236260354,95.9932099713,960,0.0000000000,10.7470104583,0,32384,1202640,0,48298655612165,48298655634477,48298655805837,48298675248597
102070,"void miso::kernels::deltanet_step_kernel<256>(miso::kernels::DeltaNetStepParams) [clone .kd]",1,1,102374,1553930,1553930,8192,256,3072,0,184,0,64,64,0x0,0x73c6a5051400,3.3957049829,99.7167266187,128,0.0000000000,1.9814095641,1738,9536,84096,7616,48298655754081,48298655805837,48298655910477,48298675135373
102071,"void miso::kernels::q4k_gemv_kernel<(miso::kernels::ActFormat)1, 4096u, 256, 4>(miso::kernels::Q4kGemvParams) [clone .kd]",1,1,102375,1553930,1553930,61440,256,0,0,112,0,48,64,0x0,0x73c6a5072fc0,13.5348873265,97.3213026928,960,0.0000000000,1.4131518080,0,16384,451392,0,48298655877499,48298655910477,48298656038156,48298675015908
102072,"void miso::kernels::add_rmsnorm_kernel<2048u, 512>(miso::kernels::AddRmsNormParams, unsigned int) [clone .kd]",1,1,102376,1553930,1553930,512,512,512,0,28,0,32,64,0x0,0x73c6a508d680,0.0436532297,98.7695312500,8,0.0000000000,0.4618804860,19,96,616,24,48298655997478,48298656038156,48298656160396,48298674885853
102073,"void miso::kernels::moe_router_kernel<256>(miso::kernels::MoeRouterParams) [clone .kd]",1,1,102377,1553930,1553930,16640,256,0,0,36,0,32,64,0x0,0x73c6a4de3580,1.6653964867,94.2115461618,260,0.0000000000,2.7239005375,0,3084,25709,0,48298656136978,48298656160396,48298656298316,48298674760241
102074,"void miso::kernels::moe_gate_up_kernel<256>(miso::kernels::MoeGateUpParams) [clone .kd]",1,1,102378,1553930,1553930,30720,256,512,0,64,0,48,64,0x0,0x73c6a4de35c0,30.0058412018,83.4093496000,480,0.0000000000,1.5121416902,732,23712,1256456,10593,48298656274162,48298656298316,48298656458316,48298674592287
102075,"void miso::kernels::moe_down_kernel<(miso::kernels::QType)0, 256>(miso::kernels::MoeDownParams) [clone .kd]",1,1,102379,1553930,1553930,30720,256,9728,0,84,0,32,64,0x0,0x73c6a4de3600,19.7581126642,96.6127607164,480,4.0457961649,0.6687234554,1064,14688,667240,9600,48298656401713,48298656458316,48298656577676,48298674454777
102076,"void miso::kernels::add_rmsnorm_kernel<2048u, 512>(miso::kernels::AddRmsNormParams, unsigned int) [clone .kd]",1,1,102380,1553930,1553930,512,512,512,0,28,0,32,64,0x0,0x73c6a508d680,0.0420410952,98.7695312500,8,0.0000000000,1.5061494797,28,96,616,24,48298656536130,48298656577676,48298656699115,48298674336303
102077,"void miso::kernels::q4k_gemv_kernel<(miso::kernels::ActFormat)1, 2048u, 256, 4>(miso::kernels::Q4kGemvParams) [clone .kd]",1,1,102381,1553930,1553930,61440,256,0,0,72,0,48,64,0x0,0x73c6a5072f40,26.5961080021,96.1375136675,960,0.0000000000,8.7875903484,0,26112,932160,0,48298656675575,48298656699115,48298656851275,48298674219203
102078,"void miso::kernels::attn_prep_kernel<256>(miso::kernels::AttnPrepParams) [clone .kd]",1,1,102382,1553930,1553930,4608,256,1536,0,28,0,64,64,0x0,0x73c6a5032400,0.3985997175,97.9857708255,72,0.0000000000,0.8577423961,83,170,4946,288,48298656805642,48298656851275,48298656947915,48298674105234
102079,"void miso::kernels::attn_split_kernel<256>(miso::kernels::AttnSplitParams) [clone .kd]",1,1,102383,1553930,1553930,4608,256,26112,0,96,0,48,64,0x0,0x73c6a5032440,2.9228915479,96.7522895087,72,0.5051591205,0.2251220127,5347,1136,75074,22824,48298656925505,48298656947915,48298657094315,48298673986597
102080,"void miso::kernels::attn_combine_kernel<256>(miso::kernels::AttnCombineParams) [clone .kd]",1,1,102384,1553930,1553930,4096,256,0,0,16,0,32,64,0x0,0x73c6a5032480,0.6704402079,99.4561464088,64,0.0000000000,0.3188799227,0,2368,9152,0,48298657062296,48298657094315,48298657221034,48298673867344
102081,"void miso::kernels::q4k_gemv_kernel<(miso::kernels::ActFormat)1, 4096u, 256, 4>(miso::kernels::Q4kGemvParams) [clone .kd]",1,1,102385,1553930,1553930,61440,256,0,0,112,0,48,64,0x0,0x73c6a5072fc0,13.4213202772,97.3213026928,960,0.0000000000,1.2214876344,0,16384,451392,0,48298657195069,48298657221034,48298657359114,48298673714011
102082,"void miso::kernels::add_rmsnorm_kernel<2048u, 512>(miso::kernels::AddRmsNormParams, unsigned int) [clone .kd]",1,1,102386,1553930,1553930,512,512,512,0,28,0,32,64,0x0,0x73c6a508d680,0.0377969125,98.7695312500,8,0.0000000000,0.9982726068,16,96,616,24,48298657317627,48298657359114,48298657474474,48298673602206
102083,"void miso::kernels::moe_router_kernel<256>(miso::kernels::MoeRouterParams) [clone .kd]",1,1,102387,1553930,1553930,16640,256,0,0,36,0,32,64,0x0,0x73c6a4de3580,1.3299151021,94.2115461618,260,0.0000000000,0.2735292985,0,3084,25709,0,48298657444160,48298657474474,48298657845353,48298673493084
102084,"void miso::kernels::moe_gate_up_kernel<256>(miso::kernels::MoeGateUpParams) [clone .kd]",1,1,102388,1553930,1553930,30720,256,512,0,64,0,48,64,0x0,0x73c6a4de35c0,26.6352297175,83.4091301221,480,0.0000000000,2.0228565611,996,23712,1256456,10593,48298657810319,48298657845353,48298664794942,48298673351648
102085,"void miso::kernels::moe_down_kernel<(miso::kernels::QType)0, 256>(miso::kernels::MoeDownParams) [clone .kd]",1,1,102389,1553930,1553930,30720,256,9728,0,84,0,32,64,0x0,0x73c6a4de3600,19.7874679048,96.6153367018,480,4.0519151630,0.6043339377,997,14688,667240,9600,48298664763021,48298664794942,48298665016861,48298673237219
102086,"void miso::kernels::add_rmsnorm_kernel<2048u, 512>(miso::kernels::AddRmsNormParams, unsigned int) [clone .kd]",1,1,102390,1553930,1553930,512,512,512,0,28,0,32,64,0x0,0x73c6a508d680,0.0406178998,98.7695312500,8,0.0000000000,0.5407055335,16,96,616,24,48298664972555,48298665016861,48298665210301,48298673122486
102087,"void miso::kernels::q6k_gemv_kernel<2048u, 256, 2>(miso::kernels::Q6kGemvParams) [clone .kd]",1,1,102391,1553930,1553930,122880,256,0,0,60,0,32,64,0x0,0x73c6a5073000,35.9500219180,97.7439743823,1920,0.0000000000,12.9562356756,0,48128,1430784,0,48298665190913,48298665210301,48298665430461,48298672930657
102088,"void miso::kernels::q4k_gemv_kernel<(miso::kernels::ActFormat)1, 2048u, 256, 4>(miso::kernels::Q4kGemvParams) [clone .kd]",1,1,102392,1553930,1553930,61440,256,0,0,72,0,48,64,0x0,0x73c6a5072f40,15.9903608155,96.7252257554,960,0.0000000000,4.9966178367,0,16000,496080,0,48298665388664,48298665430461,48298665601180,48298672809856
102089,"void miso::kernels::deltanet_step_kernel<256>(miso::kernels::DeltaNetStepParams) [clone .kd]",1,1,102393,1553930,1553930,8192,256,3072,0,184,0,64,64,0x0,0x73c6a5051400,3.1528657906,99.7167266187,128,0.0000000000,1.5269122441,1541,9536,84096,7616,48298665559804,48298665601180,48298665735100,48298672696956
102090,"void miso::kernels::q4k_gemv_kernel<(miso::kernels::ActFormat)1, 4096u, 256, 4>(miso::kernels::Q4kGemvParams) [clone .kd]",1,1,102394,1553930,1553930,61440,256,0,0,112,0,48,64,0x0,0x73c6a5072fc0,13.4595222847,97.3213026928,960,0.0000000000,1.3339947686,0,16384,451392,0,48298665701612,48298665735100,48298665872540,48298672587259
102091,"void miso::kernels::add_rmsnorm_kernel<2048u, 512>(miso::kernels::AddRmsNormParams, unsigned int) [clone .kd]",1,1,102395,1553930,1553930,512,512,512,0,28,0,32,64,0x0,0x73c6a508d680,0.0421474106,98.7695312500,8,0.0000000000,0.3702205139,20,96,616,24,48298665833463,48298665872540,48298665991740,48298672475379
102092,"void miso::kernels::moe_router_kernel<256>(miso::kernels::MoeRouterParams) [clone .kd]",1,1,102396,1553930,1553930,16640,256,0,0,36,0,32,64,0x0,0x73c6a4de3580,1.6518633306,94.2115461618,260,0.0000000000,0.4728511320,0,3084,25709,0,48298665971243,48298665991740,48298666207259,48298672358670
102093,"void miso::kernels::moe_gate_up_kernel<256>(miso::kernels::MoeGateUpParams) [clone .kd]",1,1,102397,1553930,1553930,30720,256,512,0,64,0,48,64,0x0,0x73c6a4de35c0,28.6522216535,83.4086491777,480,0.0000000000,1.5639706344,865,23712,1256456,10593,48298666183322,48298666207259,48298666443579,48298672251920
102094,"void miso::kernels::moe_down_kernel<(miso::kernels::QType)1, 256>(miso::kernels::MoeDownParams) [clone .kd]",1,1,102398,1553930,1553930,30720,256,9728,0,108,0,32,64,0x0,0x73c6a4de3640,27.8275389062,98.3606330903,480,1.2541437366,0.7562712145,2238,26976,1014536,9600,48298666380884,48298666443579,48298666569499,48298672089085
102095,"void miso::kernels::add_rmsnorm_kernel<2048u, 512>(miso::kernels::AddRmsNormParams, unsigned int) [clone .kd]",1,1,102399,1553930,1553930,512,512,512,0,28,0,32,64,0x0,0x73c6a508d680,0.0434646782,98.7695312500,8,0.0000000000,0.5059871790,18,96,616,24,48298666519696,48298666569499,48298666695578,48298671903992
102096,"void miso::kernels::q4k_gemv_kernel<(miso::kernels::ActFormat)1, 2048u, 256, 4>(miso::kernels::Q4kGemvParams) [clone .kd]",1,1,102400,1553930,1553930,61440,256,0,0,72,0,48,64,0x0,0x73c6a5072f40,27.9034518771,95.9855674131,960,0.0000000000,9.9808660348,0,32384,1202640,0,48298666668235,48298666695578,48298666876218,48298671903322
102097,"void miso::kernels::deltanet_step_kernel<256>(miso::kernels::DeltaNetStepParams) [clone .kd]",1,1,102401,1553930,1553930,8192,256,3072,0,184,0,64,64,0x0,0x73c6a5051400,3.2381118779,99.7167266187,128,0.0000000000,1.8374261870,2120,9536,84096,7616,48298666817520,48298666876218,48298667008538,48298695932149
102098,"void miso::kernels::q4k_gemv_kernel<(miso::kernels::ActFormat)1, 4096u, 256, 4>(miso::kernels::Q4kGemvParams) [clone .kd]",1,1,102402,1553930,1553930,61440,256,0,0,112,0,48,64,0x0,0x73c6a5072fc0,13.8116100767,97.3195876289,960,0.0000000000,2.1919197611,0,16384,451392,0,48298666969219,48298667008538,48298667172218,48298695810331
102099,"void miso::kernels::add_rmsnorm_kernel<2048u, 512>(miso::kernels::AddRmsNormParams, unsigned int) [clone .kd]",1,1,102403,1553930,1553930,512,512,512,0,28,0,32,64,0x0,0x73c6a508d680,0.0414803293,98.7695312500,8,0.0000000000,0.4139834407,16,96,616,24,48298667126674,48298667172218,48298667359577,48298695689104
102100,"void miso::kernels::moe_router_kernel<256>(miso::kernels::MoeRouterParams) [clone .kd]",1,1,102404,1553930,1553930,16640,256,0,0,36,0,32,64,0x0,0x73c6a4de3580,1.7274703557,94.2115461618,260,0.0000000000,0.4619364375,0,3084,25709,0,48298667334043,48298667359577,48298667513017,48298695571970
102101,"void miso::kernels::moe_gate_up_kernel<256>(miso::kernels::MoeGateUpParams) [clone .kd]",1,1,102405,1553930,1553930,30720,256,512,0,64,0,48,64,0x0,0x73c6a4de35c0,29.0897845881,83.4073140735,480,0.0000000000,1.2576928358,793,23712,1256456,10593,48298667486695,48298667513017,48298667685177,48298695454312
102102,"void miso::kernels::moe_down_kernel<(miso::kernels::QType)0, 256>(miso::kernels::MoeDownParams) [clone .kd]",1,1,102406,1553930,1553930,30720,256,9728,0,84,0,32,64,0x0,0x73c6a4de3600,20.0274712234,96.6163385109,480,4.1011035956,1.3627528934,918,14688,667240,9600,48298667628302,48298667685177,48298667809496,48298695331405
102103,"void miso::kernels::add_rmsnorm_kernel<2048u, 512>(miso::kernels::AddRmsNormParams, unsigned int) [clone .kd]",1,1,102407,1553930,1553930,512,512,512,0,28,0,32,64,0x0,0x73c6a508d680,0.0413885871,98.7695312500,8,0.0000000000,1.0025086839,19,96,616,24,48298667762453,48298667809496,48298667913016,48298695209705
102104,"void miso::kernels::q4k_gemv_kernel<(miso::kernels::ActFormat)1, 2048u, 256, 4>(miso::kernels::Q4kGemvParams) [clone .kd]",1,1,102408,1553930,1553930,61440,256,0,0,72,0,48,64,0x0,0x73c6a5072f40,30.2412620395,95.9946283119,960,0.0000000000,9.3880147347,0,32384,1202640,0,48298667890286,48298667913016,48298668081496,48298695087979
102105,"void miso::kernels::deltanet_step_kernel<256>(miso::kernels::DeltaNetStepParams) [clone .kd]",1,1,102409,1553930,1553930,8192,256,3072,0,184,0,64,64,0x0,0x73c6a5051400,3.3391137235,99.7167266187,128,0.0000000000,4.3360110740,1534,9536,84096,7616,48298668023815,48298668081496,48298668195416,48298694955881
102106,"void miso::kernels::q4k_gemv_kernel<(miso::kernels::ActFormat)1, 4096u, 256, 4>(miso::kernels::Q4kGemvParams) [clone .kd]",1,1,102410,1553930,1553930,61440,256,0,0,112,0,48,64,0x0,0x73c6a5072fc0,13.9974777375,97.3206595367,960,0.0000000000,1.8978503343,0,16384,451392,0,48298668156087,48298668195416,48298668318936,48298694835219
102107,"void miso::kernels::add_rmsnorm_kernel<2048u, 512>(miso::kernels::AddRmsNormParams, unsigned int) [clone .kd]",1,1,102411,1553930,1553930,512,512,512,0,28,0,32,64,0x0,0x73c6a508d680,0.0423717592,98.7695312500,8,0.0000000000,0.4243310188,22,96,616,24,48298668278542,48298668318936,48298668429655,48298694713254
102108,"void miso::kernels::moe_router_kernel<256>(miso::kernels::MoeRouterParams) [clone .kd]",1,1,102412,1553930,1553930,16640,256,0,0,36,0,32,64,0x0,0x73c6a4de3580,1.6917627932,94.2115461618,260,0.0000000000,0.5176387858,0,3084,25709,0,48298668406316,48298668429655,48298668560375,48298694594134
102109,"void miso::kernels::moe_gate_up_kernel<256>(miso::kernels::MoeGateUpParams) [clone .kd]",1,1,102413,1553930,1553930,30720,256,512,0,64,0,48,64,0x0,0x73c6a4de35c0,29.0465420519,83.4111277357,480,0.0000000000,1.3402698175,756,23712,1256456,10593,48298668536209,48298668560375,48298668722135,48298694467662
102110,"void miso::kernels::moe_down_kernel<(miso::kernels::QType)0, 256>(miso::kernels::MoeDownParams) [clone .kd]",1,1,102414,1553930,1553930,30720,256,9728,0,84,0,32,64,0x0,0x73c6a4de3600,19.8990131230,96.6174834612,480,4.0748470164,1.0458667056,962,14688,667240,9600,48298668666322,48298668722135,48298668831575,48298694340592
102111,"void miso::kernels::add_rmsnorm_kernel<2048u, 512>(miso::kernels::AddRmsNormParams, unsigned int) [clone .kd]",1,1,102415,1553930,1553930,512,512,512,0,28,0,32,64,0x0,0x73c6a508d680,0.0415433349,98.7695312500,8,0.0000000000,0.4415552557,17,96,616,24,48298668792035,48298668831575,48298668949175,48298694209837
102112,"void miso::kernels::q4k_gemv_kernel<(miso::kernels::ActFormat)1, 2048u, 256, 4>(miso::kernels::Q4kGemvParams) [clone .kd]",1,1,102416,1553930,1553930,61440,256,0,0,72,0,48,64,0x0,0x73c6a5072f40,23.8272959535,96.1699230959,960,0.0000000000,10.4709888022,0,25088,888000,0,48298668926637,48298668949175,48298669108374,48298694041612
102113,"void miso::kernels::q6k_gemv_kernel<2048u, 256, 1>(miso::kernels::Q6kGemvParams) [clone .kd]",1,1,102417,1553930,1553930,61440,256,0,0,60,0,32,64,0x0,0x73c6a5073040,8.7466401368,97.9865503961,960,0.0000000000,2.5062459068,0,6144,149312,0,48298669064445,48298669108374,48298669228214,48298693861833
102114,"void miso::kernels::attn_prep_kernel<256>(miso::kernels::AttnPrepParams) [clone .kd]",1,1,102418,1553930,1553930,4608,256,1536,0,28,0,64,64,0x0,0x73c6a5032400,0.3769536800,97.9857708255,72,0.0000000000,2.0881626449,105,170,4946,288,48298669204974,48298669228214,48298669470934,48298693737697
102115,"void miso::kernels::attn_split_kernel<256>(miso::kernels::AttnSplitParams) [clone .kd]",1,1,102419,1553930,1553930,4608,256,26112,0,96,0,48,64,0x0,0x73c6a5032440,2.9212875098,96.7522895087,72,0.5048818970,0.9212251222,5988,1136,75074,22824,48298669450474,48298669470934,48298669658773,48298693583246
102116,"void miso::kernels::attn_combine_kernel<256>(miso::kernels::AttnCombineParams) [clone .kd]",1,1,102420,1553930,1553930,4096,256,0,0,16,0,32,64,0x0,0x73c6a5032480,0.6658389663,99.4561464088,64,0.0000000000,0.2182355569,0,2368,9152,0,48298669628582,48298669658773,48298669803253,48298693457873
102117,"void miso::kernels::q4k_gemv_kernel<(miso::kernels::ActFormat)1, 4096u, 256, 4>(miso::kernels::Q4kGemvParams) [clone .kd]",1,1,102421,1553930,1553930,61440,256,0,0,112,0,48,64,0x0,0x73c6a5072fc0,13.4557515828,97.3208739211,960,0.0000000000,2.7494753081,0,16384,451392,0,48298669772437,48298669803253,48298669956533,48298693329230
102118,"void miso::kernels::add_rmsnorm_kernel<2048u, 512>(miso::kernels::AddRmsNormParams, unsigned int) [clone .kd]",1,1,102422,1553930,1553930,512,512,512,0,28,0,32,64,0x0,0x73c6a508d680,0.0440298302,98.7695312500,8,0.0000000000,0.3695404332,18,96,616,24,48298669912190,48298669956533,48298670130933,48298693210488
102119,"void miso::kernels::moe_router_kernel<256>(miso::kernels::MoeRouterParams) [clone .kd]",1,1,102423,1553930,1553930,16640,256,0,0,36,0,32,64,0x0,0x73c6a4de3580,1.6113036425,94.2115461618,260,0.0000000000,0.2805521266,0,3084,25709,0,48298670111308,48298670130933,48298670284532,48298693088630
102120,"void miso::kernels::moe_gate_up_kernel<256>(miso::kernels::MoeGateUpParams) [clone .kd]",1,1,102424,1553930,1553930,30720,256,512,0,64,0,48,64,0x0,0x73c6a4de35c0,29.3474111511,83.3990395405,480,0.0000000000,1.8055891990,898,23712,1256456,10593,48298670264150,48298670284532,48298670457812,48298692959474
102121,"void miso::kernels::moe_down_kernel<(miso::kernels::QType)1, 256>(miso::kernels::MoeDownParams) [clone .kd]",1,1,102425,1553930,1553930,30720,256,9728,0,108,0,32,64,0x0,0x73c6a4de3640,26.6169426221,98.3640002543,480,1.1996251172,1.1967761310,2316,26976,1014536,9600,48298670402950,48298670457812,48298670593812,48298692828045
102122,"void miso::kernels::add_rmsnorm_kernel<2048u, 512>(miso::kernels::AddRmsNormParams, unsigned int) [clone .kd]",1,1,102426,1553930,1553930,512,512,512,0,28,0,32,64,0x0,0x73c6a508d680,0.0426820322,98.7695312500,8,0.0000000000,0.4950098200,19,96,616,24,48298670548380,48298670593812,48298670702452,48298692670478
102123,"void miso::kernels::q4k_gemv_kernel<(miso::kernels::ActFormat)1, 2048u, 256, 4>(miso::kernels::Q4kGemvParams) [clone .kd]",1,1,102427,1553930,1553930,61440,256,0,0,72,0,48,64,0x0,0x73c6a5072f40,29.8368159643,95.9919492593,960,0.0000000000,11.4120495244,0,32384,1202640,0,48298670680656,48298670702452,48298670893491,48298692506592
102124,"void miso::kernels::deltanet_step_kernel<256>(miso::kernels::DeltaNetStepParams) [clone .kd]",1,1,102428,1553930,1553930,8192,256,3072,0,184,0,64,64,0x0,0x73c6a5051400,3.3180411025,99.7167266187,128,0.0000000000,1.4174212361,1634,9536,84096,7616,48298670842589,48298670893491,48298671008691,48298692315648
102125,"void miso::kernels::q4k_gemv_kernel<(miso::kernels::ActFormat)1, 4096u, 256, 4>(miso::kernels::Q4kGemvParams) [clone .kd]",1,1,102429,1553930,1553930,61440,256,0,0,112,0,48,64,0x0,0x73c6a5072fc0,13.2428994842,97.3204451533,960,0.0000000000,1.7508844722,0,16384,451392,0,48298670977914,48298671008691,48298671154771,48298692207922
102126,"void miso::kernels::add_rmsnorm_kernel<2048u, 512>(miso::kernels::AddRmsNormParams, unsigned int) [clone .kd]",1,1,102430,1553930,1553930,512,512,512,0,28,0,32,64,0x0,0x73c6a508d680,0.0436800437,98.7695312500,8,0.0000000000,0.4388198879,16,96,616,24,48298671116146,48298671154771,48298671267731,48298692093912
102127,"void miso::kernels::moe_router_kernel<256>(miso::kernels::MoeRouterParams) [clone .kd]",1,1,102431,1553930,1553930,16640,256,0,0,36,0,32,64,0x0,0x73c6a4de3580,1.6617870722,94.2115461618,260,0.0000000000,0.4700686948,0,3084,25709,0,48298671245970,48298671267731,48298671396850,48298691982252
102128,"void miso::kernels::moe_gate_up_kernel<256>(miso::kernels::MoeGateUpParams) [clone .kd]",1,1,102432,1553930,1553930,30720,256,512,0,64,0,48,64,0x0,0x73c6a4de35c0,30.0806925691,83.4110014550,480,0.0000000000,1.6416334487,679,23712,1256456,10593,48298671372723,48298671396850,48298671560850,48298691865193
102129,"void miso::kernels::moe_down_kernel<(miso::kernels::QType)0, 256>(miso::kernels::MoeDownParams) [clone .kd]",1,1,102433,1553930,1553930,30720,256,9728,0,84,0,32,64,0x0,0x73c6a4de3600,19.4354239718,96.6136193629,480,3.9797557563,0.7580421056,954,14688,667240,9600,48298671505757,48298671560850,48298671671730,48298691742101
102130,"void miso::kernels::add_rmsnorm_kernel<2048u, 512>(miso::kernels::AddRmsNormParams, unsigned int) [clone .kd]",1,1,102434,1553930,1553930,512,512,512,0,28,0,32,64,0x0,0x73c6a508d680,0.0453611170,98.7695312500,8,0.0000000000,0.5024657080,22,96,616,24,48298671628909,48298671671730,48298671774770,48298691626273
102131,"void miso::kernels::q4k_gemv_kernel<(miso::kernels::ActFormat)1, 2048u, 256, 4>(miso::kernels::Q4kGemvParams) [clone .kd]",1,1,102435,1553930,1553930,61440,256,0,0,72,0,48,64,0x0,0x73c6a5072f40,26.4235952960,95.9913189158,960,0.0000000000,9.0883593176,0,32384,1202640,0,48298671751930,48298671774770,48298672220368,48298691502018
102132,"void miso::kernels::deltanet_step_kernel<256>(miso::kernels::DeltaNetStepParams) [clone .kd]",1,1,102436,1553930,1553930,8192,256,3072,0,184,0,64,64,0x0,0x73c6a5051400,3.0994787747,99.7167266187,128,0.0000000000,1.5296892532,1436,9536,84096,7616,48298672159785,48298672220368,48298677759719,48298691329960
102133,"void miso::kernels::q4k_gemv_kernel<(miso::kernels::ActFormat)1, 4096u, 256, 4>(miso::kernels::Q4kGemvParams) [clone .kd]",1,1,102437,1553930,1553930,61440,256,0,0,112,0,48,64,0x0,0x73c6a5072fc0,13.0367881451,97.3208739211,960,0.0000000000,1.1916710769,0,16384,451392,0,48298677737243,48298677759719,48298677922118,48298691200389
102134,"void miso::kernels::add_rmsnorm_kernel<2048u, 512>(miso::kernels::AddRmsNormParams, unsigned int) [clone .kd]",1,1,102438,1553930,1553930,512,512,512,0,28,0,32,64,0x0,0x73c6a508d680,0.0425781042,98.7695312500,8,0.0000000000,0.3837970881,13,96,616,24,48298677882668,48298677922118,48298678040198,48298690973256
102135,"void miso::kernels::moe_router_kernel<256>(miso::kernels::MoeRouterParams) [clone .kd]",1,1,102439,1553930,1553930,16640,256,0,0,36,0,32,64,0x0,0x73c6a4de3580,1.5672177000,94.2115461618,260,0.0000000000,0.4464118944,0,3084,25709,0,48298678018840,48298678040198,48298678174758,48298690833642
102136,"void miso::kernels::moe_gate_up_kernel<256>(miso::kernels::MoeGateUpParams) [clone .kd]",1,1,102440,1553930,1553930,30720,256,512,0,64,0,48,64,0x0,0x73c6a4de35c0,29.9020104632,83.4043812704,480,0.0000000000,1.3453880435,678,23712,1256456,10593,48298678148829,48298678174758,48298678334278,48298690688093
102137,"void miso::kernels::moe_down_kernel<(miso::kernels::QType)0, 256>(miso::kernels::MoeDownParams) [clone .kd]",1,1,102441,1553930,1553930,30720,256,9728,0,84,0,32,64,0x0,0x73c6a4de3600,19.7130434275,96.6164816282,480,4.0367229659,0.8558241758,966,14688,667240,9600,48298678277238,48298678334278,48298678469317,48298690560301
102138,"void miso::kernels::add_rmsnorm_kernel<2048u, 512>(miso::kernels::AddRmsNormParams, unsigned int) [clone .kd]",1,1,102442,1553930,1553930,512,512,512,0,28,0,32,64,0x0,0x73c6a508d680,0.0409516131,98.7695312500,8,0.0000000000,0.4861192456,16,96,616,24,48298678426699,48298678469317,48298678572037,48298690426620
102139,"void miso::kernels::q6k_gemv_kernel<2048u, 256, 2>(miso::kernels::Q6kGemvParams) [clone .kd]",1,1,102443,1553930,1553930,122880,256,0,0,60,0,32,64,0x0,0x73c6a5073000,37.8425250110,97.7401822735,1920,0.0000000000,14.4307560925,0,48128,1430784,0,48298678549484,48298678572037,48298678731557,48298690298665
102140,"void miso::kernels::q4k_gemv_kernel<(miso::kernels::ActFormat)1, 2048u, 256, 4>(miso::kernels::Q4kGemvParams) [clone .kd]",1,1,102444,1553930,1553930,61440,256,0,0,72,0,48,64,0x0,0x73c6a5072f40,16.4694577494,96.7232963714,960,0.0000000000,4.3451388208,0,16000,496080,0,48298678682238,48298678731557,48298678845477,48298690123251
102141,"void miso::kernels::deltanet_step_kernel<256>(miso::kernels::DeltaNetStepParams) [clone .kd]",1,1,102445,1553930,1553930,8192,256,3072,0,184,0,64,64,0x0,0x73c6a5051400,3.2027188549,99.7167266187,128,0.0000000000,1.7596416402,1970,9536,84096,7616,48298678810535,48298678845477,48298678971236,48298689931746
102142,"void miso::kernels::q4k_gemv_kernel<(miso::kernels::ActFormat)1, 4096u, 256, 4>(miso::kernels::Q4kGemvParams) [clone .kd]",1,1,102446,1553930,1553930,61440,256,0,0,112,0,48,64,0x0,0x73c6a5072fc0,13.6081933403,97.3210883065,960,0.0000000000,1.1761637878,0,16384,451392,0,48298678937207,48298678971236,48298679116516,48298689790712
102143,"void miso::kernels::add_rmsnorm_kernel<2048u, 512>(miso::kernels::AddRmsNormParams, unsigned int) [clone .kd]",1,1,102447,1553930,1553930,512,512,512,0,28,0,32,64,0x0,0x73c6a508d680,0.0376368747,98.7695312500,8,0.0000000000,0.4565962431,20,96,616,24,48298679070228,48298679116516,48298679222916,48298689606750
102144,"void miso::kernels::moe_router_kernel<256>(miso::kernels::MoeRouterParams) [clone .kd]",1,1,102448,1553930,1553930,16640,256,0,0,36,0,32,64,0x0,0x73c6a4de3580,1.6256276734,94.2115461618,260,0.0000000000,0.4974504467,0,3084,25709,0,48298679200411,48298679222916,48298679372516,48298689431431
102145,"void miso::kernels::moe_gate_up_kernel<256>(miso::kernels::MoeGateUpParams) [clone .kd]",1,1,102449,1553930,1553930,30720,256,512,0,64,0,48,64,0x0,0x73c6a4de35c0,29.5864051969,83.4112925452,480,0.0000000000,1.5039141629,906,23712,1256456,10593,48298679349953,48298679372516,48298679630915,48298689285421
102146,"void miso::kernels::moe_down_kernel<(miso::kernels::QType)1, 256>(miso::kernels::MoeDownParams) [clone .kd]",1,1,102450,1553930,1553930,30720,256,9728,0,108,0,32,64,0x0,0x73c6a4de3640,27.1362941495,98.3589014957,480,1.2229688844,1.0703252624,2255,26976,1014536,9600,48298679570677,48298679630915,48298679841155,48298688991203
102147,"void miso::kernels::add_rmsnorm_kernel<2048u, 512>(miso::kernels::AddRmsNormParams, unsigned int) [clone .kd]",1,1,102451,1553930,1553930,512,512,512,0,28,0,32,64,0x0,0x73c6a508d680,0.0341650385,98.7695312500,8,0.0000000000,0.4512946448,19,96,616,24,48298679797047,48298679841155,48298682677310,48298688990397
102148,"void miso::kernels::q4k_gemv_kernel<(miso::kernels::ActFormat)1, 2048u, 256, 4>(miso::kernels::Q4kGemvParams) [clone .kd]",1,1,102452,1553930,1553930,61440,256,0,0,72,0,48,64,0x0,0x73c6a5072f40,15.9378822528,96.1701370351,960,0.0000000000,8.8539401846,0,25088,888000,0,48298682594335,48298682677310,48298682946590,48298703559716
102149,"void miso::kernels::q6k_gemv_kernel<2048u, 256, 1>(miso::kernels::Q6kGemvParams) [clone .kd]",1,1,102453,1553930,1553930,61440,256,0,0,60,0,32,64,0x0,0x73c6a5073040,5.6655663079,97.9819882139,960,0.0000000000,0.2997788040,0,6144,149312,0,48298682876988,48298682946590,48298683103869,48298703684152
102150,"void miso::kernels::attn_prep_kernel<256>(miso::kernels::AttnPrepParams) [clone .kd]",1,1,102454,1553930,1553930,4608,256,1536,0,28,0,64,64,0x0,0x73c6a5032400,0.3002014167,97.9857708255,72,0.0000000000,0.2187322280,93,170,4946,288,48298683075102,48298683103869,48298683288509,48298703794214
102151,"void miso::kernels::attn_split_kernel<256>(miso::kernels::AttnSplitParams) [clone .kd]",1,1,102455,1553930,1553930,4608,256,26112,0,96,0,48,64,0x0,0x73c6a5032440,2.3420962577,96.7522895087,72,0.4047811102,0.8462127986,5577,1136,75074,22824,48298683256302,48298683288509,48298683476029,48298703913107
102152,"void miso::kernels::attn_combine_kernel<256>(miso::kernels::AttnCombineParams) [clone .kd]",1,1,102456,1553930,1553930,4096,256,0,0,16,0,32,64,0x0,0x73c6a5032480,0.4528998256,99.4561464088,64,0.0000000000,0.1562919729,0,2368,9152,0,48298683436414,48298683476029,48298683638269,48298704110037
102153,"void miso::kernels::q4k_gemv_kernel<(miso::kernels::ActFormat)1, 4096u, 256, 4>(miso::kernels::Q4kGemvParams) [clone .kd]",1,1,102457,1553930,1553930,61440,256,0,0,112,0,48,64,0x0,0x73c6a5072fc0,5.9047890343,97.3198020086,960,0.0000000000,1.6527458565,0,16384,451392,0,48298683607707,48298683638269,48298683872028,48298705071598
102154,"void miso::kernels::add_rmsnorm_kernel<2048u, 512>(miso::kernels::AddRmsNormParams, unsigned int) [clone .kd]",1,1,102458,1553930,1553930,512,512,512,0,28,0,32,64,0x0,0x73c6a508d680,0.0432268871,98.7695312500,8,0.0000000000,0.9606559994,21,96,616,24,48298683796872,48298683872028,48298684092508,48298705197084
102155,"void miso::kernels::moe_router_kernel<256>(miso::kernels::MoeRouterParams) [clone .kd]",1,1,102459,1553930,1553930,16640,256,0,0,36,0,32,64,0x0,0x73c6a4de3580,1.5951312092,94.2115461618,260,0.0000000000,0.4074537361,0,3084,25709,0,48298684075878,48298684092508,48298684385147,48298705319478
102156,"void miso::kernels::moe_gate_up_kernel<256>(miso::kernels::MoeGateUpParams) [clone .kd]",1,1,102460,1553930,1553930,30720,256,512,0,64,0,48,64,0x0,0x73c6a4de35c0,27.4336566733,83.4014248844,480,0.0000000000,1.6679534195,771,23712,1256456,10593,48298684366639,48298684385147,48298684646267,48298705447848
102157,"void miso::kernels::moe_down_kernel<(miso::kernels::QType)1, 256>(miso::kernels::MoeDownParams) [clone .kd]",1,1,102461,1553930,1553930,30720,256,9728,0,108,0,32,64,0x0,0x73c6a4de3640,27.7224291920,98.3609216953,480,1.2494102718,1.0856478772,2383,26976,1014536,9600,48298684592473,48298684646267,48298684832667,48298705567058
102158,"void miso::kernels::add_rmsnorm_kernel<2048u, 512>(miso::kernels::AddRmsNormParams, unsigned int) [clone .kd]",1,1,102462,1553930,1553930,512,512,512,0,28,0,32,64,0x0,0x73c6a508d680,0.0427830365,98.7695312500,8,0.0000000000,0.4339211413,18,96,616,24,48298684786841,48298684832667,48298684949626,48298705693569
102159,"void miso::kernels::q6k_gemv_kernel<2048u, 256, 2>(miso::kernels::Q6kGemvParams) [clone .kd]",1,1,102463,1553930,1553930,122880,256,0,0,60,0,32,64,0x0,0x73c6a5073000,35.6554121152,97.7438389448,1920,0.0000000000,11.9345709403,0,48128,1430784,0,48298684928925,48298684949626,48298685157146,48298705816155
102160,"void miso::kernels::q4k_gemv_kernel<(miso::kernels::ActFormat)1, 2048u, 256, 4>(miso::kernels::Q4kGemvParams) [clone .kd]",1,1,102464,1553930,1553930,61440,256,0,0,72,0,48,64,0x0,0x73c6a5072f40,17.3822401587,96.7190519977,960,0.0000000000,4.1849447271,0,16000,496080,0,48298685109908,48298685157146,48298685290426,48298705942832
102161,"void miso::kernels::deltanet_step_kernel<256>(miso::kernels::DeltaNetStepParams) [clone .kd]",1,1,102465,1553930,1553930,8192,256,3072,0,184,0,64,64,0x0,0x73c6a5051400,3.2534597267,99.7167266187,128,0.0000000000,1.7939338685,1489,9536,84096,7616,48298685258037,48298685290426,48298685441785,48298706122205
102162,"void miso::kernels::q4k_gemv_kernel<(miso::kernels::ActFormat)1, 4096u, 256, 4>(miso::kernels::Q4kGemvParams) [clone .kd]",1,1,102466,1553930,1553930,61440,256,0,0,112,0,48,64,0x0,0x73c6a5072fc0,13.6501464389,97.3213026928,960,0.0000000000,2.0066417978,0,16384,451392,0,48298685402534,48298685441785,48298685595865,48298706286628
102163,"void miso::kernels::add_rmsnorm_kernel<2048u, 512>(miso::kernels::AddRmsNormParams, unsigned int) [clone .kd]",1,1,102467,1553930,1553930,512,512,512,0,28,0,32,64,0x0,0x73c6a508d680,0.0397490839,98.7695312500,8,0.0000000000,0.3888179055,15,96,616,24,48298685549900,48298685595865,48298685715065,48298706415096
102164,"void miso::kernels::moe_router_kernel<256>(miso::kernels::MoeRouterParams) [clone .kd]",1,1,102468,1553930,1553930,16640,256,0,0,36,0,32,64,0x0,0x73c6a4de3580,1.6451479334,94.2115461618,260,0.0000000000,0.4747865375,0,3084,25709,0,48298685694671,48298685715065,48298685864025,48298706533060
102165,"void miso::kernels::moe_gate_up_kernel<256>(miso::kernels::MoeGateUpParams) [clone .kd]",1,1,102469,1553930,1553930,30720,256,512,0,64,0,48,64,0x0,0x73c6a4de35c0,26.7421634798,83.4093511669,480,0.0000000000,2.2532352679,1080,23712,1256456,10593,48298685837179,48298685864025,48298686250744,48298706649900
102166,"void miso::kernels::moe_down_kernel<(miso::kernels::QType)1, 256>(miso::kernels::MoeDownParams) [clone .kd]",1,1,102470,1553930,1553930,30720,256,9728,0,108,0,32,64,0x0,0x73c6a4de3640,27.3973406650,98.3646737148,480,1.2348060969,1.6448512965,2171,26976,1014536,9600,48298686189907,48298686250744,48298686524664,48298706757967
102167,"void miso::kernels::add_rmsnorm_kernel<2048u, 512>(miso::kernels::AddRmsNormParams, unsigned int) [clone .kd]",1,1,102471,1553930,1553930,512,512,512,0,28,0,32,64,0x0,0x73c6a508d680,0.0412621046,98.7695312500,8,0.0000000000,0.4132728805,18,96,616,24,48298686478690,48298686524664,48298686658583,48298706919871
102168,"void miso::kernels::q6k_gemv_kernel<2048u, 256, 2>(miso::kernels::Q6kGemvParams) [clone .kd]",1,1,102472,1553930,1553930,122880,256,0,0,60,0,32,64,0x0,0x73c6a5073000,37.8552058746,97.7412657032,1920,0.0000000000,12.2651790348,0,48128,1430784,0,48298686637480,48298686658583,48298686835063,48298707079036
102169,"void miso::kernels::q4k_gemv_kernel<(miso::kernels::ActFormat)1, 2048u, 256, 4>(miso::kernels::Q4kGemvParams) [clone .kd]",1,1,102473,1553930,1553930,61440,256,0,0,72,0,48,64,0x0,0x73c6a5072f40,17.5621085376,96.7204024399,960,0.0000000000,5.5392108140,0,16000,496080,0,48298686788745,48298686835063,48298686960023,48298707315215
102170,"void miso::kernels::deltanet_step_kernel<256>(miso::kernels::DeltaNetStepParams) [clone .kd]",1,1,102474,1553930,1553930,8192,256,3072,0,184,0,64,64,0x0,0x73c6a5051400,3.3565758097,99.7167266187,128,0.0000000000,1.2851675062,1751,9536,84096,7616,48298686919549,48298686960023,48298687089303,48298707496025
102171,"void miso::kernels::q4k_gemv_kernel<(miso::kernels::ActFormat)1, 4096u, 256, 4>(miso::kernels::Q4kGemvParams) [clone .kd]",1,1,102475,1553930,1553930,61440,256,0,0,112,0,48,64,0x0,0x73c6a5072fc0,13.3092628752,97.3206595367,960,0.0000000000,1.8937364931,0,16384,451392,0,48298687057908,48298687089303,48298687240662,48298707620452
102172,"void miso::kernels::add_rmsnorm_kernel<2048u, 512>(miso::kernels::AddRmsNormParams, unsigned int) [clone .kd]",1,1,102476,1553930,1553930,512,512,512,0,28,0,32,64,0x0,0x73c6a508d680,0.0435676456,98.7695312500,8,0.0000000000,0.4073361444,16,96,616,24,48298687201509,48298687240662,48298687373462,48298707735143
102173,"void miso::kernels::moe_router_kernel<256>(miso::kernels::MoeRouterParams) [clone .kd]",1,1,102477,1553930,1553930,16640,256,0,0,36,0,32,64,0x0,0x73c6a4de3580,1.6088717099,94.2115461618,260,0.0000000000,0.4197958791,0,3084,25709,0,48298687344782,48298687373462,48298687543222,48298707853710
102174,"void miso::kernels::moe_gate_up_kernel<256>(miso::kernels::MoeGateUpParams) [clone .kd]",1,1,102478,1553930,1553930,30720,256,512,0,64,0,48,64,0x0,0x73c6a4de35c0,28.8382804278,83.4100531968,480,0.0000000000,1.3965497383,1050,23712,1256456,10593,48298687520240,48298687543222,48298687803861,48298707959193
102175,"void miso::kernels::moe_down_kernel<(miso::kernels::QType)1, 256>(miso::kernels::MoeDownParams) [clone .kd]",1,1,102479,1553930,1553930,30720,256,9728,0,108,0,32,64,0x0,0x73c6a4de3640,27.5211977324,98.3632305965,480,1.2403701730,1.3891864278,2318,26976,1014536,9600,48298687741747,48298687803861,48298687950581,48298708071308
102176,"void miso::kernels::add_rmsnorm_kernel<2048u, 512>(miso::kernels::AddRmsNormParams, unsigned int) [clone .kd]",1,1,102480,1553930,1553930,512,512,512,0,28,0,32,64,0x0,0x73c6a508d680,0.0442196612,98.7695312500,8,0.0000000000,0.4087525928,15,96,616,24,48298687900555,48298687950581,48298688052181,48298708186562
102177,"void miso::kernels::q6k_gemv_kernel<2048u, 256, 2>(miso::kernels::Q6kGemvParams) [clone .kd]",1,1,102481,1553930,1553930,122880,256,0,0,60,0,32,64,0x0,0x73c6a5073000,34.9846089709,97.7433649164,1920,0.0000000000,11.9438555224,0,48128,1430784,0,48298688031083,48298688052181,48298688220181,48298708302021
102178,"void miso::kernels::q4k_gemv_kernel<(miso::kernels::ActFormat)1, 2048u, 256, 4>(miso::kernels::Q4kGemvParams) [clone .kd]",1,1,102482,1553930,1553930,61440,256,0,0,72,0,48,64,0x0,0x73c6a5072f40,16.9214645902,96.7209812123,960,0.0000000000,5.5560829483,0,16000,496080,0,48298688165203,48298688220181,48298688451540,48298708708329
102179,"void miso::kernels::deltanet_step_kernel<256>(miso::kernels::DeltaNetStepParams) [clone .kd]",1,1,102483,1553930,1553930,8192,256,3072,0,184,0,64,64,0x0,0x73c6a5051400,3.1934752017,99.7167266187,128,0.0000000000,1.4019326077,1644,9536,84096,7616,48298688409076,48298688451540,48298688641620,48298708864449
102180,"void miso::kernels::q4k_gemv_kernel<(miso::kernels::ActFormat)1, 4096u, 256, 4>(miso::kernels::Q4kGemvParams) [clone .kd]",1,1,102484,1553930,1553930,61440,256,0,0,112,0,48,64,0x0,0x73c6a5072fc0,11.4975786680,97.3213026928,960,0.0000000000,0.9347215514,0,16384,451392,0,48298688613518,48298688641620,48298688922100,48298709131682
102181,"void miso::kernels::add_rmsnorm_kernel<2048u, 512>(miso::kernels::AddRmsNormParams, unsigned int) [clone .kd]",1,1,102485,1553930,1553930,512,512,512,0,28,0,32,64,0x0,0x73c6a508d680,0.0325540703,98.7695312500,8,0.0000000000,0.5106447295,16,96,616,24,48298688877572,48298688922100,48298689261619,48298710026540
102182,"void miso::kernels::moe_router_kernel<256>(miso::kernels::MoeRouterParams) [clone .kd]",1,1,102486,1553930,1553930,16640,256,0,0,36,0,32,64,0x0,0x73c6a4de3580,1.2611819703,94.2115461618,260,0.0000000000,0.4667867069,0,3084,25709,0,48298689236122,48298689261619,48298690226737,48298710174702
102183,"void miso::kernels::moe_gate_up_kernel<256>(miso::kernels::MoeGateUpParams) [clone .kd]",1,1,102487,1553930,1553930,30720,256,512,0,64,0,48,64,0x0,0x73c6a4de35c0,22.6549577129,83.4095421972,480,0.0000000000,1.6019202830,828,23712,1256456,10593,48298690205944,48298690226737,48298691486095,48298710327285
102184,"void miso::kernels::moe_down_kernel<(miso::kernels::QType)1, 256>(miso::kernels::MoeDownParams) [clone .kd]",1,1,102488,1553930,1553930,30720,256,9728,0,108,0,32,64,0x0,0x73c6a4de3640,26.0379357415,98.3634230098,480,1.1735224008,1.2537571198,2295,26976,1014536,9600,48298691420652,48298691486095,48298696487207,48298710461023
102185,"void miso::kernels::add_rmsnorm_kernel<2048u, 512>(miso::kernels::AddRmsNormParams, unsigned int) [clone .kd]",1,1,102489,1553930,1553930,512,512,512,0,28,0,32,64,0x0,0x73c6a508d680,0.0426036133,98.7695312500,8,0.0000000000,0.4494000933,20,96,616,24,48298696450859,48298696487207,48298696617446,48298710584103
102186,"void miso::kernels::q4k_gemv_kernel<(miso::kernels::ActFormat)1, 2048u, 256, 4>(miso::kernels::Q4kGemvParams) [clone .kd]",1,1,102490,1553930,1553930,61440,256,0,0,72,0,48,64,0x0,0x73c6a5072f40,24.1866427760,96.1740950809,960,0.0000000000,8.2378986080,0,25088,888000,0,48298696594451,48298696617446,48298696768966,48298710703010
102187,"void miso::kernels::q6k_gemv_kernel<2048u, 256, 1>(miso::kernels::Q6kGemvParams) [clone .kd]",1,1,102491,1553930,1553930,61440,256,0,0,60,0,32,64,0x0,0x73c6a5073040,8.9884966758,97.9872021711,960,0.0000000000,0.3810767611,0,6144,149312,0,48298696723505,48298696768966,48298696892486,48298710837606
102188,"void miso::kernels::attn_prep_kernel<256>(miso::kernels::AttnPrepParams) [clone .kd]",1,1,102492,1553930,1553930,4608,256,1536,0,28,0,64,64,0x0,0x73c6a5032400,0.3778556372,97.9857708255,72,0.0000000000,0.8049304733,85,170,4946,288,48298696868033,48298696892486,48298697048966,48298710981954
102189,"void miso::kernels::attn_split_kernel<256>(miso::kernels::AttnSplitParams) [clone .kd]",1,1,102493,1553930,1553930,4608,256,26112,0,96,0,48,64,0x0,0x73c6a5032440,2.8063585508,96.7522895087,72,0.4850188911,0.2200959155,5624,1136,75074,22824,48298697025595,48298697048966,48298697202085,48298711114014
102190,"void miso::kernels::attn_combine_kernel<256>(miso::kernels::AttnCombineParams) [clone .kd]",1,1,102494,1553930,1553930,4096,256,0,0,16,0,32,64,0x0,0x73c6a5032480,0.5031315421,99.4561464088,64,0.0000000000,0.1383187578,0,2368,9152,0,48298697163196,48298697202085,48298697337125,48298711239023
102191,"void miso::kernels::q4k_gemv_kernel<(miso::kernels::ActFormat)1, 4096u, 256, 4>(miso::kernels::Q4kGemvParams) [clone .kd]",1,1,102495,1553930,1553930,61440,256,0,0,112,0,48,64,0x0,0x73c6a5072fc0,13.3133904638,97.3213026928,960,0.0000000000,1.5264823298,0,16384,451392,0,48298697303914,48298697337125,48298697474885,48298711375555
102192,"void miso::kernels::add_rmsnorm_kernel<2048u, 512>(miso::kernels::AddRmsNormParams, unsigned int) [clone .kd]",1,1,102496,1553930,1553930,512,512,512,0,28,0,32,64,0x0,0x73c6a508d680,0.0443760314,98.7695312500,8,0.0000000000,0.5102910470,16,96,616,24,48298697433643,48298697474885,48298697586885,48298712073989
102193,"void miso::kernels::moe_router_kernel<256>(miso::kernels::MoeRouterParams) [clone .kd]",1,1,102497,1553930,1553930,16640,256,0,0,36,0,32,64,0x0,0x73c6a4de3580,1.6121357433,94.2115461618,260,0.0000000000,0.3533896559,0,3084,25709,0,48298697566117,48298697586885,48298697719365,48298711953639
102194,"void miso::kernels::moe_gate_up_kernel<256>(miso::kernels::MoeGateUpParams) [clone .kd]",1,1,102498,1553930,1553930,30720,256,512,0,64,0,48,64,0x0,0x73c6a4de35c0,29.5329049713,83.4043866399,480,0.0000000000,1.8549336236,670,23712,1256456,10593,48298697694561,48298697719365,48298697882884,48298711848230
102195,"void miso::kernels::moe_down_kernel<(miso::kernels::QType)1, 256>(miso::kernels::MoeDownParams) [clone .kd]",1,1,102499,1553930,1553930,30720,256,9728,0,108,0,32,64,0x0,0x73c6a4de3640,28.4214242429,98.3613065046,480,1.2809179912,1.6259647701,2178,26976,1014536,9600,48298697825713,48298697882884,48298697997444,48298711722853
102196,"void miso::kernels::add_rmsnorm_kernel<2048u, 512>(miso::kernels::AddRmsNormParams, unsigned int) [clone .kd]",1,1,102500,1553930,1553930,512,512,512,0,28,0,32,64,0x0,0x73c6a508d680,0.0433252099,98.7695312500,8,0.0000000000,0.4603028142,18,96,616,24,48298697952069,48298697997444,48298698109124,48298711617205
102197,"void miso::kernels::q6k_gemv_kernel<2048u, 256, 1>(miso::kernels::Q6kGemvParams) [clone .kd]",1,1,102501,1553930,1553930,491520,256,0,0,60,0,32,64,0x0,0x73c6a5073040,58.3084121998,95.9645953686,7680,0.0000000000,39.8718488444,0,1054720,35909120,0,48298698086747,48298698109124,48298698934883,48298711502383
102198,"void miso::kernels::argmax_partial_kernel<256>(miso::kernels::ArgmaxParams) [clone .kd]",1,1,102502,1553930,1553930,61440,256,2048,0,12,0,32,64,0x0,0x73c6a508d6c0,4.8240328170,90.2667614761,960,0.0000000000,7.3929927806,1919,4078,61249,10158,48298698220443,48298698934883,48298698966882,48298711376553
